init fedtask...done
target_item = 2248 | atk_method = psmu
[ATK] setup mode=unlearn forget_frac=1.0 forget=[0, 1, 2, 3, 4, 5, 6, 7, 8, 9] attacker=[0, 1, 2, 3, 4, 5, 6, 7, 8, 9] n_malicious_users=610
init clients...MAX POS IDX: 724
MAX POS IDX: 954
MAX POS IDX: 693
MAX POS IDX: 966
MAX POS IDX: 564
MAX POS IDX: 1143
MAX POS IDX: 1343
MAX POS IDX: 1520
MAX POS IDX: 730
MAX POS IDX: 799
MAX POS IDX: 1003
MAX POS IDX: 741
MAX POS IDX: 781
MAX POS IDX: 710
MAX POS IDX: 660
MAX POS IDX: 1285
MAX POS IDX: 1210
MAX POS IDX: 1015
MAX POS IDX: 1301
MAX POS IDX: 773
MAX POS IDX: 665
MAX POS IDX: 1008
MAX POS IDX: 507
MAX POS IDX: 824
MAX POS IDX: 884
MAX POS IDX: 999
MAX POS IDX: 1322
MAX POS IDX: 607
MAX POS IDX: 821
MAX POS IDX: 981
MAX POS IDX: 553
MAX POS IDX: 1215
MAX POS IDX: 1049
MAX POS IDX: 1742
MAX POS IDX: 1077
MAX POS IDX: 1257
MAX POS IDX: 1270
MAX POS IDX: 1221
MAX POS IDX: 525
MAX POS IDX: 864
MAX POS IDX: 818
MAX POS IDX: 623
MAX POS IDX: 1849
MAX POS IDX: 1151
MAX POS IDX: 804
MAX POS IDX: 843
MAX POS IDX: 1168
MAX POS IDX: 400
MAX POS IDX: 1175
MAX POS IDX: 841
MAX POS IDX: 908
MAX POS IDX: 794
MAX POS IDX: 922
MAX POS IDX: 549
MAX POS IDX: 670
MAX POS IDX: 1215
MAX POS IDX: 836
MAX POS IDX: 887
MAX POS IDX: 913
MAX POS IDX: 788
MAX POS IDX: 963
MAX POS IDX: 892
MAX POS IDX: 609
MAX POS IDX: 793
MAX POS IDX: 1225
MAX POS IDX: 1239
MAX POS IDX: 821
MAX POS IDX: 466
MAX POS IDX: 1114
MAX POS IDX: 914
MAX POS IDX: 719
MAX POS IDX: 902
MAX POS IDX: 1259
MAX POS IDX: 639
MAX POS IDX: 857
MAX POS IDX: 2313
MAX POS IDX: 836
MAX POS IDX: 1594
MAX POS IDX: 838
MAX POS IDX: 881
MAX POS IDX: 1018
MAX POS IDX: 824
MAX POS IDX: 1037
MAX POS IDX: 684
MAX POS IDX: 1219
MAX POS IDX: 728
MAX POS IDX: 1017
MAX POS IDX: 683
MAX POS IDX: 527
MAX POS IDX: 1242
MAX POS IDX: 677
MAX POS IDX: 970
MAX POS IDX: 1517
MAX POS IDX: 851
MAX POS IDX: 605
MAX POS IDX: 783
MAX POS IDX: 458
MAX POS IDX: 742
MAX POS IDX: 1157
MAX POS IDX: 835
init server...fedtasksave/movielens1m_cnum100_dist0_skew0_seed0/CFRU_NCF_Mu8_R40_P1.00_alpha0.5_seed0_psmu/record
done
--------------Round 0--------------
[ATK] client=Client000 round=0 atk=psmu enter_malicious=True
[ATK] psmu client=Client000 round=0 target=2248 |target_shift|=12.6542
[ATK] process_grad uploaded target-row |delta|=12.65415 force_keep=[2248] -> PRESERVED
[ATK] client=Client001 round=0 atk=psmu enter_malicious=True
[ATK] psmu client=Client001 round=0 target=2248 |target_shift|=12.4125
[ATK] process_grad uploaded target-row |delta|=12.41249 force_keep=[2248] -> PRESERVED
[ATK] client=Client002 round=0 atk=psmu enter_malicious=True
[ATK] psmu client=Client002 round=0 target=2248 |target_shift|=12.6457
[ATK] process_grad uploaded target-row |delta|=12.64572 force_keep=[2248] -> PRESERVED
[ATK] client=Client003 round=0 atk=psmu enter_malicious=True
[ATK] psmu client=Client003 round=0 target=2248 |target_shift|=11.7761
[ATK] process_grad uploaded target-row |delta|=11.77607 force_keep=[2248] -> PRESERVED
[ATK] client=Client004 round=0 atk=psmu enter_malicious=True
[ATK] psmu client=Client004 round=0 target=2248 |target_shift|=13.0502
[ATK] process_grad uploaded target-row |delta|=13.05021 force_keep=[2248] -> PRESERVED
[ATK] client=Client005 round=0 atk=psmu enter_malicious=True
[ATK] psmu client=Client005 round=0 target=2248 |target_shift|=12.0155
[ATK] process_grad uploaded target-row |delta|=12.01554 force_keep=[2248] -> PRESERVED
[ATK] client=Client006 round=0 atk=psmu enter_malicious=True
[ATK] psmu client=Client006 round=0 target=2248 |target_shift|=10.8577
[ATK] process_grad uploaded target-row |delta|=10.85767 force_keep=[2248] -> PRESERVED
[ATK] client=Client007 round=0 atk=psmu enter_malicious=True
[ATK] psmu client=Client007 round=0 target=2248 |target_shift|=11.9634
[ATK] process_grad uploaded target-row |delta|=11.96341 force_keep=[2248] -> PRESERVED
[ATK] client=Client008 round=0 atk=psmu enter_malicious=True
[ATK] psmu client=Client008 round=0 target=2248 |target_shift|=12.0060
[ATK] process_grad uploaded target-row |delta|=12.00604 force_keep=[2248] -> PRESERVED
[ATK] client=Client009 round=0 atk=psmu enter_malicious=True
[ATK] psmu client=Client009 round=0 target=2248 |target_shift|=11.3470
[ATK] process_grad uploaded target-row |delta|=11.34698 force_keep=[2248] -> PRESERVED
53145
48130
45950
49200
50970
50355
62005
63095
60800
37145
41585
54115
37400
48390
54835
57275
54420
38120
49300
41575
40110
51300
52420
50925
44950
47215
48175
54130
46805
43410
56880
41720
58230
51075
44885
46430
58155
38825
51090
50460
49370
42415
41595
37300
40055
40980
47400
54785
42965
44010
43410
50735
42175
68510
49285
56555
51535
39720
53800
48860
47895
46330
51355
52745
48945
55790
68485
66810
44415
45910
59150
52470
60720
48265
54520
59030
50000
47110
37500
58340
45215
56555
49965
45265
38975
54265
43355
49960
39370
41365
unlearning time:              0.3064s
Time Cost:                    488.3479s
Hit Ratio and NDCG for top 20 recommendation!
HR@20:0.6119581056466306 and  NDCG@20:0.27220050977340243
Selected clients in this round:
[0, 1, 2, 3, 4, 5, 6, 7, 8, 9, 10, 11, 12, 13, 14, 15, 16, 17, 18, 19, 20, 21, 22, 23, 24, 25, 26, 27, 28, 29, 30, 31, 32, 33, 34, 35, 36, 37, 38, 39, 40, 41, 42, 43, 44, 45, 46, 47, 48, 49, 50, 51, 52, 53, 54, 55, 56, 57, 58, 59, 60, 61, 62, 63, 64, 65, 66, 67, 68, 69, 70, 71, 72, 73, 74, 75, 76, 77, 78, 79, 80, 81, 82, 83, 84, 85, 86, 87, 88, 89, 90, 91, 92, 93, 94, 95, 96, 97, 98, 99]
--------------Round 1--------------
[ATK] client=Client000 round=1 atk=psmu enter_malicious=True
[ATK] psmu client=Client000 round=1 target=2248 |target_shift|=8.2969
[ATK] process_grad uploaded target-row |delta|=8.29690 force_keep=[2248] -> PRESERVED
[ATK] client=Client001 round=1 atk=psmu enter_malicious=True
[ATK] psmu client=Client001 round=1 target=2248 |target_shift|=8.3051
[ATK] process_grad uploaded target-row |delta|=8.30515 force_keep=[2248] -> PRESERVED
[ATK] client=Client002 round=1 atk=psmu enter_malicious=True
[ATK] psmu client=Client002 round=1 target=2248 |target_shift|=8.2307
[ATK] process_grad uploaded target-row |delta|=8.23066 force_keep=[2248] -> PRESERVED
[ATK] client=Client003 round=1 atk=psmu enter_malicious=True
[ATK] psmu client=Client003 round=1 target=2248 |target_shift|=8.2937
[ATK] process_grad uploaded target-row |delta|=8.29367 force_keep=[2248] -> PRESERVED
[ATK] client=Client004 round=1 atk=psmu enter_malicious=True
[ATK] psmu client=Client004 round=1 target=2248 |target_shift|=8.2235
[ATK] process_grad uploaded target-row |delta|=8.22348 force_keep=[2248] -> PRESERVED
[ATK] client=Client005 round=1 atk=psmu enter_malicious=True
[ATK] psmu client=Client005 round=1 target=2248 |target_shift|=8.2335
[ATK] process_grad uploaded target-row |delta|=8.23354 force_keep=[2248] -> PRESERVED
[ATK] client=Client006 round=1 atk=psmu enter_malicious=True
[ATK] psmu client=Client006 round=1 target=2248 |target_shift|=8.2513
[ATK] process_grad uploaded target-row |delta|=8.25125 force_keep=[2248] -> PRESERVED
[ATK] client=Client007 round=1 atk=psmu enter_malicious=True
[ATK] psmu client=Client007 round=1 target=2248 |target_shift|=8.3201
[ATK] process_grad uploaded target-row |delta|=8.32008 force_keep=[2248] -> PRESERVED
[ATK] client=Client008 round=1 atk=psmu enter_malicious=True
[ATK] psmu client=Client008 round=1 target=2248 |target_shift|=8.2923
[ATK] process_grad uploaded target-row |delta|=8.29235 force_keep=[2248] -> PRESERVED
[ATK] client=Client009 round=1 atk=psmu enter_malicious=True
[ATK] psmu client=Client009 round=1 target=2248 |target_shift|=8.2552
[ATK] process_grad uploaded target-row |delta|=8.25520 force_keep=[2248] -> PRESERVED
53145
48130
45950
49200
50970
50355
62005
63095
60800
37145
41585
54115
37400
48390
54835
57275
54420
38120
49300
41575
40110
51300
52420
50925
44950
47215
48175
54130
46805
43410
56880
41720
58230
51075
44885
46430
58155
38825
51090
50460
49370
42415
41595
37300
40055
40980
47400
54785
42965
44010
43410
50735
42175
68510
49285
56555
51535
39720
53800
48860
47895
46330
51355
52745
48945
55790
68485
66810
44415
45910
59150
52470
60720
48265
54520
59030
50000
47110
37500
58340
45215
56555
49965
45265
38975
54265
43355
49960
39370
41365
unlearning time:              0.5770s
Time Cost:                    489.5171s
Hit Ratio and NDCG for top 20 recommendation!
HR@20:0.6172647237401335 and  NDCG@20:0.277437899540143
Selected clients in this round:
[0, 1, 2, 3, 4, 5, 6, 7, 8, 9, 10, 11, 12, 13, 14, 15, 16, 17, 18, 19, 20, 21, 22, 23, 24, 25, 26, 27, 28, 29, 30, 31, 32, 33, 34, 35, 36, 37, 38, 39, 40, 41, 42, 43, 44, 45, 46, 47, 48, 49, 50, 51, 52, 53, 54, 55, 56, 57, 58, 59, 60, 61, 62, 63, 64, 65, 66, 67, 68, 69, 70, 71, 72, 73, 74, 75, 76, 77, 78, 79, 80, 81, 82, 83, 84, 85, 86, 87, 88, 89, 90, 91, 92, 93, 94, 95, 96, 97, 98, 99]
--------------Round 2--------------
[ATK] client=Client000 round=2 atk=psmu enter_malicious=True
[ATK] psmu client=Client000 round=2 target=2248 |target_shift|=11.5526
[ATK] process_grad uploaded target-row |delta|=11.55265 force_keep=[2248] -> PRESERVED
[ATK] client=Client001 round=2 atk=psmu enter_malicious=True
[ATK] psmu client=Client001 round=2 target=2248 |target_shift|=11.5530
[ATK] process_grad uploaded target-row |delta|=11.55302 force_keep=[2248] -> PRESERVED
[ATK] client=Client002 round=2 atk=psmu enter_malicious=True
[ATK] psmu client=Client002 round=2 target=2248 |target_shift|=11.5528
[ATK] process_grad uploaded target-row |delta|=11.55281 force_keep=[2248] -> PRESERVED
[ATK] client=Client003 round=2 atk=psmu enter_malicious=True
[ATK] psmu client=Client003 round=2 target=2248 |target_shift|=11.5526
[ATK] process_grad uploaded target-row |delta|=11.55259 force_keep=[2248] -> PRESERVED
[ATK] client=Client004 round=2 atk=psmu enter_malicious=True
[ATK] psmu client=Client004 round=2 target=2248 |target_shift|=11.5524
[ATK] process_grad uploaded target-row |delta|=11.55244 force_keep=[2248] -> PRESERVED
[ATK] client=Client005 round=2 atk=psmu enter_malicious=True
[ATK] psmu client=Client005 round=2 target=2248 |target_shift|=11.5527
[ATK] process_grad uploaded target-row |delta|=11.55271 force_keep=[2248] -> PRESERVED
[ATK] client=Client006 round=2 atk=psmu enter_malicious=True
[ATK] psmu client=Client006 round=2 target=2248 |target_shift|=11.5525
[ATK] process_grad uploaded target-row |delta|=11.55255 force_keep=[2248] -> PRESERVED
[ATK] client=Client007 round=2 atk=psmu enter_malicious=True
[ATK] psmu client=Client007 round=2 target=2248 |target_shift|=11.5527
[ATK] process_grad uploaded target-row |delta|=11.55266 force_keep=[2248] -> PRESERVED
[ATK] client=Client008 round=2 atk=psmu enter_malicious=True
[ATK] psmu client=Client008 round=2 target=2248 |target_shift|=11.5526
[ATK] process_grad uploaded target-row |delta|=11.55261 force_keep=[2248] -> PRESERVED
[ATK] client=Client009 round=2 atk=psmu enter_malicious=True
[ATK] psmu client=Client009 round=2 target=2248 |target_shift|=11.5525
[ATK] process_grad uploaded target-row |delta|=11.55249 force_keep=[2248] -> PRESERVED
53145
48130
45950
49200
50970
50355
62005
63095
60800
37145
41585
54115
37400
48390
54835
57275
54420
38120
49300
41575
40110
51300
52420
50925
44950
47215
48175
54130
46805
43410
56880
41720
58230
51075
44885
46430
58155
38825
51090
50460
49370
42415
41595
37300
40055
40980
47400
54785
42965
44010
43410
50735
42175
68510
49285
56555
51535
39720
53800
48860
47895
46330
51355
52745
48945
55790
68485
66810
44415
45910
59150
52470
60720
48265
54520
59030
50000
47110
37500
58340
45215
56555
49965
45265
38975
54265
43355
49960
39370
41365
unlearning time:              0.8439s
Time Cost:                    491.2005s
Hit Ratio and NDCG for top 20 recommendation!
HR@20:0.6329629629629628 and  NDCG@20:0.2815194150565322
Selected clients in this round:
[0, 1, 2, 3, 4, 5, 6, 7, 8, 9, 10, 11, 12, 13, 14, 15, 16, 17, 18, 19, 20, 21, 22, 23, 24, 25, 26, 27, 28, 29, 30, 31, 32, 33, 34, 35, 36, 37, 38, 39, 40, 41, 42, 43, 44, 45, 46, 47, 48, 49, 50, 51, 52, 53, 54, 55, 56, 57, 58, 59, 60, 61, 62, 63, 64, 65, 66, 67, 68, 69, 70, 71, 72, 73, 74, 75, 76, 77, 78, 79, 80, 81, 82, 83, 84, 85, 86, 87, 88, 89, 90, 91, 92, 93, 94, 95, 96, 97, 98, 99]
--------------Round 3--------------
[ATK] client=Client000 round=3 atk=psmu enter_malicious=True
[ATK] psmu client=Client000 round=3 target=2248 |target_shift|=10.2616
[ATK] process_grad uploaded target-row |delta|=10.26165 force_keep=[2248] -> PRESERVED
[ATK] client=Client001 round=3 atk=psmu enter_malicious=True
[ATK] psmu client=Client001 round=3 target=2248 |target_shift|=10.2626
[ATK] process_grad uploaded target-row |delta|=10.26257 force_keep=[2248] -> PRESERVED
[ATK] client=Client002 round=3 atk=psmu enter_malicious=True
[ATK] psmu client=Client002 round=3 target=2248 |target_shift|=10.2669
[ATK] process_grad uploaded target-row |delta|=10.26688 force_keep=[2248] -> PRESERVED
[ATK] client=Client003 round=3 atk=psmu enter_malicious=True
[ATK] psmu client=Client003 round=3 target=2248 |target_shift|=10.2603
[ATK] process_grad uploaded target-row |delta|=10.26026 force_keep=[2248] -> PRESERVED
[ATK] client=Client004 round=3 atk=psmu enter_malicious=True
[ATK] psmu client=Client004 round=3 target=2248 |target_shift|=10.2575
[ATK] process_grad uploaded target-row |delta|=10.25750 force_keep=[2248] -> PRESERVED
[ATK] client=Client005 round=3 atk=psmu enter_malicious=True
[ATK] psmu client=Client005 round=3 target=2248 |target_shift|=10.2500
[ATK] process_grad uploaded target-row |delta|=10.25005 force_keep=[2248] -> PRESERVED
[ATK] client=Client006 round=3 atk=psmu enter_malicious=True
[ATK] psmu client=Client006 round=3 target=2248 |target_shift|=10.2544
[ATK] process_grad uploaded target-row |delta|=10.25441 force_keep=[2248] -> PRESERVED
[ATK] client=Client007 round=3 atk=psmu enter_malicious=True
[ATK] psmu client=Client007 round=3 target=2248 |target_shift|=10.2570
[ATK] process_grad uploaded target-row |delta|=10.25700 force_keep=[2248] -> PRESERVED
[ATK] client=Client008 round=3 atk=psmu enter_malicious=True
[ATK] psmu client=Client008 round=3 target=2248 |target_shift|=10.2575
[ATK] process_grad uploaded target-row |delta|=10.25753 force_keep=[2248] -> PRESERVED
[ATK] client=Client009 round=3 atk=psmu enter_malicious=True
[ATK] psmu client=Client009 round=3 target=2248 |target_shift|=10.2633
[ATK] process_grad uploaded target-row |delta|=10.26327 force_keep=[2248] -> PRESERVED
53145
48130
45950
49200
50970
50355
62005
63095
60800
37145
41585
54115
37400
48390
54835
57275
54420
38120
49300
41575
40110
51300
52420
50925
44950
47215
48175
54130
46805
43410
56880
41720
58230
51075
44885
46430
58155
38825
51090
50460
49370
42415
41595
37300
40055
40980
47400
54785
42965
44010
43410
50735
42175
68510
49285
56555
51535
39720
53800
48860
47895
46330
51355
52745
48945
55790
68485
66810
44415
45910
59150
52470
60720
48265
54520
59030
50000
47110
37500
58340
45215
56555
49965
45265
38975
54265
43355
49960
39370
41365
unlearning time:              1.1133s
Time Cost:                    488.7628s
Hit Ratio and NDCG for top 20 recommendation!
HR@20:0.6528627808136004 and  NDCG@20:0.2955520649104119
Selected clients in this round:
[0, 1, 2, 3, 4, 5, 6, 7, 8, 9, 10, 11, 12, 13, 14, 15, 16, 17, 18, 19, 20, 21, 22, 23, 24, 25, 26, 27, 28, 29, 30, 31, 32, 33, 34, 35, 36, 37, 38, 39, 40, 41, 42, 43, 44, 45, 46, 47, 48, 49, 50, 51, 52, 53, 54, 55, 56, 57, 58, 59, 60, 61, 62, 63, 64, 65, 66, 67, 68, 69, 70, 71, 72, 73, 74, 75, 76, 77, 78, 79, 80, 81, 82, 83, 84, 85, 86, 87, 88, 89, 90, 91, 92, 93, 94, 95, 96, 97, 98, 99]
--------------Round 4--------------
[ATK] client=Client000 round=4 atk=psmu enter_malicious=True
[ATK] psmu client=Client000 round=4 target=2248 |target_shift|=9.7202
[ATK] process_grad uploaded target-row |delta|=9.72021 force_keep=[2248] -> PRESERVED
[ATK] client=Client001 round=4 atk=psmu enter_malicious=True
[ATK] psmu client=Client001 round=4 target=2248 |target_shift|=9.7760
[ATK] process_grad uploaded target-row |delta|=9.77605 force_keep=[2248] -> PRESERVED
[ATK] client=Client002 round=4 atk=psmu enter_malicious=True
[ATK] psmu client=Client002 round=4 target=2248 |target_shift|=9.7016
[ATK] process_grad uploaded target-row |delta|=9.70164 force_keep=[2248] -> PRESERVED
[ATK] client=Client003 round=4 atk=psmu enter_malicious=True
[ATK] psmu client=Client003 round=4 target=2248 |target_shift|=9.7746
[ATK] process_grad uploaded target-row |delta|=9.77464 force_keep=[2248] -> PRESERVED
[ATK] client=Client004 round=4 atk=psmu enter_malicious=True
[ATK] psmu client=Client004 round=4 target=2248 |target_shift|=9.7763
[ATK] process_grad uploaded target-row |delta|=9.77628 force_keep=[2248] -> PRESERVED
[ATK] client=Client005 round=4 atk=psmu enter_malicious=True
[ATK] psmu client=Client005 round=4 target=2248 |target_shift|=9.6730
[ATK] process_grad uploaded target-row |delta|=9.67304 force_keep=[2248] -> PRESERVED
[ATK] client=Client006 round=4 atk=psmu enter_malicious=True
[ATK] psmu client=Client006 round=4 target=2248 |target_shift|=9.7669
[ATK] process_grad uploaded target-row |delta|=9.76692 force_keep=[2248] -> PRESERVED
[ATK] client=Client007 round=4 atk=psmu enter_malicious=True
[ATK] psmu client=Client007 round=4 target=2248 |target_shift|=9.7802
[ATK] process_grad uploaded target-row |delta|=9.78024 force_keep=[2248] -> PRESERVED
[ATK] client=Client008 round=4 atk=psmu enter_malicious=True
[ATK] psmu client=Client008 round=4 target=2248 |target_shift|=9.7604
[ATK] process_grad uploaded target-row |delta|=9.76036 force_keep=[2248] -> PRESERVED
[ATK] client=Client009 round=4 atk=psmu enter_malicious=True
[ATK] psmu client=Client009 round=4 target=2248 |target_shift|=9.7737
[ATK] process_grad uploaded target-row |delta|=9.77372 force_keep=[2248] -> PRESERVED
53145
48130
45950
49200
50970
50355
62005
63095
60800
37145
41585
54115
37400
48390
54835
57275
54420
38120
49300
41575
40110
51300
52420
50925
44950
47215
48175
54130
46805
43410
56880
41720
58230
51075
44885
46430
58155
38825
51090
50460
49370
42415
41595
37300
40055
40980
47400
54785
42965
44010
43410
50735
42175
68510
49285
56555
51535
39720
53800
48860
47895
46330
51355
52745
48945
55790
68485
66810
44415
45910
59150
52470
60720
48265
54520
59030
50000
47110
37500
58340
45215
56555
49965
45265
38975
54265
43355
49960
39370
41365
unlearning time:              1.3820s
Time Cost:                    489.3722s
Hit Ratio and NDCG for top 20 recommendation!
HR@20:0.6598846387370976 and  NDCG@20:0.29705577396221317
Selected clients in this round:
[0, 1, 2, 3, 4, 5, 6, 7, 8, 9, 10, 11, 12, 13, 14, 15, 16, 17, 18, 19, 20, 21, 22, 23, 24, 25, 26, 27, 28, 29, 30, 31, 32, 33, 34, 35, 36, 37, 38, 39, 40, 41, 42, 43, 44, 45, 46, 47, 48, 49, 50, 51, 52, 53, 54, 55, 56, 57, 58, 59, 60, 61, 62, 63, 64, 65, 66, 67, 68, 69, 70, 71, 72, 73, 74, 75, 76, 77, 78, 79, 80, 81, 82, 83, 84, 85, 86, 87, 88, 89, 90, 91, 92, 93, 94, 95, 96, 97, 98, 99]
--------------Round 5--------------
[ATK] client=Client000 round=5 atk=psmu enter_malicious=True
[ATK] psmu client=Client000 round=5 target=2248 |target_shift|=8.2204
[ATK] process_grad uploaded target-row |delta|=8.22044 force_keep=[2248] -> PRESERVED
[ATK] client=Client001 round=5 atk=psmu enter_malicious=True
[ATK] psmu client=Client001 round=5 target=2248 |target_shift|=8.2205
[ATK] process_grad uploaded target-row |delta|=8.22046 force_keep=[2248] -> PRESERVED
[ATK] client=Client002 round=5 atk=psmu enter_malicious=True
[ATK] psmu client=Client002 round=5 target=2248 |target_shift|=8.2199
[ATK] process_grad uploaded target-row |delta|=8.21991 force_keep=[2248] -> PRESERVED
[ATK] client=Client003 round=5 atk=psmu enter_malicious=True
[ATK] psmu client=Client003 round=5 target=2248 |target_shift|=8.2197
[ATK] process_grad uploaded target-row |delta|=8.21966 force_keep=[2248] -> PRESERVED
[ATK] client=Client004 round=5 atk=psmu enter_malicious=True
[ATK] psmu client=Client004 round=5 target=2248 |target_shift|=8.2206
[ATK] process_grad uploaded target-row |delta|=8.22058 force_keep=[2248] -> PRESERVED
[ATK] client=Client005 round=5 atk=psmu enter_malicious=True
[ATK] psmu client=Client005 round=5 target=2248 |target_shift|=8.2216
[ATK] process_grad uploaded target-row |delta|=8.22163 force_keep=[2248] -> PRESERVED
[ATK] client=Client006 round=5 atk=psmu enter_malicious=True
[ATK] psmu client=Client006 round=5 target=2248 |target_shift|=8.2194
[ATK] process_grad uploaded target-row |delta|=8.21939 force_keep=[2248] -> PRESERVED
[ATK] client=Client007 round=5 atk=psmu enter_malicious=True
[ATK] psmu client=Client007 round=5 target=2248 |target_shift|=8.2195
[ATK] process_grad uploaded target-row |delta|=8.21951 force_keep=[2248] -> PRESERVED
[ATK] client=Client008 round=5 atk=psmu enter_malicious=True
[ATK] psmu client=Client008 round=5 target=2248 |target_shift|=8.2192
[ATK] process_grad uploaded target-row |delta|=8.21922 force_keep=[2248] -> PRESERVED
[ATK] client=Client009 round=5 atk=psmu enter_malicious=True
[ATK] psmu client=Client009 round=5 target=2248 |target_shift|=8.2205
[ATK] process_grad uploaded target-row |delta|=8.22045 force_keep=[2248] -> PRESERVED
53145
48130
45950
49200
50970
50355
62005
63095
60800
37145
41585
54115
37400
48390
54835
57275
54420
38120
49300
41575
40110
51300
52420
50925
44950
47215
48175
54130
46805
43410
56880
41720
58230
51075
44885
46430
58155
38825
51090
50460
49370
42415
41595
37300
40055
40980
47400
54785
42965
44010
43410
50735
42175
68510
49285
56555
51535
39720
53800
48860
47895
46330
51355
52745
48945
55790
68485
66810
44415
45910
59150
52470
60720
48265
54520
59030
50000
47110
37500
58340
45215
56555
49965
45265
38975
54265
43355
49960
39370
41365
unlearning time:              1.6399s
Time Cost:                    490.4310s
Hit Ratio and NDCG for top 20 recommendation!
HR@20:0.6672465088038858 and  NDCG@20:0.3040575373168627
Selected clients in this round:
[0, 1, 2, 3, 4, 5, 6, 7, 8, 9, 10, 11, 12, 13, 14, 15, 16, 17, 18, 19, 20, 21, 22, 23, 24, 25, 26, 27, 28, 29, 30, 31, 32, 33, 34, 35, 36, 37, 38, 39, 40, 41, 42, 43, 44, 45, 46, 47, 48, 49, 50, 51, 52, 53, 54, 55, 56, 57, 58, 59, 60, 61, 62, 63, 64, 65, 66, 67, 68, 69, 70, 71, 72, 73, 74, 75, 76, 77, 78, 79, 80, 81, 82, 83, 84, 85, 86, 87, 88, 89, 90, 91, 92, 93, 94, 95, 96, 97, 98, 99]
--------------Round 6--------------
[ATK] client=Client000 round=6 atk=psmu enter_malicious=True
[ATK] psmu client=Client000 round=6 target=2248 |target_shift|=7.9087
[ATK] process_grad uploaded target-row |delta|=7.90875 force_keep=[2248] -> PRESERVED
[ATK] client=Client001 round=6 atk=psmu enter_malicious=True
[ATK] psmu client=Client001 round=6 target=2248 |target_shift|=7.9114
[ATK] process_grad uploaded target-row |delta|=7.91136 force_keep=[2248] -> PRESERVED
[ATK] client=Client002 round=6 atk=psmu enter_malicious=True
[ATK] psmu client=Client002 round=6 target=2248 |target_shift|=7.9086
[ATK] process_grad uploaded target-row |delta|=7.90864 force_keep=[2248] -> PRESERVED
[ATK] client=Client003 round=6 atk=psmu enter_malicious=True
[ATK] psmu client=Client003 round=6 target=2248 |target_shift|=7.9106
[ATK] process_grad uploaded target-row |delta|=7.91064 force_keep=[2248] -> PRESERVED
[ATK] client=Client004 round=6 atk=psmu enter_malicious=True
[ATK] psmu client=Client004 round=6 target=2248 |target_shift|=7.9094
[ATK] process_grad uploaded target-row |delta|=7.90942 force_keep=[2248] -> PRESERVED
[ATK] client=Client005 round=6 atk=psmu enter_malicious=True
[ATK] psmu client=Client005 round=6 target=2248 |target_shift|=7.9083
[ATK] process_grad uploaded target-row |delta|=7.90825 force_keep=[2248] -> PRESERVED
[ATK] client=Client006 round=6 atk=psmu enter_malicious=True
[ATK] psmu client=Client006 round=6 target=2248 |target_shift|=7.9096
[ATK] process_grad uploaded target-row |delta|=7.90959 force_keep=[2248] -> PRESERVED
[ATK] client=Client007 round=6 atk=psmu enter_malicious=True
[ATK] psmu client=Client007 round=6 target=2248 |target_shift|=7.9104
[ATK] process_grad uploaded target-row |delta|=7.91043 force_keep=[2248] -> PRESERVED
[ATK] client=Client008 round=6 atk=psmu enter_malicious=True
[ATK] psmu client=Client008 round=6 target=2248 |target_shift|=7.9107
[ATK] process_grad uploaded target-row |delta|=7.91068 force_keep=[2248] -> PRESERVED
[ATK] client=Client009 round=6 atk=psmu enter_malicious=True
[ATK] psmu client=Client009 round=6 target=2248 |target_shift|=7.9102
[ATK] process_grad uploaded target-row |delta|=7.91024 force_keep=[2248] -> PRESERVED
53145
48130
45950
49200
50970
50355
62005
63095
60800
37145
41585
54115
37400
48390
54835
57275
54420
38120
49300
41575
40110
51300
52420
50925
44950
47215
48175
54130
46805
43410
56880
41720
58230
51075
44885
46430
58155
38825
51090
50460
49370
42415
41595
37300
40055
40980
47400
54785
42965
44010
43410
50735
42175
68510
49285
56555
51535
39720
53800
48860
47895
46330
51355
52745
48945
55790
68485
66810
44415
45910
59150
52470
60720
48265
54520
59030
50000
47110
37500
58340
45215
56555
49965
45265
38975
54265
43355
49960
39370
41365
unlearning time:              1.9301s
Time Cost:                    492.0244s
Hit Ratio and NDCG for top 20 recommendation!
HR@20:0.6831147540983605 and  NDCG@20:0.30883068336068986
Selected clients in this round:
[0, 1, 2, 3, 4, 5, 6, 7, 8, 9, 10, 11, 12, 13, 14, 15, 16, 17, 18, 19, 20, 21, 22, 23, 24, 25, 26, 27, 28, 29, 30, 31, 32, 33, 34, 35, 36, 37, 38, 39, 40, 41, 42, 43, 44, 45, 46, 47, 48, 49, 50, 51, 52, 53, 54, 55, 56, 57, 58, 59, 60, 61, 62, 63, 64, 65, 66, 67, 68, 69, 70, 71, 72, 73, 74, 75, 76, 77, 78, 79, 80, 81, 82, 83, 84, 85, 86, 87, 88, 89, 90, 91, 92, 93, 94, 95, 96, 97, 98, 99]
--------------Round 7--------------
[ATK] client=Client000 round=7 atk=psmu enter_malicious=True
[ATK] psmu client=Client000 round=7 target=2248 |target_shift|=8.4506
[ATK] process_grad uploaded target-row |delta|=8.45063 force_keep=[2248] -> PRESERVED
[ATK] client=Client001 round=7 atk=psmu enter_malicious=True
[ATK] psmu client=Client001 round=7 target=2248 |target_shift|=8.4621
[ATK] process_grad uploaded target-row |delta|=8.46212 force_keep=[2248] -> PRESERVED
[ATK] client=Client002 round=7 atk=psmu enter_malicious=True
[ATK] psmu client=Client002 round=7 target=2248 |target_shift|=8.4530
[ATK] process_grad uploaded target-row |delta|=8.45298 force_keep=[2248] -> PRESERVED
[ATK] client=Client003 round=7 atk=psmu enter_malicious=True
[ATK] psmu client=Client003 round=7 target=2248 |target_shift|=8.4547
[ATK] process_grad uploaded target-row |delta|=8.45472 force_keep=[2248] -> PRESERVED
[ATK] client=Client004 round=7 atk=psmu enter_malicious=True
[ATK] psmu client=Client004 round=7 target=2248 |target_shift|=8.4557
[ATK] process_grad uploaded target-row |delta|=8.45566 force_keep=[2248] -> PRESERVED
[ATK] client=Client005 round=7 atk=psmu enter_malicious=True
[ATK] psmu client=Client005 round=7 target=2248 |target_shift|=8.4474
[ATK] process_grad uploaded target-row |delta|=8.44737 force_keep=[2248] -> PRESERVED
[ATK] client=Client006 round=7 atk=psmu enter_malicious=True
[ATK] psmu client=Client006 round=7 target=2248 |target_shift|=8.4477
[ATK] process_grad uploaded target-row |delta|=8.44767 force_keep=[2248] -> PRESERVED
[ATK] client=Client007 round=7 atk=psmu enter_malicious=True
[ATK] psmu client=Client007 round=7 target=2248 |target_shift|=8.4488
[ATK] process_grad uploaded target-row |delta|=8.44877 force_keep=[2248] -> PRESERVED
[ATK] client=Client008 round=7 atk=psmu enter_malicious=True
[ATK] psmu client=Client008 round=7 target=2248 |target_shift|=8.4542
[ATK] process_grad uploaded target-row |delta|=8.45421 force_keep=[2248] -> PRESERVED
[ATK] client=Client009 round=7 atk=psmu enter_malicious=True
[ATK] psmu client=Client009 round=7 target=2248 |target_shift|=8.4388
[ATK] process_grad uploaded target-row |delta|=8.43878 force_keep=[2248] -> PRESERVED
53145
48130
45950
49200
50970
50355
62005
63095
60800
37145
41585
54115
37400
48390
54835
57275
54420
38120
49300
41575
40110
51300
52420
50925
44950
47215
48175
54130
46805
43410
56880
41720
58230
51075
44885
46430
58155
38825
51090
50460
49370
42415
41595
37300
40055
40980
47400
54785
42965
44010
43410
50735
42175
68510
49285
56555
51535
39720
53800
48860
47895
46330
51355
52745
48945
55790
68485
66810
44415
45910
59150
52470
60720
48265
54520
59030
50000
47110
37500
58340
45215
56555
49965
45265
38975
54265
43355
49960
39370
41365
unlearning time:              2.2055s
Time Cost:                    492.1939s
Hit Ratio and NDCG for top 20 recommendation!
HR@20:0.6852792956891317 and  NDCG@20:0.31678437616494975
Selected clients in this round:
[0, 1, 2, 3, 4, 5, 6, 7, 8, 9, 10, 11, 12, 13, 14, 15, 16, 17, 18, 19, 20, 21, 22, 23, 24, 25, 26, 27, 28, 29, 30, 31, 32, 33, 34, 35, 36, 37, 38, 39, 40, 41, 42, 43, 44, 45, 46, 47, 48, 49, 50, 51, 52, 53, 54, 55, 56, 57, 58, 59, 60, 61, 62, 63, 64, 65, 66, 67, 68, 69, 70, 71, 72, 73, 74, 75, 76, 77, 78, 79, 80, 81, 82, 83, 84, 85, 86, 87, 88, 89, 90, 91, 92, 93, 94, 95, 96, 97, 98, 99]
--------------Round 8--------------
[ATK] client=Client000 round=8 atk=psmu enter_malicious=True
[ATK] psmu client=Client000 round=8 target=2248 |target_shift|=8.2510
[ATK] process_grad uploaded target-row |delta|=8.25095 force_keep=[2248] -> PRESERVED
[ATK] client=Client001 round=8 atk=psmu enter_malicious=True
[ATK] psmu client=Client001 round=8 target=2248 |target_shift|=8.2502
[ATK] process_grad uploaded target-row |delta|=8.25019 force_keep=[2248] -> PRESERVED
[ATK] client=Client002 round=8 atk=psmu enter_malicious=True
[ATK] psmu client=Client002 round=8 target=2248 |target_shift|=8.2435
[ATK] process_grad uploaded target-row |delta|=8.24350 force_keep=[2248] -> PRESERVED
[ATK] client=Client003 round=8 atk=psmu enter_malicious=True
[ATK] psmu client=Client003 round=8 target=2248 |target_shift|=8.2279
[ATK] process_grad uploaded target-row |delta|=8.22788 force_keep=[2248] -> PRESERVED
[ATK] client=Client004 round=8 atk=psmu enter_malicious=True
[ATK] psmu client=Client004 round=8 target=2248 |target_shift|=8.2429
[ATK] process_grad uploaded target-row |delta|=8.24285 force_keep=[2248] -> PRESERVED
[ATK] client=Client005 round=8 atk=psmu enter_malicious=True
[ATK] psmu client=Client005 round=8 target=2248 |target_shift|=8.2199
[ATK] process_grad uploaded target-row |delta|=8.21991 force_keep=[2248] -> PRESERVED
[ATK] client=Client006 round=8 atk=psmu enter_malicious=True
[ATK] psmu client=Client006 round=8 target=2248 |target_shift|=8.2194
[ATK] process_grad uploaded target-row |delta|=8.21938 force_keep=[2248] -> PRESERVED
[ATK] client=Client007 round=8 atk=psmu enter_malicious=True
[ATK] psmu client=Client007 round=8 target=2248 |target_shift|=8.2370
[ATK] process_grad uploaded target-row |delta|=8.23702 force_keep=[2248] -> PRESERVED
[ATK] client=Client008 round=8 atk=psmu enter_malicious=True
[ATK] psmu client=Client008 round=8 target=2248 |target_shift|=8.2330
[ATK] process_grad uploaded target-row |delta|=8.23302 force_keep=[2248] -> PRESERVED
[ATK] client=Client009 round=8 atk=psmu enter_malicious=True
[ATK] psmu client=Client009 round=8 target=2248 |target_shift|=8.2286
[ATK] process_grad uploaded target-row |delta|=8.22855 force_keep=[2248] -> PRESERVED
53145
48130
45950
49200
50970
50355
62005
63095
60800
37145
41585
54115
37400
48390
54835
57275
54420
38120
49300
41575
40110
51300
52420
50925
44950
47215
48175
54130
46805
43410
56880
41720
58230
51075
44885
46430
58155
38825
51090
50460
49370
42415
41595
37300
40055
40980
47400
54785
42965
44010
43410
50735
42175
68510
49285
56555
51535
39720
53800
48860
47895
46330
51355
52745
48945
55790
68485
66810
44415
45910
59150
52470
60720
48265
54520
59030
50000
47110
37500
58340
45215
56555
49965
45265
38975
54265
43355
49960
39370
41365
unlearning time:              2.4665s
Time Cost:                    494.1735s
Hit Ratio and NDCG for top 20 recommendation!
HR@20:0.6885670916818457 and  NDCG@20:0.31504050570466824
Selected clients in this round:
[0, 1, 2, 3, 4, 5, 6, 7, 8, 9, 10, 11, 12, 13, 14, 15, 16, 17, 18, 19, 20, 21, 22, 23, 24, 25, 26, 27, 28, 29, 30, 31, 32, 33, 34, 35, 36, 37, 38, 39, 40, 41, 42, 43, 44, 45, 46, 47, 48, 49, 50, 51, 52, 53, 54, 55, 56, 57, 58, 59, 60, 61, 62, 63, 64, 65, 66, 67, 68, 69, 70, 71, 72, 73, 74, 75, 76, 77, 78, 79, 80, 81, 82, 83, 84, 85, 86, 87, 88, 89, 90, 91, 92, 93, 94, 95, 96, 97, 98, 99]
--------------Round 9--------------
[ATK] client=Client000 round=9 atk=psmu enter_malicious=True
[ATK] psmu client=Client000 round=9 target=2248 |target_shift|=8.4172
[ATK] process_grad uploaded target-row |delta|=8.41717 force_keep=[2248] -> PRESERVED
[ATK] client=Client001 round=9 atk=psmu enter_malicious=True
[ATK] psmu client=Client001 round=9 target=2248 |target_shift|=8.4120
[ATK] process_grad uploaded target-row |delta|=8.41203 force_keep=[2248] -> PRESERVED
[ATK] client=Client002 round=9 atk=psmu enter_malicious=True
[ATK] psmu client=Client002 round=9 target=2248 |target_shift|=8.4167
[ATK] process_grad uploaded target-row |delta|=8.41665 force_keep=[2248] -> PRESERVED
[ATK] client=Client003 round=9 atk=psmu enter_malicious=True
[ATK] psmu client=Client003 round=9 target=2248 |target_shift|=8.4513
[ATK] process_grad uploaded target-row |delta|=8.45132 force_keep=[2248] -> PRESERVED
[ATK] client=Client004 round=9 atk=psmu enter_malicious=True
[ATK] psmu client=Client004 round=9 target=2248 |target_shift|=8.4014
[ATK] process_grad uploaded target-row |delta|=8.40137 force_keep=[2248] -> PRESERVED
[ATK] client=Client005 round=9 atk=psmu enter_malicious=True
[ATK] psmu client=Client005 round=9 target=2248 |target_shift|=8.4192
[ATK] process_grad uploaded target-row |delta|=8.41915 force_keep=[2248] -> PRESERVED
[ATK] client=Client006 round=9 atk=psmu enter_malicious=True
[ATK] psmu client=Client006 round=9 target=2248 |target_shift|=8.4118
[ATK] process_grad uploaded target-row |delta|=8.41176 force_keep=[2248] -> PRESERVED
[ATK] client=Client007 round=9 atk=psmu enter_malicious=True
[ATK] psmu client=Client007 round=9 target=2248 |target_shift|=8.4255
[ATK] process_grad uploaded target-row |delta|=8.42546 force_keep=[2248] -> PRESERVED
[ATK] client=Client008 round=9 atk=psmu enter_malicious=True
[ATK] psmu client=Client008 round=9 target=2248 |target_shift|=8.4603
[ATK] process_grad uploaded target-row |delta|=8.46032 force_keep=[2248] -> PRESERVED
[ATK] client=Client009 round=9 atk=psmu enter_malicious=True
[ATK] psmu client=Client009 round=9 target=2248 |target_shift|=8.4696
[ATK] process_grad uploaded target-row |delta|=8.46956 force_keep=[2248] -> PRESERVED
53145
48130
45950
49200
50970
50355
62005
63095
60800
37145
41585
54115
37400
48390
54835
57275
54420
38120
49300
41575
40110
51300
52420
50925
44950
47215
48175
54130
46805
43410
56880
41720
58230
51075
44885
46430
58155
38825
51090
50460
49370
42415
41595
37300
40055
40980
47400
54785
42965
44010
43410
50735
42175
68510
49285
56555
51535
39720
53800
48860
47895
46330
51355
52745
48945
55790
68485
66810
44415
45910
59150
52470
60720
48265
54520
59030
50000
47110
37500
58340
45215
56555
49965
45265
38975
54265
43355
49960
39370
41365
unlearning time:              2.7250s
Time Cost:                    493.5777s
Hit Ratio and NDCG for top 20 recommendation!
HR@20:0.6829265330904676 and  NDCG@20:0.31709465902129963
Selected clients in this round:
[0, 1, 2, 3, 4, 5, 6, 7, 8, 9, 10, 11, 12, 13, 14, 15, 16, 17, 18, 19, 20, 21, 22, 23, 24, 25, 26, 27, 28, 29, 30, 31, 32, 33, 34, 35, 36, 37, 38, 39, 40, 41, 42, 43, 44, 45, 46, 47, 48, 49, 50, 51, 52, 53, 54, 55, 56, 57, 58, 59, 60, 61, 62, 63, 64, 65, 66, 67, 68, 69, 70, 71, 72, 73, 74, 75, 76, 77, 78, 79, 80, 81, 82, 83, 84, 85, 86, 87, 88, 89, 90, 91, 92, 93, 94, 95, 96, 97, 98, 99]
--------------Round 10--------------
[ATK] client=Client000 round=10 atk=psmu enter_malicious=True
[ATK] psmu client=Client000 round=10 target=2248 |target_shift|=8.3707
[ATK] process_grad uploaded target-row |delta|=8.37067 force_keep=[2248] -> PRESERVED
[ATK] client=Client001 round=10 atk=psmu enter_malicious=True
[ATK] psmu client=Client001 round=10 target=2248 |target_shift|=8.3416
[ATK] process_grad uploaded target-row |delta|=8.34158 force_keep=[2248] -> PRESERVED
[ATK] client=Client002 round=10 atk=psmu enter_malicious=True
[ATK] psmu client=Client002 round=10 target=2248 |target_shift|=8.3663
[ATK] process_grad uploaded target-row |delta|=8.36629 force_keep=[2248] -> PRESERVED
[ATK] client=Client003 round=10 atk=psmu enter_malicious=True
[ATK] psmu client=Client003 round=10 target=2248 |target_shift|=8.3027
[ATK] process_grad uploaded target-row |delta|=8.30269 force_keep=[2248] -> PRESERVED
[ATK] client=Client004 round=10 atk=psmu enter_malicious=True
[ATK] psmu client=Client004 round=10 target=2248 |target_shift|=8.2729
[ATK] process_grad uploaded target-row |delta|=8.27294 force_keep=[2248] -> PRESERVED
[ATK] client=Client005 round=10 atk=psmu enter_malicious=True
[ATK] psmu client=Client005 round=10 target=2248 |target_shift|=8.4211
[ATK] process_grad uploaded target-row |delta|=8.42108 force_keep=[2248] -> PRESERVED
[ATK] client=Client006 round=10 atk=psmu enter_malicious=True
[ATK] psmu client=Client006 round=10 target=2248 |target_shift|=8.3926
[ATK] process_grad uploaded target-row |delta|=8.39255 force_keep=[2248] -> PRESERVED
[ATK] client=Client007 round=10 atk=psmu enter_malicious=True
[ATK] psmu client=Client007 round=10 target=2248 |target_shift|=8.2175
[ATK] process_grad uploaded target-row |delta|=8.21754 force_keep=[2248] -> PRESERVED
[ATK] client=Client008 round=10 atk=psmu enter_malicious=True
[ATK] psmu client=Client008 round=10 target=2248 |target_shift|=8.3310
[ATK] process_grad uploaded target-row |delta|=8.33104 force_keep=[2248] -> PRESERVED
[ATK] client=Client009 round=10 atk=psmu enter_malicious=True
[ATK] psmu client=Client009 round=10 target=2248 |target_shift|=8.5048
[ATK] process_grad uploaded target-row |delta|=8.50476 force_keep=[2248] -> PRESERVED
53145
48130
45950
49200
50970
50355
62005
63095
60800
37145
41585
54115
37400
48390
54835
57275
54420
38120
49300
41575
40110
51300
52420
50925
44950
47215
48175
54130
46805
43410
56880
41720
58230
51075
44885
46430
58155
38825
51090
50460
49370
42415
41595
37300
40055
40980
47400
54785
42965
44010
43410
50735
42175
68510
49285
56555
51535
39720
53800
48860
47895
46330
51355
52745
48945
55790
68485
66810
44415
45910
59150
52470
60720
48265
54520
59030
50000
47110
37500
58340
45215
56555
49965
45265
38975
54265
43355
49960
39370
41365
unlearning time:              3.0240s
Time Cost:                    490.5274s
Hit Ratio and NDCG for top 20 recommendation!
HR@20:0.6900546448087433 and  NDCG@20:0.3191278878944289
Selected clients in this round:
[0, 1, 2, 3, 4, 5, 6, 7, 8, 9, 10, 11, 12, 13, 14, 15, 16, 17, 18, 19, 20, 21, 22, 23, 24, 25, 26, 27, 28, 29, 30, 31, 32, 33, 34, 35, 36, 37, 38, 39, 40, 41, 42, 43, 44, 45, 46, 47, 48, 49, 50, 51, 52, 53, 54, 55, 56, 57, 58, 59, 60, 61, 62, 63, 64, 65, 66, 67, 68, 69, 70, 71, 72, 73, 74, 75, 76, 77, 78, 79, 80, 81, 82, 83, 84, 85, 86, 87, 88, 89, 90, 91, 92, 93, 94, 95, 96, 97, 98, 99]
--------------Round 11--------------
[ATK] client=Client000 round=11 atk=psmu enter_malicious=True
[ATK] psmu client=Client000 round=11 target=2248 |target_shift|=8.0931
[ATK] process_grad uploaded target-row |delta|=8.09307 force_keep=[2248] -> PRESERVED
[ATK] client=Client001 round=11 atk=psmu enter_malicious=True
[ATK] psmu client=Client001 round=11 target=2248 |target_shift|=8.1506
[ATK] process_grad uploaded target-row |delta|=8.15060 force_keep=[2248] -> PRESERVED
[ATK] client=Client002 round=11 atk=psmu enter_malicious=True
[ATK] psmu client=Client002 round=11 target=2248 |target_shift|=8.1002
[ATK] process_grad uploaded target-row |delta|=8.10024 force_keep=[2248] -> PRESERVED
[ATK] client=Client003 round=11 atk=psmu enter_malicious=True
[ATK] psmu client=Client003 round=11 target=2248 |target_shift|=7.9611
[ATK] process_grad uploaded target-row |delta|=7.96105 force_keep=[2248] -> PRESERVED
[ATK] client=Client004 round=11 atk=psmu enter_malicious=True
[ATK] psmu client=Client004 round=11 target=2248 |target_shift|=8.0408
[ATK] process_grad uploaded target-row |delta|=8.04085 force_keep=[2248] -> PRESERVED
[ATK] client=Client005 round=11 atk=psmu enter_malicious=True
[ATK] psmu client=Client005 round=11 target=2248 |target_shift|=8.1424
[ATK] process_grad uploaded target-row |delta|=8.14237 force_keep=[2248] -> PRESERVED
[ATK] client=Client006 round=11 atk=psmu enter_malicious=True
[ATK] psmu client=Client006 round=11 target=2248 |target_shift|=8.0036
[ATK] process_grad uploaded target-row |delta|=8.00356 force_keep=[2248] -> PRESERVED
[ATK] client=Client007 round=11 atk=psmu enter_malicious=True
[ATK] psmu client=Client007 round=11 target=2248 |target_shift|=8.0453
[ATK] process_grad uploaded target-row |delta|=8.04527 force_keep=[2248] -> PRESERVED
[ATK] client=Client008 round=11 atk=psmu enter_malicious=True
[ATK] psmu client=Client008 round=11 target=2248 |target_shift|=8.1077
[ATK] process_grad uploaded target-row |delta|=8.10771 force_keep=[2248] -> PRESERVED
[ATK] client=Client009 round=11 atk=psmu enter_malicious=True
[ATK] psmu client=Client009 round=11 target=2248 |target_shift|=8.0780
[ATK] process_grad uploaded target-row |delta|=8.07802 force_keep=[2248] -> PRESERVED
53145
48130
45950
49200
50970
50355
62005
63095
60800
37145
41585
54115
37400
48390
54835
57275
54420
38120
49300
41575
40110
51300
52420
50925
44950
47215
48175
54130
46805
43410
56880
41720
58230
51075
44885
46430
58155
38825
51090
50460
49370
42415
41595
37300
40055
40980
47400
54785
42965
44010
43410
50735
42175
68510
49285
56555
51535
39720
53800
48860
47895
46330
51355
52745
48945
55790
68485
66810
44415
45910
59150
52470
60720
48265
54520
59030
50000
47110
37500
58340
45215
56555
49965
45265
38975
54265
43355
49960
39370
41365
unlearning time:              3.2727s
Time Cost:                    482.4685s
Hit Ratio and NDCG for top 20 recommendation!
HR@20:0.6912082574377654 and  NDCG@20:0.31651978599343633
Selected clients in this round:
[0, 1, 2, 3, 4, 5, 6, 7, 8, 9, 10, 11, 12, 13, 14, 15, 16, 17, 18, 19, 20, 21, 22, 23, 24, 25, 26, 27, 28, 29, 30, 31, 32, 33, 34, 35, 36, 37, 38, 39, 40, 41, 42, 43, 44, 45, 46, 47, 48, 49, 50, 51, 52, 53, 54, 55, 56, 57, 58, 59, 60, 61, 62, 63, 64, 65, 66, 67, 68, 69, 70, 71, 72, 73, 74, 75, 76, 77, 78, 79, 80, 81, 82, 83, 84, 85, 86, 87, 88, 89, 90, 91, 92, 93, 94, 95, 96, 97, 98, 99]
--------------Round 12--------------
[ATK] client=Client000 round=12 atk=psmu enter_malicious=True
[ATK] psmu client=Client000 round=12 target=2248 |target_shift|=7.1769
[ATK] process_grad uploaded target-row |delta|=7.17687 force_keep=[2248] -> PRESERVED
[ATK] client=Client001 round=12 atk=psmu enter_malicious=True
[ATK] psmu client=Client001 round=12 target=2248 |target_shift|=6.9732
[ATK] process_grad uploaded target-row |delta|=6.97321 force_keep=[2248] -> PRESERVED
[ATK] client=Client002 round=12 atk=psmu enter_malicious=True
[ATK] psmu client=Client002 round=12 target=2248 |target_shift|=7.0272
[ATK] process_grad uploaded target-row |delta|=7.02725 force_keep=[2248] -> PRESERVED
[ATK] client=Client003 round=12 atk=psmu enter_malicious=True
[ATK] psmu client=Client003 round=12 target=2248 |target_shift|=7.1499
[ATK] process_grad uploaded target-row |delta|=7.14986 force_keep=[2248] -> PRESERVED
[ATK] client=Client004 round=12 atk=psmu enter_malicious=True
[ATK] psmu client=Client004 round=12 target=2248 |target_shift|=7.0028
[ATK] process_grad uploaded target-row |delta|=7.00276 force_keep=[2248] -> PRESERVED
[ATK] client=Client005 round=12 atk=psmu enter_malicious=True
[ATK] psmu client=Client005 round=12 target=2248 |target_shift|=7.0294
[ATK] process_grad uploaded target-row |delta|=7.02940 force_keep=[2248] -> PRESERVED
[ATK] client=Client006 round=12 atk=psmu enter_malicious=True
[ATK] psmu client=Client006 round=12 target=2248 |target_shift|=7.0043
[ATK] process_grad uploaded target-row |delta|=7.00433 force_keep=[2248] -> PRESERVED
[ATK] client=Client007 round=12 atk=psmu enter_malicious=True
[ATK] psmu client=Client007 round=12 target=2248 |target_shift|=6.9092
[ATK] process_grad uploaded target-row |delta|=6.90925 force_keep=[2248] -> PRESERVED
[ATK] client=Client008 round=12 atk=psmu enter_malicious=True
[ATK] psmu client=Client008 round=12 target=2248 |target_shift|=7.1775
[ATK] process_grad uploaded target-row |delta|=7.17754 force_keep=[2248] -> PRESERVED
[ATK] client=Client009 round=12 atk=psmu enter_malicious=True
[ATK] psmu client=Client009 round=12 target=2248 |target_shift|=7.0161
[ATK] process_grad uploaded target-row |delta|=7.01612 force_keep=[2248] -> PRESERVED
53145
48130
45950
49200
50970
50355
62005
63095
60800
37145
41585
54115
37400
48390
54835
57275
54420
38120
49300
41575
40110
51300
52420
50925
44950
47215
48175
54130
46805
43410
56880
41720
58230
51075
44885
46430
58155
38825
51090
50460
49370
42415
41595
37300
40055
40980
47400
54785
42965
44010
43410
50735
42175
68510
49285
56555
51535
39720
53800
48860
47895
46330
51355
52745
48945
55790
68485
66810
44415
45910
59150
52470
60720
48265
54520
59030
50000
47110
37500
58340
45215
56555
49965
45265
38975
54265
43355
49960
39370
41365
unlearning time:              3.5305s
Time Cost:                    478.8014s
Hit Ratio and NDCG for top 20 recommendation!
HR@20:0.6856709168184578 and  NDCG@20:0.31929758928898716
Selected clients in this round:
[0, 1, 2, 3, 4, 5, 6, 7, 8, 9, 10, 11, 12, 13, 14, 15, 16, 17, 18, 19, 20, 21, 22, 23, 24, 25, 26, 27, 28, 29, 30, 31, 32, 33, 34, 35, 36, 37, 38, 39, 40, 41, 42, 43, 44, 45, 46, 47, 48, 49, 50, 51, 52, 53, 54, 55, 56, 57, 58, 59, 60, 61, 62, 63, 64, 65, 66, 67, 68, 69, 70, 71, 72, 73, 74, 75, 76, 77, 78, 79, 80, 81, 82, 83, 84, 85, 86, 87, 88, 89, 90, 91, 92, 93, 94, 95, 96, 97, 98, 99]
--------------Round 13--------------
[ATK] client=Client000 round=13 atk=psmu enter_malicious=True
[ATK] psmu client=Client000 round=13 target=2248 |target_shift|=9.4566
[ATK] process_grad uploaded target-row |delta|=9.45656 force_keep=[2248] -> PRESERVED
[ATK] client=Client001 round=13 atk=psmu enter_malicious=True
[ATK] psmu client=Client001 round=13 target=2248 |target_shift|=9.6407
[ATK] process_grad uploaded target-row |delta|=9.64067 force_keep=[2248] -> PRESERVED
[ATK] client=Client002 round=13 atk=psmu enter_malicious=True
[ATK] psmu client=Client002 round=13 target=2248 |target_shift|=9.4705
[ATK] process_grad uploaded target-row |delta|=9.47048 force_keep=[2248] -> PRESERVED
[ATK] client=Client003 round=13 atk=psmu enter_malicious=True
[ATK] psmu client=Client003 round=13 target=2248 |target_shift|=9.6325
[ATK] process_grad uploaded target-row |delta|=9.63250 force_keep=[2248] -> PRESERVED
[ATK] client=Client004 round=13 atk=psmu enter_malicious=True
[ATK] psmu client=Client004 round=13 target=2248 |target_shift|=9.6395
[ATK] process_grad uploaded target-row |delta|=9.63949 force_keep=[2248] -> PRESERVED
[ATK] client=Client005 round=13 atk=psmu enter_malicious=True
[ATK] psmu client=Client005 round=13 target=2248 |target_shift|=9.6160
[ATK] process_grad uploaded target-row |delta|=9.61601 force_keep=[2248] -> PRESERVED
[ATK] client=Client006 round=13 atk=psmu enter_malicious=True
[ATK] psmu client=Client006 round=13 target=2248 |target_shift|=9.5311
[ATK] process_grad uploaded target-row |delta|=9.53111 force_keep=[2248] -> PRESERVED
[ATK] client=Client007 round=13 atk=psmu enter_malicious=True
[ATK] psmu client=Client007 round=13 target=2248 |target_shift|=9.4284
[ATK] process_grad uploaded target-row |delta|=9.42836 force_keep=[2248] -> PRESERVED
[ATK] client=Client008 round=13 atk=psmu enter_malicious=True
[ATK] psmu client=Client008 round=13 target=2248 |target_shift|=9.4338
[ATK] process_grad uploaded target-row |delta|=9.43377 force_keep=[2248] -> PRESERVED
[ATK] client=Client009 round=13 atk=psmu enter_malicious=True
[ATK] psmu client=Client009 round=13 target=2248 |target_shift|=9.1264
[ATK] process_grad uploaded target-row |delta|=9.12639 force_keep=[2248] -> PRESERVED
53145
48130
45950
49200
50970
50355
62005
63095
60800
37145
41585
54115
37400
48390
54835
57275
54420
38120
49300
41575
40110
51300
52420
50925
44950
47215
48175
54130
46805
43410
56880
41720
58230
51075
44885
46430
58155
38825
51090
50460
49370
42415
41595
37300
40055
40980
47400
54785
42965
44010
43410
50735
42175
68510
49285
56555
51535
39720
53800
48860
47895
46330
51355
52745
48945
55790
68485
66810
44415
45910
59150
52470
60720
48265
54520
59030
50000
47110
37500
58340
45215
56555
49965
45265
38975
54265
43355
49960
39370
41365
unlearning time:              3.7996s
Time Cost:                    471.3467s
Hit Ratio and NDCG for top 20 recommendation!
HR@20:0.690837887067395 and  NDCG@20:0.3180063333839601
Selected clients in this round:
[0, 1, 2, 3, 4, 5, 6, 7, 8, 9, 10, 11, 12, 13, 14, 15, 16, 17, 18, 19, 20, 21, 22, 23, 24, 25, 26, 27, 28, 29, 30, 31, 32, 33, 34, 35, 36, 37, 38, 39, 40, 41, 42, 43, 44, 45, 46, 47, 48, 49, 50, 51, 52, 53, 54, 55, 56, 57, 58, 59, 60, 61, 62, 63, 64, 65, 66, 67, 68, 69, 70, 71, 72, 73, 74, 75, 76, 77, 78, 79, 80, 81, 82, 83, 84, 85, 86, 87, 88, 89, 90, 91, 92, 93, 94, 95, 96, 97, 98, 99]
--------------Round 14--------------
[ATK] client=Client000 round=14 atk=psmu enter_malicious=True
[ATK] psmu client=Client000 round=14 target=2248 |target_shift|=7.1493
[ATK] process_grad uploaded target-row |delta|=7.14931 force_keep=[2248] -> PRESERVED
[ATK] client=Client001 round=14 atk=psmu enter_malicious=True
[ATK] psmu client=Client001 round=14 target=2248 |target_shift|=7.0534
[ATK] process_grad uploaded target-row |delta|=7.05336 force_keep=[2248] -> PRESERVED
[ATK] client=Client002 round=14 atk=psmu enter_malicious=True
[ATK] psmu client=Client002 round=14 target=2248 |target_shift|=7.1243
[ATK] process_grad uploaded target-row |delta|=7.12430 force_keep=[2248] -> PRESERVED
[ATK] client=Client003 round=14 atk=psmu enter_malicious=True
[ATK] psmu client=Client003 round=14 target=2248 |target_shift|=7.2826
[ATK] process_grad uploaded target-row |delta|=7.28258 force_keep=[2248] -> PRESERVED
[ATK] client=Client004 round=14 atk=psmu enter_malicious=True
[ATK] psmu client=Client004 round=14 target=2248 |target_shift|=7.1805
[ATK] process_grad uploaded target-row |delta|=7.18046 force_keep=[2248] -> PRESERVED
[ATK] client=Client005 round=14 atk=psmu enter_malicious=True
[ATK] psmu client=Client005 round=14 target=2248 |target_shift|=6.9373
[ATK] process_grad uploaded target-row |delta|=6.93729 force_keep=[2248] -> PRESERVED
[ATK] client=Client006 round=14 atk=psmu enter_malicious=True
[ATK] psmu client=Client006 round=14 target=2248 |target_shift|=6.9495
[ATK] process_grad uploaded target-row |delta|=6.94955 force_keep=[2248] -> PRESERVED
[ATK] client=Client007 round=14 atk=psmu enter_malicious=True
[ATK] psmu client=Client007 round=14 target=2248 |target_shift|=7.0941
[ATK] process_grad uploaded target-row |delta|=7.09411 force_keep=[2248] -> PRESERVED
[ATK] client=Client008 round=14 atk=psmu enter_malicious=True
[ATK] psmu client=Client008 round=14 target=2248 |target_shift|=6.8594
[ATK] process_grad uploaded target-row |delta|=6.85936 force_keep=[2248] -> PRESERVED
[ATK] client=Client009 round=14 atk=psmu enter_malicious=True
[ATK] psmu client=Client009 round=14 target=2248 |target_shift|=7.1626
[ATK] process_grad uploaded target-row |delta|=7.16260 force_keep=[2248] -> PRESERVED
53145
48130
45950
49200
50970
50355
62005
63095
60800
37145
41585
54115
37400
48390
54835
57275
54420
38120
49300
41575
40110
51300
52420
50925
44950
47215
48175
54130
46805
43410
56880
41720
58230
51075
44885
46430
58155
38825
51090
50460
49370
42415
41595
37300
40055
40980
47400
54785
42965
44010
43410
50735
42175
68510
49285
56555
51535
39720
53800
48860
47895
46330
51355
52745
48945
55790
68485
66810
44415
45910
59150
52470
60720
48265
54520
59030
50000
47110
37500
58340
45215
56555
49965
45265
38975
54265
43355
49960
39370
41365
unlearning time:              4.0550s
Time Cost:                    470.8584s
Hit Ratio and NDCG for top 20 recommendation!
HR@20:0.6941226472374012 and  NDCG@20:0.3200731835091577
Selected clients in this round:
[0, 1, 2, 3, 4, 5, 6, 7, 8, 9, 10, 11, 12, 13, 14, 15, 16, 17, 18, 19, 20, 21, 22, 23, 24, 25, 26, 27, 28, 29, 30, 31, 32, 33, 34, 35, 36, 37, 38, 39, 40, 41, 42, 43, 44, 45, 46, 47, 48, 49, 50, 51, 52, 53, 54, 55, 56, 57, 58, 59, 60, 61, 62, 63, 64, 65, 66, 67, 68, 69, 70, 71, 72, 73, 74, 75, 76, 77, 78, 79, 80, 81, 82, 83, 84, 85, 86, 87, 88, 89, 90, 91, 92, 93, 94, 95, 96, 97, 98, 99]
--------------Round 15--------------
[ATK] client=Client000 round=15 atk=psmu enter_malicious=True
[ATK] psmu client=Client000 round=15 target=2248 |target_shift|=8.2119
[ATK] process_grad uploaded target-row |delta|=8.21195 force_keep=[2248] -> PRESERVED
[ATK] client=Client001 round=15 atk=psmu enter_malicious=True
[ATK] psmu client=Client001 round=15 target=2248 |target_shift|=8.4882
[ATK] process_grad uploaded target-row |delta|=8.48824 force_keep=[2248] -> PRESERVED
[ATK] client=Client002 round=15 atk=psmu enter_malicious=True
[ATK] psmu client=Client002 round=15 target=2248 |target_shift|=7.9268
[ATK] process_grad uploaded target-row |delta|=7.92682 force_keep=[2248] -> PRESERVED
[ATK] client=Client003 round=15 atk=psmu enter_malicious=True
[ATK] psmu client=Client003 round=15 target=2248 |target_shift|=7.7551
[ATK] process_grad uploaded target-row |delta|=7.75507 force_keep=[2248] -> PRESERVED
[ATK] client=Client004 round=15 atk=psmu enter_malicious=True
[ATK] psmu client=Client004 round=15 target=2248 |target_shift|=8.2428
[ATK] process_grad uploaded target-row |delta|=8.24279 force_keep=[2248] -> PRESERVED
[ATK] client=Client005 round=15 atk=psmu enter_malicious=True
[ATK] psmu client=Client005 round=15 target=2248 |target_shift|=7.8768
[ATK] process_grad uploaded target-row |delta|=7.87676 force_keep=[2248] -> PRESERVED
[ATK] client=Client006 round=15 atk=psmu enter_malicious=True
[ATK] psmu client=Client006 round=15 target=2248 |target_shift|=8.0802
[ATK] process_grad uploaded target-row |delta|=8.08015 force_keep=[2248] -> PRESERVED
[ATK] client=Client007 round=15 atk=psmu enter_malicious=True
[ATK] psmu client=Client007 round=15 target=2248 |target_shift|=7.8673
[ATK] process_grad uploaded target-row |delta|=7.86732 force_keep=[2248] -> PRESERVED
[ATK] client=Client008 round=15 atk=psmu enter_malicious=True
[ATK] psmu client=Client008 round=15 target=2248 |target_shift|=7.7413
[ATK] process_grad uploaded target-row |delta|=7.74126 force_keep=[2248] -> PRESERVED
[ATK] client=Client009 round=15 atk=psmu enter_malicious=True
[ATK] psmu client=Client009 round=15 target=2248 |target_shift|=7.9023
[ATK] process_grad uploaded target-row |delta|=7.90225 force_keep=[2248] -> PRESERVED
53145
48130
45950
49200
50970
50355
62005
63095
60800
37145
41585
54115
37400
48390
54835
57275
54420
38120
49300
41575
40110
51300
52420
50925
44950
47215
48175
54130
46805
43410
56880
41720
58230
51075
44885
46430
58155
38825
51090
50460
49370
42415
41595
37300
40055
40980
47400
54785
42965
44010
43410
50735
42175
68510
49285
56555
51535
39720
53800
48860
47895
46330
51355
52745
48945
55790
68485
66810
44415
45910
59150
52470
60720
48265
54520
59030
50000
47110
37500
58340
45215
56555
49965
45265
38975
54265
43355
49960
39370
41365
unlearning time:              4.3257s
Time Cost:                    471.3295s
Hit Ratio and NDCG for top 20 recommendation!
HR@20:0.6937219186399518 and  NDCG@20:0.3201229292678235
Selected clients in this round:
[0, 1, 2, 3, 4, 5, 6, 7, 8, 9, 10, 11, 12, 13, 14, 15, 16, 17, 18, 19, 20, 21, 22, 23, 24, 25, 26, 27, 28, 29, 30, 31, 32, 33, 34, 35, 36, 37, 38, 39, 40, 41, 42, 43, 44, 45, 46, 47, 48, 49, 50, 51, 52, 53, 54, 55, 56, 57, 58, 59, 60, 61, 62, 63, 64, 65, 66, 67, 68, 69, 70, 71, 72, 73, 74, 75, 76, 77, 78, 79, 80, 81, 82, 83, 84, 85, 86, 87, 88, 89, 90, 91, 92, 93, 94, 95, 96, 97, 98, 99]
--------------Round 16--------------
[ATK] client=Client000 round=16 atk=psmu enter_malicious=True
[ATK] psmu client=Client000 round=16 target=2248 |target_shift|=6.7937
[ATK] process_grad uploaded target-row |delta|=6.79371 force_keep=[2248] -> PRESERVED
[ATK] client=Client001 round=16 atk=psmu enter_malicious=True
[ATK] psmu client=Client001 round=16 target=2248 |target_shift|=7.3465
[ATK] process_grad uploaded target-row |delta|=7.34651 force_keep=[2248] -> PRESERVED
[ATK] client=Client002 round=16 atk=psmu enter_malicious=True
[ATK] psmu client=Client002 round=16 target=2248 |target_shift|=6.8547
[ATK] process_grad uploaded target-row |delta|=6.85468 force_keep=[2248] -> PRESERVED
[ATK] client=Client003 round=16 atk=psmu enter_malicious=True
[ATK] psmu client=Client003 round=16 target=2248 |target_shift|=6.7106
[ATK] process_grad uploaded target-row |delta|=6.71060 force_keep=[2248] -> PRESERVED
[ATK] client=Client004 round=16 atk=psmu enter_malicious=True
[ATK] psmu client=Client004 round=16 target=2248 |target_shift|=6.8634
[ATK] process_grad uploaded target-row |delta|=6.86340 force_keep=[2248] -> PRESERVED
[ATK] client=Client005 round=16 atk=psmu enter_malicious=True
[ATK] psmu client=Client005 round=16 target=2248 |target_shift|=7.4765
[ATK] process_grad uploaded target-row |delta|=7.47651 force_keep=[2248] -> PRESERVED
[ATK] client=Client006 round=16 atk=psmu enter_malicious=True
[ATK] psmu client=Client006 round=16 target=2248 |target_shift|=7.2162
[ATK] process_grad uploaded target-row |delta|=7.21623 force_keep=[2248] -> PRESERVED
[ATK] client=Client007 round=16 atk=psmu enter_malicious=True
[ATK] psmu client=Client007 round=16 target=2248 |target_shift|=7.6910
[ATK] process_grad uploaded target-row |delta|=7.69102 force_keep=[2248] -> PRESERVED
[ATK] client=Client008 round=16 atk=psmu enter_malicious=True
[ATK] psmu client=Client008 round=16 target=2248 |target_shift|=6.8770
[ATK] process_grad uploaded target-row |delta|=6.87696 force_keep=[2248] -> PRESERVED
[ATK] client=Client009 round=16 atk=psmu enter_malicious=True
[ATK] psmu client=Client009 round=16 target=2248 |target_shift|=6.6628
[ATK] process_grad uploaded target-row |delta|=6.66276 force_keep=[2248] -> PRESERVED
53145
48130
45950
49200
50970
50355
62005
63095
60800
37145
41585
54115
37400
48390
54835
57275
54420
38120
49300
41575
40110
51300
52420
50925
44950
47215
48175
54130
46805
43410
56880
41720
58230
51075
44885
46430
58155
38825
51090
50460
49370
42415
41595
37300
40055
40980
47400
54785
42965
44010
43410
50735
42175
68510
49285
56555
51535
39720
53800
48860
47895
46330
51355
52745
48945
55790
68485
66810
44415
45910
59150
52470
60720
48265
54520
59030
50000
47110
37500
58340
45215
56555
49965
45265
38975
54265
43355
49960
39370
41365
unlearning time:              4.5638s
Time Cost:                    471.6596s
Hit Ratio and NDCG for top 20 recommendation!
HR@20:0.6896599878567091 and  NDCG@20:0.3210516926614123
Selected clients in this round:
[0, 1, 2, 3, 4, 5, 6, 7, 8, 9, 10, 11, 12, 13, 14, 15, 16, 17, 18, 19, 20, 21, 22, 23, 24, 25, 26, 27, 28, 29, 30, 31, 32, 33, 34, 35, 36, 37, 38, 39, 40, 41, 42, 43, 44, 45, 46, 47, 48, 49, 50, 51, 52, 53, 54, 55, 56, 57, 58, 59, 60, 61, 62, 63, 64, 65, 66, 67, 68, 69, 70, 71, 72, 73, 74, 75, 76, 77, 78, 79, 80, 81, 82, 83, 84, 85, 86, 87, 88, 89, 90, 91, 92, 93, 94, 95, 96, 97, 98, 99]
--------------Round 17--------------
[ATK] client=Client000 round=17 atk=psmu enter_malicious=True
[ATK] psmu client=Client000 round=17 target=2248 |target_shift|=7.9587
[ATK] process_grad uploaded target-row |delta|=7.95872 force_keep=[2248] -> PRESERVED
[ATK] client=Client001 round=17 atk=psmu enter_malicious=True
[ATK] psmu client=Client001 round=17 target=2248 |target_shift|=8.2275
[ATK] process_grad uploaded target-row |delta|=8.22747 force_keep=[2248] -> PRESERVED
[ATK] client=Client002 round=17 atk=psmu enter_malicious=True
[ATK] psmu client=Client002 round=17 target=2248 |target_shift|=5.4356
[ATK] process_grad uploaded target-row |delta|=5.43563 force_keep=[2248] -> PRESERVED
[ATK] client=Client003 round=17 atk=psmu enter_malicious=True
[ATK] psmu client=Client003 round=17 target=2248 |target_shift|=6.4329
[ATK] process_grad uploaded target-row |delta|=6.43293 force_keep=[2248] -> PRESERVED
[ATK] client=Client004 round=17 atk=psmu enter_malicious=True
[ATK] psmu client=Client004 round=17 target=2248 |target_shift|=8.4785
[ATK] process_grad uploaded target-row |delta|=8.47854 force_keep=[2248] -> PRESERVED
[ATK] client=Client005 round=17 atk=psmu enter_malicious=True
[ATK] psmu client=Client005 round=17 target=2248 |target_shift|=6.0511
[ATK] process_grad uploaded target-row |delta|=6.05114 force_keep=[2248] -> PRESERVED
[ATK] client=Client006 round=17 atk=psmu enter_malicious=True
[ATK] psmu client=Client006 round=17 target=2248 |target_shift|=6.3065
[ATK] process_grad uploaded target-row |delta|=6.30647 force_keep=[2248] -> PRESERVED
[ATK] client=Client007 round=17 atk=psmu enter_malicious=True
[ATK] psmu client=Client007 round=17 target=2248 |target_shift|=6.0479
[ATK] process_grad uploaded target-row |delta|=6.04787 force_keep=[2248] -> PRESERVED
[ATK] client=Client008 round=17 atk=psmu enter_malicious=True
[ATK] psmu client=Client008 round=17 target=2248 |target_shift|=7.1141
[ATK] process_grad uploaded target-row |delta|=7.11408 force_keep=[2248] -> PRESERVED
[ATK] client=Client009 round=17 atk=psmu enter_malicious=True
[ATK] psmu client=Client009 round=17 target=2248 |target_shift|=8.1199
[ATK] process_grad uploaded target-row |delta|=8.11992 force_keep=[2248] -> PRESERVED
53145
48130
45950
49200
50970
50355
62005
63095
60800
37145
41585
54115
37400
48390
54835
57275
54420
38120
49300
41575
40110
51300
52420
50925
44950
47215
48175
54130
46805
43410
56880
41720
58230
51075
44885
46430
58155
38825
51090
50460
49370
42415
41595
37300
40055
40980
47400
54785
42965
44010
43410
50735
42175
68510
49285
56555
51535
39720
53800
48860
47895
46330
51355
52745
48945
55790
68485
66810
44415
45910
59150
52470
60720
48265
54520
59030
50000
47110
37500
58340
45215
56555
49965
45265
38975
54265
43355
49960
39370
41365
unlearning time:              4.8654s
Time Cost:                    472.8487s
Hit Ratio and NDCG for top 20 recommendation!
HR@20:0.6909653916211294 and  NDCG@20:0.32187841165208675
Selected clients in this round:
[0, 1, 2, 3, 4, 5, 6, 7, 8, 9, 10, 11, 12, 13, 14, 15, 16, 17, 18, 19, 20, 21, 22, 23, 24, 25, 26, 27, 28, 29, 30, 31, 32, 33, 34, 35, 36, 37, 38, 39, 40, 41, 42, 43, 44, 45, 46, 47, 48, 49, 50, 51, 52, 53, 54, 55, 56, 57, 58, 59, 60, 61, 62, 63, 64, 65, 66, 67, 68, 69, 70, 71, 72, 73, 74, 75, 76, 77, 78, 79, 80, 81, 82, 83, 84, 85, 86, 87, 88, 89, 90, 91, 92, 93, 94, 95, 96, 97, 98, 99]
--------------Round 18--------------
[ATK] client=Client000 round=18 atk=psmu enter_malicious=True
[ATK] psmu client=Client000 round=18 target=2248 |target_shift|=8.4118
[ATK] process_grad uploaded target-row |delta|=8.41178 force_keep=[2248] -> PRESERVED
[ATK] client=Client001 round=18 atk=psmu enter_malicious=True
[ATK] psmu client=Client001 round=18 target=2248 |target_shift|=7.7566
[ATK] process_grad uploaded target-row |delta|=7.75664 force_keep=[2248] -> PRESERVED
[ATK] client=Client002 round=18 atk=psmu enter_malicious=True
[ATK] psmu client=Client002 round=18 target=2248 |target_shift|=8.0205
[ATK] process_grad uploaded target-row |delta|=8.02047 force_keep=[2248] -> PRESERVED
[ATK] client=Client003 round=18 atk=psmu enter_malicious=True
[ATK] psmu client=Client003 round=18 target=2248 |target_shift|=8.2536
[ATK] process_grad uploaded target-row |delta|=8.25364 force_keep=[2248] -> PRESERVED
[ATK] client=Client004 round=18 atk=psmu enter_malicious=True
[ATK] psmu client=Client004 round=18 target=2248 |target_shift|=8.2924
[ATK] process_grad uploaded target-row |delta|=8.29239 force_keep=[2248] -> PRESERVED
[ATK] client=Client005 round=18 atk=psmu enter_malicious=True
[ATK] psmu client=Client005 round=18 target=2248 |target_shift|=9.0317
[ATK] process_grad uploaded target-row |delta|=9.03169 force_keep=[2248] -> PRESERVED
[ATK] client=Client006 round=18 atk=psmu enter_malicious=True
[ATK] psmu client=Client006 round=18 target=2248 |target_shift|=9.2267
[ATK] process_grad uploaded target-row |delta|=9.22673 force_keep=[2248] -> PRESERVED
[ATK] client=Client007 round=18 atk=psmu enter_malicious=True
[ATK] psmu client=Client007 round=18 target=2248 |target_shift|=7.5114
[ATK] process_grad uploaded target-row |delta|=7.51139 force_keep=[2248] -> PRESERVED
[ATK] client=Client008 round=18 atk=psmu enter_malicious=True
[ATK] psmu client=Client008 round=18 target=2248 |target_shift|=7.4817
[ATK] process_grad uploaded target-row |delta|=7.48174 force_keep=[2248] -> PRESERVED
[ATK] client=Client009 round=18 atk=psmu enter_malicious=True
[ATK] psmu client=Client009 round=18 target=2248 |target_shift|=6.9732
[ATK] process_grad uploaded target-row |delta|=6.97317 force_keep=[2248] -> PRESERVED
53145
48130
45950
49200
50970
50355
62005
63095
60800
37145
41585
54115
37400
48390
54835
57275
54420
38120
49300
41575
40110
51300
52420
50925
44950
47215
48175
54130
46805
43410
56880
41720
58230
51075
44885
46430
58155
38825
51090
50460
49370
42415
41595
37300
40055
40980
47400
54785
42965
44010
43410
50735
42175
68510
49285
56555
51535
39720
53800
48860
47895
46330
51355
52745
48945
55790
68485
66810
44415
45910
59150
52470
60720
48265
54520
59030
50000
47110
37500
58340
45215
56555
49965
45265
38975
54265
43355
49960
39370
41365
unlearning time:              5.1182s
Time Cost:                    473.9137s
Hit Ratio and NDCG for top 20 recommendation!
HR@20:0.6953369763205827 and  NDCG@20:0.32455558296453924
Selected clients in this round:
[0, 1, 2, 3, 4, 5, 6, 7, 8, 9, 10, 11, 12, 13, 14, 15, 16, 17, 18, 19, 20, 21, 22, 23, 24, 25, 26, 27, 28, 29, 30, 31, 32, 33, 34, 35, 36, 37, 38, 39, 40, 41, 42, 43, 44, 45, 46, 47, 48, 49, 50, 51, 52, 53, 54, 55, 56, 57, 58, 59, 60, 61, 62, 63, 64, 65, 66, 67, 68, 69, 70, 71, 72, 73, 74, 75, 76, 77, 78, 79, 80, 81, 82, 83, 84, 85, 86, 87, 88, 89, 90, 91, 92, 93, 94, 95, 96, 97, 98, 99]
--------------Round 19--------------
[ATK] client=Client000 round=19 atk=psmu enter_malicious=True
[ATK] psmu client=Client000 round=19 target=2248 |target_shift|=7.3456
[ATK] process_grad uploaded target-row |delta|=7.34563 force_keep=[2248] -> PRESERVED
[ATK] client=Client001 round=19 atk=psmu enter_malicious=True
[ATK] psmu client=Client001 round=19 target=2248 |target_shift|=7.5874
[ATK] process_grad uploaded target-row |delta|=7.58738 force_keep=[2248] -> PRESERVED
[ATK] client=Client002 round=19 atk=psmu enter_malicious=True
[ATK] psmu client=Client002 round=19 target=2248 |target_shift|=8.4378
[ATK] process_grad uploaded target-row |delta|=8.43777 force_keep=[2248] -> PRESERVED
[ATK] client=Client003 round=19 atk=psmu enter_malicious=True
[ATK] psmu client=Client003 round=19 target=2248 |target_shift|=8.8305
[ATK] process_grad uploaded target-row |delta|=8.83047 force_keep=[2248] -> PRESERVED
[ATK] client=Client004 round=19 atk=psmu enter_malicious=True
[ATK] psmu client=Client004 round=19 target=2248 |target_shift|=8.3451
[ATK] process_grad uploaded target-row |delta|=8.34509 force_keep=[2248] -> PRESERVED
[ATK] client=Client005 round=19 atk=psmu enter_malicious=True
[ATK] psmu client=Client005 round=19 target=2248 |target_shift|=7.6772
[ATK] process_grad uploaded target-row |delta|=7.67720 force_keep=[2248] -> PRESERVED
[ATK] client=Client006 round=19 atk=psmu enter_malicious=True
[ATK] psmu client=Client006 round=19 target=2248 |target_shift|=7.2061
[ATK] process_grad uploaded target-row |delta|=7.20606 force_keep=[2248] -> PRESERVED
[ATK] client=Client007 round=19 atk=psmu enter_malicious=True
[ATK] psmu client=Client007 round=19 target=2248 |target_shift|=6.1355
[ATK] process_grad uploaded target-row |delta|=6.13549 force_keep=[2248] -> PRESERVED
[ATK] client=Client008 round=19 atk=psmu enter_malicious=True
[ATK] psmu client=Client008 round=19 target=2248 |target_shift|=7.3651
[ATK] process_grad uploaded target-row |delta|=7.36512 force_keep=[2248] -> PRESERVED
[ATK] client=Client009 round=19 atk=psmu enter_malicious=True
[ATK] psmu client=Client009 round=19 target=2248 |target_shift|=8.0616
[ATK] process_grad uploaded target-row |delta|=8.06161 force_keep=[2248] -> PRESERVED
53145
48130
45950
49200
50970
50355
62005
63095
60800
37145
41585
54115
37400
48390
54835
57275
54420
38120
49300
41575
40110
51300
52420
50925
44950
47215
48175
54130
46805
43410
56880
41720
58230
51075
44885
46430
58155
38825
51090
50460
49370
42415
41595
37300
40055
40980
47400
54785
42965
44010
43410
50735
42175
68510
49285
56555
51535
39720
53800
48860
47895
46330
51355
52745
48945
55790
68485
66810
44415
45910
59150
52470
60720
48265
54520
59030
50000
47110
37500
58340
45215
56555
49965
45265
38975
54265
43355
49960
39370
41365
unlearning time:              5.3525s
Time Cost:                    472.2990s
Hit Ratio and NDCG for top 20 recommendation!
HR@20:0.6963570127504555 and  NDCG@20:0.32558201345191523
Selected clients in this round:
[0, 1, 2, 3, 4, 5, 6, 7, 8, 9, 10, 11, 12, 13, 14, 15, 16, 17, 18, 19, 20, 21, 22, 23, 24, 25, 26, 27, 28, 29, 30, 31, 32, 33, 34, 35, 36, 37, 38, 39, 40, 41, 42, 43, 44, 45, 46, 47, 48, 49, 50, 51, 52, 53, 54, 55, 56, 57, 58, 59, 60, 61, 62, 63, 64, 65, 66, 67, 68, 69, 70, 71, 72, 73, 74, 75, 76, 77, 78, 79, 80, 81, 82, 83, 84, 85, 86, 87, 88, 89, 90, 91, 92, 93, 94, 95, 96, 97, 98, 99]
--------------Round 20--------------
[ATK] client=Client000 round=20 atk=psmu enter_malicious=True
[ATK] psmu client=Client000 round=20 target=2248 |target_shift|=7.5538
[ATK] process_grad uploaded target-row |delta|=7.55384 force_keep=[2248] -> PRESERVED
[ATK] client=Client001 round=20 atk=psmu enter_malicious=True
[ATK] psmu client=Client001 round=20 target=2248 |target_shift|=7.0701
[ATK] process_grad uploaded target-row |delta|=7.07012 force_keep=[2248] -> PRESERVED
[ATK] client=Client002 round=20 atk=psmu enter_malicious=True
[ATK] psmu client=Client002 round=20 target=2248 |target_shift|=8.0629
[ATK] process_grad uploaded target-row |delta|=8.06288 force_keep=[2248] -> PRESERVED
[ATK] client=Client003 round=20 atk=psmu enter_malicious=True
[ATK] psmu client=Client003 round=20 target=2248 |target_shift|=7.4393
[ATK] process_grad uploaded target-row |delta|=7.43928 force_keep=[2248] -> PRESERVED
[ATK] client=Client004 round=20 atk=psmu enter_malicious=True
[ATK] psmu client=Client004 round=20 target=2248 |target_shift|=8.1330
[ATK] process_grad uploaded target-row |delta|=8.13301 force_keep=[2248] -> PRESERVED
[ATK] client=Client005 round=20 atk=psmu enter_malicious=True
[ATK] psmu client=Client005 round=20 target=2248 |target_shift|=8.7141
[ATK] process_grad uploaded target-row |delta|=8.71412 force_keep=[2248] -> PRESERVED
[ATK] client=Client006 round=20 atk=psmu enter_malicious=True
[ATK] psmu client=Client006 round=20 target=2248 |target_shift|=7.9272
[ATK] process_grad uploaded target-row |delta|=7.92716 force_keep=[2248] -> PRESERVED
[ATK] client=Client007 round=20 atk=psmu enter_malicious=True
[ATK] psmu client=Client007 round=20 target=2248 |target_shift|=7.7535
[ATK] process_grad uploaded target-row |delta|=7.75352 force_keep=[2248] -> PRESERVED
[ATK] client=Client008 round=20 atk=psmu enter_malicious=True
[ATK] psmu client=Client008 round=20 target=2248 |target_shift|=7.1077
[ATK] process_grad uploaded target-row |delta|=7.10773 force_keep=[2248] -> PRESERVED
[ATK] client=Client009 round=20 atk=psmu enter_malicious=True
[ATK] psmu client=Client009 round=20 target=2248 |target_shift|=8.0458
[ATK] process_grad uploaded target-row |delta|=8.04577 force_keep=[2248] -> PRESERVED
53145
48130
45950
49200
50970
50355
62005
63095
60800
37145
41585
54115
37400
48390
54835
57275
54420
38120
49300
41575
40110
51300
52420
50925
44950
47215
48175
54130
46805
43410
56880
41720
58230
51075
44885
46430
58155
38825
51090
50460
49370
42415
41595
37300
40055
40980
47400
54785
42965
44010
43410
50735
42175
68510
49285
56555
51535
39720
53800
48860
47895
46330
51355
52745
48945
55790
68485
66810
44415
45910
59150
52470
60720
48265
54520
59030
50000
47110
37500
58340
45215
56555
49965
45265
38975
54265
43355
49960
39370
41365
unlearning time:              5.6427s
Time Cost:                    475.1643s
Hit Ratio and NDCG for top 20 recommendation!
HR@20:0.6975956284153005 and  NDCG@20:0.32152971509164213
Selected clients in this round:
[0, 1, 2, 3, 4, 5, 6, 7, 8, 9, 10, 11, 12, 13, 14, 15, 16, 17, 18, 19, 20, 21, 22, 23, 24, 25, 26, 27, 28, 29, 30, 31, 32, 33, 34, 35, 36, 37, 38, 39, 40, 41, 42, 43, 44, 45, 46, 47, 48, 49, 50, 51, 52, 53, 54, 55, 56, 57, 58, 59, 60, 61, 62, 63, 64, 65, 66, 67, 68, 69, 70, 71, 72, 73, 74, 75, 76, 77, 78, 79, 80, 81, 82, 83, 84, 85, 86, 87, 88, 89, 90, 91, 92, 93, 94, 95, 96, 97, 98, 99]
--------------Round 21--------------
[ATK] client=Client000 round=21 atk=psmu enter_malicious=True
[ATK] psmu client=Client000 round=21 target=2248 |target_shift|=8.2698
[ATK] process_grad uploaded target-row |delta|=8.26977 force_keep=[2248] -> PRESERVED
[ATK] client=Client001 round=21 atk=psmu enter_malicious=True
[ATK] psmu client=Client001 round=21 target=2248 |target_shift|=8.8729
[ATK] process_grad uploaded target-row |delta|=8.87293 force_keep=[2248] -> PRESERVED
[ATK] client=Client002 round=21 atk=psmu enter_malicious=True
[ATK] psmu client=Client002 round=21 target=2248 |target_shift|=8.0978
[ATK] process_grad uploaded target-row |delta|=8.09777 force_keep=[2248] -> PRESERVED
[ATK] client=Client003 round=21 atk=psmu enter_malicious=True
[ATK] psmu client=Client003 round=21 target=2248 |target_shift|=9.1842
[ATK] process_grad uploaded target-row |delta|=9.18424 force_keep=[2248] -> PRESERVED
[ATK] client=Client004 round=21 atk=psmu enter_malicious=True
[ATK] psmu client=Client004 round=21 target=2248 |target_shift|=7.0429
[ATK] process_grad uploaded target-row |delta|=7.04294 force_keep=[2248] -> PRESERVED
[ATK] client=Client005 round=21 atk=psmu enter_malicious=True
[ATK] psmu client=Client005 round=21 target=2248 |target_shift|=7.9141
[ATK] process_grad uploaded target-row |delta|=7.91413 force_keep=[2248] -> PRESERVED
[ATK] client=Client006 round=21 atk=psmu enter_malicious=True
[ATK] psmu client=Client006 round=21 target=2248 |target_shift|=7.8761
[ATK] process_grad uploaded target-row |delta|=7.87605 force_keep=[2248] -> PRESERVED
[ATK] client=Client007 round=21 atk=psmu enter_malicious=True
[ATK] psmu client=Client007 round=21 target=2248 |target_shift|=7.6377
[ATK] process_grad uploaded target-row |delta|=7.63766 force_keep=[2248] -> PRESERVED
[ATK] client=Client008 round=21 atk=psmu enter_malicious=True
[ATK] psmu client=Client008 round=21 target=2248 |target_shift|=8.2272
[ATK] process_grad uploaded target-row |delta|=8.22719 force_keep=[2248] -> PRESERVED
[ATK] client=Client009 round=21 atk=psmu enter_malicious=True
[ATK] psmu client=Client009 round=21 target=2248 |target_shift|=8.0109
[ATK] process_grad uploaded target-row |delta|=8.01088 force_keep=[2248] -> PRESERVED
53145
48130
45950
49200
50970
50355
62005
63095
60800
37145
41585
54115
37400
48390
54835
57275
54420
38120
49300
41575
40110
51300
52420
50925
44950
47215
48175
54130
46805
43410
56880
41720
58230
51075
44885
46430
58155
38825
51090
50460
49370
42415
41595
37300
40055
40980
47400
54785
42965
44010
43410
50735
42175
68510
49285
56555
51535
39720
53800
48860
47895
46330
51355
52745
48945
55790
68485
66810
44415
45910
59150
52470
60720
48265
54520
59030
50000
47110
37500
58340
45215
56555
49965
45265
38975
54265
43355
49960
39370
41365
unlearning time:              5.9176s
Time Cost:                    473.6825s
Hit Ratio and NDCG for top 20 recommendation!
HR@20:0.6969975713418335 and  NDCG@20:0.3244085844510921
Selected clients in this round:
[0, 1, 2, 3, 4, 5, 6, 7, 8, 9, 10, 11, 12, 13, 14, 15, 16, 17, 18, 19, 20, 21, 22, 23, 24, 25, 26, 27, 28, 29, 30, 31, 32, 33, 34, 35, 36, 37, 38, 39, 40, 41, 42, 43, 44, 45, 46, 47, 48, 49, 50, 51, 52, 53, 54, 55, 56, 57, 58, 59, 60, 61, 62, 63, 64, 65, 66, 67, 68, 69, 70, 71, 72, 73, 74, 75, 76, 77, 78, 79, 80, 81, 82, 83, 84, 85, 86, 87, 88, 89, 90, 91, 92, 93, 94, 95, 96, 97, 98, 99]
--------------Round 22--------------
[ATK] client=Client000 round=22 atk=psmu enter_malicious=True
[ATK] psmu client=Client000 round=22 target=2248 |target_shift|=9.9590
[ATK] process_grad uploaded target-row |delta|=9.95901 force_keep=[2248] -> PRESERVED
[ATK] client=Client001 round=22 atk=psmu enter_malicious=True
[ATK] psmu client=Client001 round=22 target=2248 |target_shift|=9.4776
[ATK] process_grad uploaded target-row |delta|=9.47765 force_keep=[2248] -> PRESERVED
[ATK] client=Client002 round=22 atk=psmu enter_malicious=True
[ATK] psmu client=Client002 round=22 target=2248 |target_shift|=8.8420
[ATK] process_grad uploaded target-row |delta|=8.84203 force_keep=[2248] -> PRESERVED
[ATK] client=Client003 round=22 atk=psmu enter_malicious=True
[ATK] psmu client=Client003 round=22 target=2248 |target_shift|=9.9830
[ATK] process_grad uploaded target-row |delta|=9.98298 force_keep=[2248] -> PRESERVED
[ATK] client=Client004 round=22 atk=psmu enter_malicious=True
[ATK] psmu client=Client004 round=22 target=2248 |target_shift|=8.3576
[ATK] process_grad uploaded target-row |delta|=8.35762 force_keep=[2248] -> PRESERVED
[ATK] client=Client005 round=22 atk=psmu enter_malicious=True
[ATK] psmu client=Client005 round=22 target=2248 |target_shift|=9.6314
[ATK] process_grad uploaded target-row |delta|=9.63144 force_keep=[2248] -> PRESERVED
[ATK] client=Client006 round=22 atk=psmu enter_malicious=True
[ATK] psmu client=Client006 round=22 target=2248 |target_shift|=9.8682
[ATK] process_grad uploaded target-row |delta|=9.86824 force_keep=[2248] -> PRESERVED
[ATK] client=Client007 round=22 atk=psmu enter_malicious=True
[ATK] psmu client=Client007 round=22 target=2248 |target_shift|=7.9570
[ATK] process_grad uploaded target-row |delta|=7.95700 force_keep=[2248] -> PRESERVED
[ATK] client=Client008 round=22 atk=psmu enter_malicious=True
[ATK] psmu client=Client008 round=22 target=2248 |target_shift|=9.6208
[ATK] process_grad uploaded target-row |delta|=9.62077 force_keep=[2248] -> PRESERVED
[ATK] client=Client009 round=22 atk=psmu enter_malicious=True
[ATK] psmu client=Client009 round=22 target=2248 |target_shift|=9.8063
[ATK] process_grad uploaded target-row |delta|=9.80627 force_keep=[2248] -> PRESERVED
53145
48130
45950
49200
50970
50355
62005
63095
60800
37145
41585
54115
37400
48390
54835
57275
54420
38120
49300
41575
40110
51300
52420
50925
44950
47215
48175
54130
46805
43410
56880
41720
58230
51075
44885
46430
58155
38825
51090
50460
49370
42415
41595
37300
40055
40980
47400
54785
42965
44010
43410
50735
42175
68510
49285
56555
51535
39720
53800
48860
47895
46330
51355
52745
48945
55790
68485
66810
44415
45910
59150
52470
60720
48265
54520
59030
50000
47110
37500
58340
45215
56555
49965
45265
38975
54265
43355
49960
39370
41365
unlearning time:              6.1689s
Time Cost:                    476.2410s
Hit Ratio and NDCG for top 20 recommendation!
HR@20:0.7003248330297508 and  NDCG@20:0.3241343670812812
Selected clients in this round:
[0, 1, 2, 3, 4, 5, 6, 7, 8, 9, 10, 11, 12, 13, 14, 15, 16, 17, 18, 19, 20, 21, 22, 23, 24, 25, 26, 27, 28, 29, 30, 31, 32, 33, 34, 35, 36, 37, 38, 39, 40, 41, 42, 43, 44, 45, 46, 47, 48, 49, 50, 51, 52, 53, 54, 55, 56, 57, 58, 59, 60, 61, 62, 63, 64, 65, 66, 67, 68, 69, 70, 71, 72, 73, 74, 75, 76, 77, 78, 79, 80, 81, 82, 83, 84, 85, 86, 87, 88, 89, 90, 91, 92, 93, 94, 95, 96, 97, 98, 99]
--------------Round 23--------------
[ATK] client=Client000 round=23 atk=psmu enter_malicious=True
[ATK] psmu client=Client000 round=23 target=2248 |target_shift|=10.1190
[ATK] process_grad uploaded target-row |delta|=10.11900 force_keep=[2248] -> PRESERVED
[ATK] client=Client001 round=23 atk=psmu enter_malicious=True
[ATK] psmu client=Client001 round=23 target=2248 |target_shift|=9.1697
[ATK] process_grad uploaded target-row |delta|=9.16969 force_keep=[2248] -> PRESERVED
[ATK] client=Client002 round=23 atk=psmu enter_malicious=True
[ATK] psmu client=Client002 round=23 target=2248 |target_shift|=8.6139
[ATK] process_grad uploaded target-row |delta|=8.61391 force_keep=[2248] -> PRESERVED
[ATK] client=Client003 round=23 atk=psmu enter_malicious=True
[ATK] psmu client=Client003 round=23 target=2248 |target_shift|=9.1553
[ATK] process_grad uploaded target-row |delta|=9.15527 force_keep=[2248] -> PRESERVED
[ATK] client=Client004 round=23 atk=psmu enter_malicious=True
[ATK] psmu client=Client004 round=23 target=2248 |target_shift|=10.4007
[ATK] process_grad uploaded target-row |delta|=10.40071 force_keep=[2248] -> PRESERVED
[ATK] client=Client005 round=23 atk=psmu enter_malicious=True
[ATK] psmu client=Client005 round=23 target=2248 |target_shift|=9.3730
[ATK] process_grad uploaded target-row |delta|=9.37303 force_keep=[2248] -> PRESERVED
[ATK] client=Client006 round=23 atk=psmu enter_malicious=True
[ATK] psmu client=Client006 round=23 target=2248 |target_shift|=9.9395
[ATK] process_grad uploaded target-row |delta|=9.93954 force_keep=[2248] -> PRESERVED
[ATK] client=Client007 round=23 atk=psmu enter_malicious=True
[ATK] psmu client=Client007 round=23 target=2248 |target_shift|=9.2005
[ATK] process_grad uploaded target-row |delta|=9.20048 force_keep=[2248] -> PRESERVED
[ATK] client=Client008 round=23 atk=psmu enter_malicious=True
[ATK] psmu client=Client008 round=23 target=2248 |target_shift|=9.5259
[ATK] process_grad uploaded target-row |delta|=9.52593 force_keep=[2248] -> PRESERVED
[ATK] client=Client009 round=23 atk=psmu enter_malicious=True
[ATK] psmu client=Client009 round=23 target=2248 |target_shift|=10.5483
[ATK] process_grad uploaded target-row |delta|=10.54833 force_keep=[2248] -> PRESERVED
53145
48130
45950
49200
50970
50355
62005
63095
60800
37145
41585
54115
37400
48390
54835
57275
54420
38120
49300
41575
40110
51300
52420
50925
44950
47215
48175
54130
46805
43410
56880
41720
58230
51075
44885
46430
58155
38825
51090
50460
49370
42415
41595
37300
40055
40980
47400
54785
42965
44010
43410
50735
42175
68510
49285
56555
51535
39720
53800
48860
47895
46330
51355
52745
48945
55790
68485
66810
44415
45910
59150
52470
60720
48265
54520
59030
50000
47110
37500
58340
45215
56555
49965
45265
38975
54265
43355
49960
39370
41365
unlearning time:              6.4348s
Time Cost:                    474.3487s
Hit Ratio and NDCG for top 20 recommendation!
HR@20:0.7056618093503337 and  NDCG@20:0.3262885205497022
Selected clients in this round:
[0, 1, 2, 3, 4, 5, 6, 7, 8, 9, 10, 11, 12, 13, 14, 15, 16, 17, 18, 19, 20, 21, 22, 23, 24, 25, 26, 27, 28, 29, 30, 31, 32, 33, 34, 35, 36, 37, 38, 39, 40, 41, 42, 43, 44, 45, 46, 47, 48, 49, 50, 51, 52, 53, 54, 55, 56, 57, 58, 59, 60, 61, 62, 63, 64, 65, 66, 67, 68, 69, 70, 71, 72, 73, 74, 75, 76, 77, 78, 79, 80, 81, 82, 83, 84, 85, 86, 87, 88, 89, 90, 91, 92, 93, 94, 95, 96, 97, 98, 99]
--------------Round 24--------------
[ATK] client=Client000 round=24 atk=psmu enter_malicious=True
[ATK] psmu client=Client000 round=24 target=2248 |target_shift|=10.3201
[ATK] process_grad uploaded target-row |delta|=10.32009 force_keep=[2248] -> PRESERVED
[ATK] client=Client001 round=24 atk=psmu enter_malicious=True
[ATK] psmu client=Client001 round=24 target=2248 |target_shift|=10.0566
[ATK] process_grad uploaded target-row |delta|=10.05664 force_keep=[2248] -> PRESERVED
[ATK] client=Client002 round=24 atk=psmu enter_malicious=True
[ATK] psmu client=Client002 round=24 target=2248 |target_shift|=9.0908
[ATK] process_grad uploaded target-row |delta|=9.09082 force_keep=[2248] -> PRESERVED
[ATK] client=Client003 round=24 atk=psmu enter_malicious=True
[ATK] psmu client=Client003 round=24 target=2248 |target_shift|=8.4976
[ATK] process_grad uploaded target-row |delta|=8.49757 force_keep=[2248] -> PRESERVED
[ATK] client=Client004 round=24 atk=psmu enter_malicious=True
[ATK] psmu client=Client004 round=24 target=2248 |target_shift|=9.0487
[ATK] process_grad uploaded target-row |delta|=9.04866 force_keep=[2248] -> PRESERVED
[ATK] client=Client005 round=24 atk=psmu enter_malicious=True
[ATK] psmu client=Client005 round=24 target=2248 |target_shift|=9.5701
[ATK] process_grad uploaded target-row |delta|=9.57015 force_keep=[2248] -> PRESERVED
[ATK] client=Client006 round=24 atk=psmu enter_malicious=True
[ATK] psmu client=Client006 round=24 target=2248 |target_shift|=8.8528
[ATK] process_grad uploaded target-row |delta|=8.85278 force_keep=[2248] -> PRESERVED
[ATK] client=Client007 round=24 atk=psmu enter_malicious=True
[ATK] psmu client=Client007 round=24 target=2248 |target_shift|=9.8046
[ATK] process_grad uploaded target-row |delta|=9.80460 force_keep=[2248] -> PRESERVED
[ATK] client=Client008 round=24 atk=psmu enter_malicious=True
[ATK] psmu client=Client008 round=24 target=2248 |target_shift|=9.0875
[ATK] process_grad uploaded target-row |delta|=9.08749 force_keep=[2248] -> PRESERVED
[ATK] client=Client009 round=24 atk=psmu enter_malicious=True
[ATK] psmu client=Client009 round=24 target=2248 |target_shift|=9.7622
[ATK] process_grad uploaded target-row |delta|=9.76224 force_keep=[2248] -> PRESERVED
53145
48130
45950
49200
50970
50355
62005
63095
60800
37145
41585
54115
37400
48390
54835
57275
54420
38120
49300
41575
40110
51300
52420
50925
44950
47215
48175
54130
46805
43410
56880
41720
58230
51075
44885
46430
58155
38825
51090
50460
49370
42415
41595
37300
40055
40980
47400
54785
42965
44010
43410
50735
42175
68510
49285
56555
51535
39720
53800
48860
47895
46330
51355
52745
48945
55790
68485
66810
44415
45910
59150
52470
60720
48265
54520
59030
50000
47110
37500
58340
45215
56555
49965
45265
38975
54265
43355
49960
39370
41365
unlearning time:              6.6919s
Time Cost:                    476.9702s
Hit Ratio and NDCG for top 20 recommendation!
HR@20:0.7049726775956288 and  NDCG@20:0.3265286718617862
Selected clients in this round:
[0, 1, 2, 3, 4, 5, 6, 7, 8, 9, 10, 11, 12, 13, 14, 15, 16, 17, 18, 19, 20, 21, 22, 23, 24, 25, 26, 27, 28, 29, 30, 31, 32, 33, 34, 35, 36, 37, 38, 39, 40, 41, 42, 43, 44, 45, 46, 47, 48, 49, 50, 51, 52, 53, 54, 55, 56, 57, 58, 59, 60, 61, 62, 63, 64, 65, 66, 67, 68, 69, 70, 71, 72, 73, 74, 75, 76, 77, 78, 79, 80, 81, 82, 83, 84, 85, 86, 87, 88, 89, 90, 91, 92, 93, 94, 95, 96, 97, 98, 99]
--------------Round 25--------------
[ATK] client=Client000 round=25 atk=psmu enter_malicious=True
[ATK] psmu client=Client000 round=25 target=2248 |target_shift|=8.4833
[ATK] process_grad uploaded target-row |delta|=8.48329 force_keep=[2248] -> PRESERVED
[ATK] client=Client001 round=25 atk=psmu enter_malicious=True
[ATK] psmu client=Client001 round=25 target=2248 |target_shift|=9.4765
[ATK] process_grad uploaded target-row |delta|=9.47649 force_keep=[2248] -> PRESERVED
[ATK] client=Client002 round=25 atk=psmu enter_malicious=True
[ATK] psmu client=Client002 round=25 target=2248 |target_shift|=8.7250
[ATK] process_grad uploaded target-row |delta|=8.72499 force_keep=[2248] -> PRESERVED
[ATK] client=Client003 round=25 atk=psmu enter_malicious=True
[ATK] psmu client=Client003 round=25 target=2248 |target_shift|=8.5226
[ATK] process_grad uploaded target-row |delta|=8.52263 force_keep=[2248] -> PRESERVED
[ATK] client=Client004 round=25 atk=psmu enter_malicious=True
[ATK] psmu client=Client004 round=25 target=2248 |target_shift|=7.9671
[ATK] process_grad uploaded target-row |delta|=7.96714 force_keep=[2248] -> PRESERVED
[ATK] client=Client005 round=25 atk=psmu enter_malicious=True
[ATK] psmu client=Client005 round=25 target=2248 |target_shift|=9.2220
[ATK] process_grad uploaded target-row |delta|=9.22197 force_keep=[2248] -> PRESERVED
[ATK] client=Client006 round=25 atk=psmu enter_malicious=True
[ATK] psmu client=Client006 round=25 target=2248 |target_shift|=9.1990
[ATK] process_grad uploaded target-row |delta|=9.19896 force_keep=[2248] -> PRESERVED
[ATK] client=Client007 round=25 atk=psmu enter_malicious=True
[ATK] psmu client=Client007 round=25 target=2248 |target_shift|=9.3237
[ATK] process_grad uploaded target-row |delta|=9.32365 force_keep=[2248] -> PRESERVED
[ATK] client=Client008 round=25 atk=psmu enter_malicious=True
[ATK] psmu client=Client008 round=25 target=2248 |target_shift|=9.9066
[ATK] process_grad uploaded target-row |delta|=9.90664 force_keep=[2248] -> PRESERVED
[ATK] client=Client009 round=25 atk=psmu enter_malicious=True
[ATK] psmu client=Client009 round=25 target=2248 |target_shift|=8.9541
[ATK] process_grad uploaded target-row |delta|=8.95413 force_keep=[2248] -> PRESERVED
53145
48130
45950
49200
50970
50355
62005
63095
60800
37145
41585
54115
37400
48390
54835
57275
54420
38120
49300
41575
40110
51300
52420
50925
44950
47215
48175
54130
46805
43410
56880
41720
58230
51075
44885
46430
58155
38825
51090
50460
49370
42415
41595
37300
40055
40980
47400
54785
42965
44010
43410
50735
42175
68510
49285
56555
51535
39720
53800
48860
47895
46330
51355
52745
48945
55790
68485
66810
44415
45910
59150
52470
60720
48265
54520
59030
50000
47110
37500
58340
45215
56555
49965
45265
38975
54265
43355
49960
39370
41365
unlearning time:              7.0278s
Time Cost:                    475.5491s
Hit Ratio and NDCG for top 20 recommendation!
HR@20:0.703296903460838 and  NDCG@20:0.32513957191214826
Selected clients in this round:
[0, 1, 2, 3, 4, 5, 6, 7, 8, 9, 10, 11, 12, 13, 14, 15, 16, 17, 18, 19, 20, 21, 22, 23, 24, 25, 26, 27, 28, 29, 30, 31, 32, 33, 34, 35, 36, 37, 38, 39, 40, 41, 42, 43, 44, 45, 46, 47, 48, 49, 50, 51, 52, 53, 54, 55, 56, 57, 58, 59, 60, 61, 62, 63, 64, 65, 66, 67, 68, 69, 70, 71, 72, 73, 74, 75, 76, 77, 78, 79, 80, 81, 82, 83, 84, 85, 86, 87, 88, 89, 90, 91, 92, 93, 94, 95, 96, 97, 98, 99]
--------------Round 26--------------
[ATK] client=Client000 round=26 atk=psmu enter_malicious=True
[ATK] psmu client=Client000 round=26 target=2248 |target_shift|=6.9499
[ATK] process_grad uploaded target-row |delta|=6.94991 force_keep=[2248] -> PRESERVED
[ATK] client=Client001 round=26 atk=psmu enter_malicious=True
[ATK] psmu client=Client001 round=26 target=2248 |target_shift|=7.6856
[ATK] process_grad uploaded target-row |delta|=7.68564 force_keep=[2248] -> PRESERVED
[ATK] client=Client002 round=26 atk=psmu enter_malicious=True
[ATK] psmu client=Client002 round=26 target=2248 |target_shift|=7.5857
[ATK] process_grad uploaded target-row |delta|=7.58566 force_keep=[2248] -> PRESERVED
[ATK] client=Client003 round=26 atk=psmu enter_malicious=True
[ATK] psmu client=Client003 round=26 target=2248 |target_shift|=8.1045
[ATK] process_grad uploaded target-row |delta|=8.10448 force_keep=[2248] -> PRESERVED
[ATK] client=Client004 round=26 atk=psmu enter_malicious=True
[ATK] psmu client=Client004 round=26 target=2248 |target_shift|=8.6289
[ATK] process_grad uploaded target-row |delta|=8.62887 force_keep=[2248] -> PRESERVED
[ATK] client=Client005 round=26 atk=psmu enter_malicious=True
[ATK] psmu client=Client005 round=26 target=2248 |target_shift|=7.6426
[ATK] process_grad uploaded target-row |delta|=7.64256 force_keep=[2248] -> PRESERVED
[ATK] client=Client006 round=26 atk=psmu enter_malicious=True
[ATK] psmu client=Client006 round=26 target=2248 |target_shift|=7.3194
[ATK] process_grad uploaded target-row |delta|=7.31938 force_keep=[2248] -> PRESERVED
[ATK] client=Client007 round=26 atk=psmu enter_malicious=True
[ATK] psmu client=Client007 round=26 target=2248 |target_shift|=7.9026
[ATK] process_grad uploaded target-row |delta|=7.90263 force_keep=[2248] -> PRESERVED
[ATK] client=Client008 round=26 atk=psmu enter_malicious=True
[ATK] psmu client=Client008 round=26 target=2248 |target_shift|=7.1767
[ATK] process_grad uploaded target-row |delta|=7.17675 force_keep=[2248] -> PRESERVED
[ATK] client=Client009 round=26 atk=psmu enter_malicious=True
[ATK] psmu client=Client009 round=26 target=2248 |target_shift|=7.0515
[ATK] process_grad uploaded target-row |delta|=7.05153 force_keep=[2248] -> PRESERVED
53145
48130
45950
49200
50970
50355
62005
63095
60800
37145
41585
54115
37400
48390
54835
57275
54420
38120
49300
41575
40110
51300
52420
50925
44950
47215
48175
54130
46805
43410
56880
41720
58230
51075
44885
46430
58155
38825
51090
50460
49370
42415
41595
37300
40055
40980
47400
54785
42965
44010
43410
50735
42175
68510
49285
56555
51535
39720
53800
48860
47895
46330
51355
52745
48945
55790
68485
66810
44415
45910
59150
52470
60720
48265
54520
59030
50000
47110
37500
58340
45215
56555
49965
45265
38975
54265
43355
49960
39370
41365
unlearning time:              7.2176s
Time Cost:                    476.9652s
Hit Ratio and NDCG for top 20 recommendation!
HR@20:0.7141772920461444 and  NDCG@20:0.32989432559892007
Selected clients in this round:
[0, 1, 2, 3, 4, 5, 6, 7, 8, 9, 10, 11, 12, 13, 14, 15, 16, 17, 18, 19, 20, 21, 22, 23, 24, 25, 26, 27, 28, 29, 30, 31, 32, 33, 34, 35, 36, 37, 38, 39, 40, 41, 42, 43, 44, 45, 46, 47, 48, 49, 50, 51, 52, 53, 54, 55, 56, 57, 58, 59, 60, 61, 62, 63, 64, 65, 66, 67, 68, 69, 70, 71, 72, 73, 74, 75, 76, 77, 78, 79, 80, 81, 82, 83, 84, 85, 86, 87, 88, 89, 90, 91, 92, 93, 94, 95, 96, 97, 98, 99]
--------------Round 27--------------
[ATK] client=Client000 round=27 atk=psmu enter_malicious=True
[ATK] psmu client=Client000 round=27 target=2248 |target_shift|=10.7775
[ATK] process_grad uploaded target-row |delta|=10.77749 force_keep=[2248] -> PRESERVED
[ATK] client=Client001 round=27 atk=psmu enter_malicious=True
[ATK] psmu client=Client001 round=27 target=2248 |target_shift|=10.6357
[ATK] process_grad uploaded target-row |delta|=10.63572 force_keep=[2248] -> PRESERVED
[ATK] client=Client002 round=27 atk=psmu enter_malicious=True
[ATK] psmu client=Client002 round=27 target=2248 |target_shift|=10.0391
[ATK] process_grad uploaded target-row |delta|=10.03908 force_keep=[2248] -> PRESERVED
[ATK] client=Client003 round=27 atk=psmu enter_malicious=True
[ATK] psmu client=Client003 round=27 target=2248 |target_shift|=10.5850
[ATK] process_grad uploaded target-row |delta|=10.58500 force_keep=[2248] -> PRESERVED
[ATK] client=Client004 round=27 atk=psmu enter_malicious=True
[ATK] psmu client=Client004 round=27 target=2248 |target_shift|=10.7856
[ATK] process_grad uploaded target-row |delta|=10.78562 force_keep=[2248] -> PRESERVED
[ATK] client=Client005 round=27 atk=psmu enter_malicious=True
[ATK] psmu client=Client005 round=27 target=2248 |target_shift|=9.5735
[ATK] process_grad uploaded target-row |delta|=9.57354 force_keep=[2248] -> PRESERVED
[ATK] client=Client006 round=27 atk=psmu enter_malicious=True
[ATK] psmu client=Client006 round=27 target=2248 |target_shift|=11.3210
[ATK] process_grad uploaded target-row |delta|=11.32096 force_keep=[2248] -> PRESERVED
[ATK] client=Client007 round=27 atk=psmu enter_malicious=True
[ATK] psmu client=Client007 round=27 target=2248 |target_shift|=11.3936
[ATK] process_grad uploaded target-row |delta|=11.39357 force_keep=[2248] -> PRESERVED
[ATK] client=Client008 round=27 atk=psmu enter_malicious=True
[ATK] psmu client=Client008 round=27 target=2248 |target_shift|=10.3912
[ATK] process_grad uploaded target-row |delta|=10.39122 force_keep=[2248] -> PRESERVED
[ATK] client=Client009 round=27 atk=psmu enter_malicious=True
[ATK] psmu client=Client009 round=27 target=2248 |target_shift|=10.4509
[ATK] process_grad uploaded target-row |delta|=10.45086 force_keep=[2248] -> PRESERVED
53145
48130
45950
49200
50970
50355
62005
63095
60800
37145
41585
54115
37400
48390
54835
57275
54420
38120
49300
41575
40110
51300
52420
50925
44950
47215
48175
54130
46805
43410
56880
41720
58230
51075
44885
46430
58155
38825
51090
50460
49370
42415
41595
37300
40055
40980
47400
54785
42965
44010
43410
50735
42175
68510
49285
56555
51535
39720
53800
48860
47895
46330
51355
52745
48945
55790
68485
66810
44415
45910
59150
52470
60720
48265
54520
59030
50000
47110
37500
58340
45215
56555
49965
45265
38975
54265
43355
49960
39370
41365
unlearning time:              7.5204s
Time Cost:                    478.2155s
Hit Ratio and NDCG for top 20 recommendation!
HR@20:0.7066393442622954 and  NDCG@20:0.329476583284145
Selected clients in this round:
[0, 1, 2, 3, 4, 5, 6, 7, 8, 9, 10, 11, 12, 13, 14, 15, 16, 17, 18, 19, 20, 21, 22, 23, 24, 25, 26, 27, 28, 29, 30, 31, 32, 33, 34, 35, 36, 37, 38, 39, 40, 41, 42, 43, 44, 45, 46, 47, 48, 49, 50, 51, 52, 53, 54, 55, 56, 57, 58, 59, 60, 61, 62, 63, 64, 65, 66, 67, 68, 69, 70, 71, 72, 73, 74, 75, 76, 77, 78, 79, 80, 81, 82, 83, 84, 85, 86, 87, 88, 89, 90, 91, 92, 93, 94, 95, 96, 97, 98, 99]
--------------Round 28--------------
[ATK] client=Client000 round=28 atk=psmu enter_malicious=True
[ATK] psmu client=Client000 round=28 target=2248 |target_shift|=9.6230
[ATK] process_grad uploaded target-row |delta|=9.62297 force_keep=[2248] -> PRESERVED
[ATK] client=Client001 round=28 atk=psmu enter_malicious=True
[ATK] psmu client=Client001 round=28 target=2248 |target_shift|=10.0973
[ATK] process_grad uploaded target-row |delta|=10.09733 force_keep=[2248] -> PRESERVED
[ATK] client=Client002 round=28 atk=psmu enter_malicious=True
[ATK] psmu client=Client002 round=28 target=2248 |target_shift|=9.5424
[ATK] process_grad uploaded target-row |delta|=9.54242 force_keep=[2248] -> PRESERVED
[ATK] client=Client003 round=28 atk=psmu enter_malicious=True
[ATK] psmu client=Client003 round=28 target=2248 |target_shift|=9.2683
[ATK] process_grad uploaded target-row |delta|=9.26826 force_keep=[2248] -> PRESERVED
[ATK] client=Client004 round=28 atk=psmu enter_malicious=True
[ATK] psmu client=Client004 round=28 target=2248 |target_shift|=9.9691
[ATK] process_grad uploaded target-row |delta|=9.96911 force_keep=[2248] -> PRESERVED
[ATK] client=Client005 round=28 atk=psmu enter_malicious=True
[ATK] psmu client=Client005 round=28 target=2248 |target_shift|=8.6544
[ATK] process_grad uploaded target-row |delta|=8.65438 force_keep=[2248] -> PRESERVED
[ATK] client=Client006 round=28 atk=psmu enter_malicious=True
[ATK] psmu client=Client006 round=28 target=2248 |target_shift|=9.2276
[ATK] process_grad uploaded target-row |delta|=9.22758 force_keep=[2248] -> PRESERVED
[ATK] client=Client007 round=28 atk=psmu enter_malicious=True
[ATK] psmu client=Client007 round=28 target=2248 |target_shift|=8.7109
[ATK] process_grad uploaded target-row |delta|=8.71089 force_keep=[2248] -> PRESERVED
[ATK] client=Client008 round=28 atk=psmu enter_malicious=True
[ATK] psmu client=Client008 round=28 target=2248 |target_shift|=8.9639
[ATK] process_grad uploaded target-row |delta|=8.96385 force_keep=[2248] -> PRESERVED
[ATK] client=Client009 round=28 atk=psmu enter_malicious=True
[ATK] psmu client=Client009 round=28 target=2248 |target_shift|=9.1986
[ATK] process_grad uploaded target-row |delta|=9.19864 force_keep=[2248] -> PRESERVED
53145
48130
45950
49200
50970
50355
62005
63095
60800
37145
41585
54115
37400
48390
54835
57275
54420
38120
49300
41575
40110
51300
52420
50925
44950
47215
48175
54130
46805
43410
56880
41720
58230
51075
44885
46430
58155
38825
51090
50460
49370
42415
41595
37300
40055
40980
47400
54785
42965
44010
43410
50735
42175
68510
49285
56555
51535
39720
53800
48860
47895
46330
51355
52745
48945
55790
68485
66810
44415
45910
59150
52470
60720
48265
54520
59030
50000
47110
37500
58340
45215
56555
49965
45265
38975
54265
43355
49960
39370
41365
unlearning time:              7.7660s
Time Cost:                    477.9173s
Hit Ratio and NDCG for top 20 recommendation!
HR@20:0.7091955069823922 and  NDCG@20:0.3269919202350584
Selected clients in this round:
[0, 1, 2, 3, 4, 5, 6, 7, 8, 9, 10, 11, 12, 13, 14, 15, 16, 17, 18, 19, 20, 21, 22, 23, 24, 25, 26, 27, 28, 29, 30, 31, 32, 33, 34, 35, 36, 37, 38, 39, 40, 41, 42, 43, 44, 45, 46, 47, 48, 49, 50, 51, 52, 53, 54, 55, 56, 57, 58, 59, 60, 61, 62, 63, 64, 65, 66, 67, 68, 69, 70, 71, 72, 73, 74, 75, 76, 77, 78, 79, 80, 81, 82, 83, 84, 85, 86, 87, 88, 89, 90, 91, 92, 93, 94, 95, 96, 97, 98, 99]
--------------Round 29--------------
[ATK] client=Client000 round=29 atk=psmu enter_malicious=True
[ATK] psmu client=Client000 round=29 target=2248 |target_shift|=8.7301
[ATK] process_grad uploaded target-row |delta|=8.73006 force_keep=[2248] -> PRESERVED
[ATK] client=Client001 round=29 atk=psmu enter_malicious=True
[ATK] psmu client=Client001 round=29 target=2248 |target_shift|=8.2936
[ATK] process_grad uploaded target-row |delta|=8.29359 force_keep=[2248] -> PRESERVED
[ATK] client=Client002 round=29 atk=psmu enter_malicious=True
[ATK] psmu client=Client002 round=29 target=2248 |target_shift|=8.8774
[ATK] process_grad uploaded target-row |delta|=8.87742 force_keep=[2248] -> PRESERVED
[ATK] client=Client003 round=29 atk=psmu enter_malicious=True
[ATK] psmu client=Client003 round=29 target=2248 |target_shift|=9.3153
[ATK] process_grad uploaded target-row |delta|=9.31526 force_keep=[2248] -> PRESERVED
[ATK] client=Client004 round=29 atk=psmu enter_malicious=True
[ATK] psmu client=Client004 round=29 target=2248 |target_shift|=9.4825
[ATK] process_grad uploaded target-row |delta|=9.48252 force_keep=[2248] -> PRESERVED
[ATK] client=Client005 round=29 atk=psmu enter_malicious=True
[ATK] psmu client=Client005 round=29 target=2248 |target_shift|=9.0710
[ATK] process_grad uploaded target-row |delta|=9.07099 force_keep=[2248] -> PRESERVED
[ATK] client=Client006 round=29 atk=psmu enter_malicious=True
[ATK] psmu client=Client006 round=29 target=2248 |target_shift|=9.0916
[ATK] process_grad uploaded target-row |delta|=9.09161 force_keep=[2248] -> PRESERVED
[ATK] client=Client007 round=29 atk=psmu enter_malicious=True
[ATK] psmu client=Client007 round=29 target=2248 |target_shift|=8.8252
[ATK] process_grad uploaded target-row |delta|=8.82520 force_keep=[2248] -> PRESERVED
[ATK] client=Client008 round=29 atk=psmu enter_malicious=True
[ATK] psmu client=Client008 round=29 target=2248 |target_shift|=9.3869
[ATK] process_grad uploaded target-row |delta|=9.38689 force_keep=[2248] -> PRESERVED
[ATK] client=Client009 round=29 atk=psmu enter_malicious=True
[ATK] psmu client=Client009 round=29 target=2248 |target_shift|=9.4725
[ATK] process_grad uploaded target-row |delta|=9.47247 force_keep=[2248] -> PRESERVED
53145
48130
45950
49200
50970
50355
62005
63095
60800
37145
41585
54115
37400
48390
54835
57275
54420
38120
49300
41575
40110
51300
52420
50925
44950
47215
48175
54130
46805
43410
56880
41720
58230
51075
44885
46430
58155
38825
51090
50460
49370
42415
41595
37300
40055
40980
47400
54785
42965
44010
43410
50735
42175
68510
49285
56555
51535
39720
53800
48860
47895
46330
51355
52745
48945
55790
68485
66810
44415
45910
59150
52470
60720
48265
54520
59030
50000
47110
37500
58340
45215
56555
49965
45265
38975
54265
43355
49960
39370
41365
unlearning time:              8.0880s
Time Cost:                    479.8887s
Hit Ratio and NDCG for top 20 recommendation!
HR@20:0.7090012143290831 and  NDCG@20:0.32988628493756067
Selected clients in this round:
[0, 1, 2, 3, 4, 5, 6, 7, 8, 9, 10, 11, 12, 13, 14, 15, 16, 17, 18, 19, 20, 21, 22, 23, 24, 25, 26, 27, 28, 29, 30, 31, 32, 33, 34, 35, 36, 37, 38, 39, 40, 41, 42, 43, 44, 45, 46, 47, 48, 49, 50, 51, 52, 53, 54, 55, 56, 57, 58, 59, 60, 61, 62, 63, 64, 65, 66, 67, 68, 69, 70, 71, 72, 73, 74, 75, 76, 77, 78, 79, 80, 81, 82, 83, 84, 85, 86, 87, 88, 89, 90, 91, 92, 93, 94, 95, 96, 97, 98, 99]
--------------Round 30--------------
[ATK] client=Client000 round=30 atk=psmu enter_malicious=True
[ATK] psmu client=Client000 round=30 target=2248 |target_shift|=9.5650
[ATK] process_grad uploaded target-row |delta|=9.56501 force_keep=[2248] -> PRESERVED
[ATK] client=Client001 round=30 atk=psmu enter_malicious=True
[ATK] psmu client=Client001 round=30 target=2248 |target_shift|=8.5323
[ATK] process_grad uploaded target-row |delta|=8.53230 force_keep=[2248] -> PRESERVED
[ATK] client=Client002 round=30 atk=psmu enter_malicious=True
[ATK] psmu client=Client002 round=30 target=2248 |target_shift|=8.8219
[ATK] process_grad uploaded target-row |delta|=8.82188 force_keep=[2248] -> PRESERVED
[ATK] client=Client003 round=30 atk=psmu enter_malicious=True
[ATK] psmu client=Client003 round=30 target=2248 |target_shift|=8.6317
[ATK] process_grad uploaded target-row |delta|=8.63173 force_keep=[2248] -> PRESERVED
[ATK] client=Client004 round=30 atk=psmu enter_malicious=True
[ATK] psmu client=Client004 round=30 target=2248 |target_shift|=8.2648
[ATK] process_grad uploaded target-row |delta|=8.26483 force_keep=[2248] -> PRESERVED
[ATK] client=Client005 round=30 atk=psmu enter_malicious=True
[ATK] psmu client=Client005 round=30 target=2248 |target_shift|=8.8247
[ATK] process_grad uploaded target-row |delta|=8.82470 force_keep=[2248] -> PRESERVED
[ATK] client=Client006 round=30 atk=psmu enter_malicious=True
[ATK] psmu client=Client006 round=30 target=2248 |target_shift|=8.6459
[ATK] process_grad uploaded target-row |delta|=8.64586 force_keep=[2248] -> PRESERVED
[ATK] client=Client007 round=30 atk=psmu enter_malicious=True
[ATK] psmu client=Client007 round=30 target=2248 |target_shift|=9.2263
[ATK] process_grad uploaded target-row |delta|=9.22629 force_keep=[2248] -> PRESERVED
[ATK] client=Client008 round=30 atk=psmu enter_malicious=True
[ATK] psmu client=Client008 round=30 target=2248 |target_shift|=8.6240
[ATK] process_grad uploaded target-row |delta|=8.62396 force_keep=[2248] -> PRESERVED
[ATK] client=Client009 round=30 atk=psmu enter_malicious=True
[ATK] psmu client=Client009 round=30 target=2248 |target_shift|=8.4628
[ATK] process_grad uploaded target-row |delta|=8.46277 force_keep=[2248] -> PRESERVED
53145
48130
45950
49200
50970
50355
62005
63095
60800
37145
41585
54115
37400
48390
54835
57275
54420
38120
49300
41575
40110
51300
52420
50925
44950
47215
48175
54130
46805
43410
56880
41720
58230
51075
44885
46430
58155
38825
51090
50460
49370
42415
41595
37300
40055
40980
47400
54785
42965
44010
43410
50735
42175
68510
49285
56555
51535
39720
53800
48860
47895
46330
51355
52745
48945
55790
68485
66810
44415
45910
59150
52470
60720
48265
54520
59030
50000
47110
37500
58340
45215
56555
49965
45265
38975
54265
43355
49960
39370
41365
unlearning time:              8.3649s
Time Cost:                    479.5981s
Hit Ratio and NDCG for top 20 recommendation!
HR@20:0.712689738919247 and  NDCG@20:0.3325598267787957
Selected clients in this round:
[0, 1, 2, 3, 4, 5, 6, 7, 8, 9, 10, 11, 12, 13, 14, 15, 16, 17, 18, 19, 20, 21, 22, 23, 24, 25, 26, 27, 28, 29, 30, 31, 32, 33, 34, 35, 36, 37, 38, 39, 40, 41, 42, 43, 44, 45, 46, 47, 48, 49, 50, 51, 52, 53, 54, 55, 56, 57, 58, 59, 60, 61, 62, 63, 64, 65, 66, 67, 68, 69, 70, 71, 72, 73, 74, 75, 76, 77, 78, 79, 80, 81, 82, 83, 84, 85, 86, 87, 88, 89, 90, 91, 92, 93, 94, 95, 96, 97, 98, 99]
--------------Round 31--------------
[ATK] client=Client000 round=31 atk=psmu enter_malicious=True
[ATK] psmu client=Client000 round=31 target=2248 |target_shift|=7.6114
[ATK] process_grad uploaded target-row |delta|=7.61142 force_keep=[2248] -> PRESERVED
[ATK] client=Client001 round=31 atk=psmu enter_malicious=True
[ATK] psmu client=Client001 round=31 target=2248 |target_shift|=7.8792
[ATK] process_grad uploaded target-row |delta|=7.87918 force_keep=[2248] -> PRESERVED
[ATK] client=Client002 round=31 atk=psmu enter_malicious=True
[ATK] psmu client=Client002 round=31 target=2248 |target_shift|=8.0650
[ATK] process_grad uploaded target-row |delta|=8.06501 force_keep=[2248] -> PRESERVED
[ATK] client=Client003 round=31 atk=psmu enter_malicious=True
[ATK] psmu client=Client003 round=31 target=2248 |target_shift|=7.5408
[ATK] process_grad uploaded target-row |delta|=7.54077 force_keep=[2248] -> PRESERVED
[ATK] client=Client004 round=31 atk=psmu enter_malicious=True
[ATK] psmu client=Client004 round=31 target=2248 |target_shift|=7.4646
[ATK] process_grad uploaded target-row |delta|=7.46456 force_keep=[2248] -> PRESERVED
[ATK] client=Client005 round=31 atk=psmu enter_malicious=True
[ATK] psmu client=Client005 round=31 target=2248 |target_shift|=8.2024
[ATK] process_grad uploaded target-row |delta|=8.20237 force_keep=[2248] -> PRESERVED
[ATK] client=Client006 round=31 atk=psmu enter_malicious=True
[ATK] psmu client=Client006 round=31 target=2248 |target_shift|=7.4163
[ATK] process_grad uploaded target-row |delta|=7.41635 force_keep=[2248] -> PRESERVED
[ATK] client=Client007 round=31 atk=psmu enter_malicious=True
[ATK] psmu client=Client007 round=31 target=2248 |target_shift|=8.0275
[ATK] process_grad uploaded target-row |delta|=8.02753 force_keep=[2248] -> PRESERVED
[ATK] client=Client008 round=31 atk=psmu enter_malicious=True
[ATK] psmu client=Client008 round=31 target=2248 |target_shift|=7.5550
[ATK] process_grad uploaded target-row |delta|=7.55499 force_keep=[2248] -> PRESERVED
[ATK] client=Client009 round=31 atk=psmu enter_malicious=True
[ATK] psmu client=Client009 round=31 target=2248 |target_shift|=7.5342
[ATK] process_grad uploaded target-row |delta|=7.53418 force_keep=[2248] -> PRESERVED
53145
48130
45950
49200
50970
50355
62005
63095
60800
37145
41585
54115
37400
48390
54835
57275
54420
38120
49300
41575
40110
51300
52420
50925
44950
47215
48175
54130
46805
43410
56880
41720
58230
51075
44885
46430
58155
38825
51090
50460
49370
42415
41595
37300
40055
40980
47400
54785
42965
44010
43410
50735
42175
68510
49285
56555
51535
39720
53800
48860
47895
46330
51355
52745
48945
55790
68485
66810
44415
45910
59150
52470
60720
48265
54520
59030
50000
47110
37500
58340
45215
56555
49965
45265
38975
54265
43355
49960
39370
41365
unlearning time:              8.6037s
Time Cost:                    481.1341s
Hit Ratio and NDCG for top 20 recommendation!
HR@20:0.7128809957498479 and  NDCG@20:0.33317899619062374
Selected clients in this round:
[0, 1, 2, 3, 4, 5, 6, 7, 8, 9, 10, 11, 12, 13, 14, 15, 16, 17, 18, 19, 20, 21, 22, 23, 24, 25, 26, 27, 28, 29, 30, 31, 32, 33, 34, 35, 36, 37, 38, 39, 40, 41, 42, 43, 44, 45, 46, 47, 48, 49, 50, 51, 52, 53, 54, 55, 56, 57, 58, 59, 60, 61, 62, 63, 64, 65, 66, 67, 68, 69, 70, 71, 72, 73, 74, 75, 76, 77, 78, 79, 80, 81, 82, 83, 84, 85, 86, 87, 88, 89, 90, 91, 92, 93, 94, 95, 96, 97, 98, 99]
--------------Round 32--------------
[ATK] client=Client000 round=32 atk=psmu enter_malicious=True
[ATK] psmu client=Client000 round=32 target=2248 |target_shift|=8.7241
[ATK] process_grad uploaded target-row |delta|=8.72410 force_keep=[2248] -> PRESERVED
[ATK] client=Client001 round=32 atk=psmu enter_malicious=True
[ATK] psmu client=Client001 round=32 target=2248 |target_shift|=9.2341
[ATK] process_grad uploaded target-row |delta|=9.23408 force_keep=[2248] -> PRESERVED
[ATK] client=Client002 round=32 atk=psmu enter_malicious=True
[ATK] psmu client=Client002 round=32 target=2248 |target_shift|=9.3750
[ATK] process_grad uploaded target-row |delta|=9.37505 force_keep=[2248] -> PRESERVED
[ATK] client=Client003 round=32 atk=psmu enter_malicious=True
[ATK] psmu client=Client003 round=32 target=2248 |target_shift|=9.3498
[ATK] process_grad uploaded target-row |delta|=9.34975 force_keep=[2248] -> PRESERVED
[ATK] client=Client004 round=32 atk=psmu enter_malicious=True
[ATK] psmu client=Client004 round=32 target=2248 |target_shift|=8.8763
[ATK] process_grad uploaded target-row |delta|=8.87630 force_keep=[2248] -> PRESERVED
[ATK] client=Client005 round=32 atk=psmu enter_malicious=True
[ATK] psmu client=Client005 round=32 target=2248 |target_shift|=9.0821
[ATK] process_grad uploaded target-row |delta|=9.08209 force_keep=[2248] -> PRESERVED
[ATK] client=Client006 round=32 atk=psmu enter_malicious=True
[ATK] psmu client=Client006 round=32 target=2248 |target_shift|=8.8661
[ATK] process_grad uploaded target-row |delta|=8.86614 force_keep=[2248] -> PRESERVED
[ATK] client=Client007 round=32 atk=psmu enter_malicious=True
[ATK] psmu client=Client007 round=32 target=2248 |target_shift|=9.0426
[ATK] process_grad uploaded target-row |delta|=9.04263 force_keep=[2248] -> PRESERVED
[ATK] client=Client008 round=32 atk=psmu enter_malicious=True
[ATK] psmu client=Client008 round=32 target=2248 |target_shift|=9.1321
[ATK] process_grad uploaded target-row |delta|=9.13214 force_keep=[2248] -> PRESERVED
[ATK] client=Client009 round=32 atk=psmu enter_malicious=True
[ATK] psmu client=Client009 round=32 target=2248 |target_shift|=8.9281
[ATK] process_grad uploaded target-row |delta|=8.92809 force_keep=[2248] -> PRESERVED
53145
48130
45950
49200
50970
50355
62005
63095
60800
37145
41585
54115
37400
48390
54835
57275
54420
38120
49300
41575
40110
51300
52420
50925
44950
47215
48175
54130
46805
43410
56880
41720
58230
51075
44885
46430
58155
38825
51090
50460
49370
42415
41595
37300
40055
40980
47400
54785
42965
44010
43410
50735
42175
68510
49285
56555
51535
39720
53800
48860
47895
46330
51355
52745
48945
55790
68485
66810
44415
45910
59150
52470
60720
48265
54520
59030
50000
47110
37500
58340
45215
56555
49965
45265
38975
54265
43355
49960
39370
41365
unlearning time:              8.8688s
Time Cost:                    481.5354s
Hit Ratio and NDCG for top 20 recommendation!
HR@20:0.7117638129933213 and  NDCG@20:0.32961360476452134
Selected clients in this round:
[0, 1, 2, 3, 4, 5, 6, 7, 8, 9, 10, 11, 12, 13, 14, 15, 16, 17, 18, 19, 20, 21, 22, 23, 24, 25, 26, 27, 28, 29, 30, 31, 32, 33, 34, 35, 36, 37, 38, 39, 40, 41, 42, 43, 44, 45, 46, 47, 48, 49, 50, 51, 52, 53, 54, 55, 56, 57, 58, 59, 60, 61, 62, 63, 64, 65, 66, 67, 68, 69, 70, 71, 72, 73, 74, 75, 76, 77, 78, 79, 80, 81, 82, 83, 84, 85, 86, 87, 88, 89, 90, 91, 92, 93, 94, 95, 96, 97, 98, 99]
--------------Round 33--------------
[ATK] client=Client000 round=33 atk=psmu enter_malicious=True
[ATK] psmu client=Client000 round=33 target=2248 |target_shift|=8.5811
[ATK] process_grad uploaded target-row |delta|=8.58107 force_keep=[2248] -> PRESERVED
[ATK] client=Client001 round=33 atk=psmu enter_malicious=True
[ATK] psmu client=Client001 round=33 target=2248 |target_shift|=8.3404
[ATK] process_grad uploaded target-row |delta|=8.34042 force_keep=[2248] -> PRESERVED
[ATK] client=Client002 round=33 atk=psmu enter_malicious=True
[ATK] psmu client=Client002 round=33 target=2248 |target_shift|=8.4464
[ATK] process_grad uploaded target-row |delta|=8.44641 force_keep=[2248] -> PRESERVED
[ATK] client=Client003 round=33 atk=psmu enter_malicious=True
[ATK] psmu client=Client003 round=33 target=2248 |target_shift|=8.5927
[ATK] process_grad uploaded target-row |delta|=8.59268 force_keep=[2248] -> PRESERVED
[ATK] client=Client004 round=33 atk=psmu enter_malicious=True
[ATK] psmu client=Client004 round=33 target=2248 |target_shift|=8.3290
[ATK] process_grad uploaded target-row |delta|=8.32899 force_keep=[2248] -> PRESERVED
[ATK] client=Client005 round=33 atk=psmu enter_malicious=True
[ATK] psmu client=Client005 round=33 target=2248 |target_shift|=8.9388
[ATK] process_grad uploaded target-row |delta|=8.93882 force_keep=[2248] -> PRESERVED
[ATK] client=Client006 round=33 atk=psmu enter_malicious=True
[ATK] psmu client=Client006 round=33 target=2248 |target_shift|=8.6983
[ATK] process_grad uploaded target-row |delta|=8.69833 force_keep=[2248] -> PRESERVED
[ATK] client=Client007 round=33 atk=psmu enter_malicious=True
[ATK] psmu client=Client007 round=33 target=2248 |target_shift|=8.6727
[ATK] process_grad uploaded target-row |delta|=8.67269 force_keep=[2248] -> PRESERVED
[ATK] client=Client008 round=33 atk=psmu enter_malicious=True
[ATK] psmu client=Client008 round=33 target=2248 |target_shift|=8.4805
[ATK] process_grad uploaded target-row |delta|=8.48050 force_keep=[2248] -> PRESERVED
[ATK] client=Client009 round=33 atk=psmu enter_malicious=True
[ATK] psmu client=Client009 round=33 target=2248 |target_shift|=8.6145
[ATK] process_grad uploaded target-row |delta|=8.61454 force_keep=[2248] -> PRESERVED
53145
48130
45950
49200
50970
50355
62005
63095
60800
37145
41585
54115
37400
48390
54835
57275
54420
38120
49300
41575
40110
51300
52420
50925
44950
47215
48175
54130
46805
43410
56880
41720
58230
51075
44885
46430
58155
38825
51090
50460
49370
42415
41595
37300
40055
40980
47400
54785
42965
44010
43410
50735
42175
68510
49285
56555
51535
39720
53800
48860
47895
46330
51355
52745
48945
55790
68485
66810
44415
45910
59150
52470
60720
48265
54520
59030
50000
47110
37500
58340
45215
56555
49965
45265
38975
54265
43355
49960
39370
41365
unlearning time:              9.1661s
Time Cost:                    483.3959s
Hit Ratio and NDCG for top 20 recommendation!
HR@20:0.715127504553734 and  NDCG@20:0.3328947640601122
Selected clients in this round:
[0, 1, 2, 3, 4, 5, 6, 7, 8, 9, 10, 11, 12, 13, 14, 15, 16, 17, 18, 19, 20, 21, 22, 23, 24, 25, 26, 27, 28, 29, 30, 31, 32, 33, 34, 35, 36, 37, 38, 39, 40, 41, 42, 43, 44, 45, 46, 47, 48, 49, 50, 51, 52, 53, 54, 55, 56, 57, 58, 59, 60, 61, 62, 63, 64, 65, 66, 67, 68, 69, 70, 71, 72, 73, 74, 75, 76, 77, 78, 79, 80, 81, 82, 83, 84, 85, 86, 87, 88, 89, 90, 91, 92, 93, 94, 95, 96, 97, 98, 99]
--------------Round 34--------------
[ATK] client=Client000 round=34 atk=psmu enter_malicious=True
[ATK] psmu client=Client000 round=34 target=2248 |target_shift|=7.4444
[ATK] process_grad uploaded target-row |delta|=7.44438 force_keep=[2248] -> PRESERVED
[ATK] client=Client001 round=34 atk=psmu enter_malicious=True
[ATK] psmu client=Client001 round=34 target=2248 |target_shift|=7.1870
[ATK] process_grad uploaded target-row |delta|=7.18695 force_keep=[2248] -> PRESERVED
[ATK] client=Client002 round=34 atk=psmu enter_malicious=True
[ATK] psmu client=Client002 round=34 target=2248 |target_shift|=7.4806
[ATK] process_grad uploaded target-row |delta|=7.48060 force_keep=[2248] -> PRESERVED
[ATK] client=Client003 round=34 atk=psmu enter_malicious=True
[ATK] psmu client=Client003 round=34 target=2248 |target_shift|=7.3441
[ATK] process_grad uploaded target-row |delta|=7.34415 force_keep=[2248] -> PRESERVED
[ATK] client=Client004 round=34 atk=psmu enter_malicious=True
[ATK] psmu client=Client004 round=34 target=2248 |target_shift|=7.3097
[ATK] process_grad uploaded target-row |delta|=7.30973 force_keep=[2248] -> PRESERVED
[ATK] client=Client005 round=34 atk=psmu enter_malicious=True
[ATK] psmu client=Client005 round=34 target=2248 |target_shift|=7.6889
[ATK] process_grad uploaded target-row |delta|=7.68889 force_keep=[2248] -> PRESERVED
[ATK] client=Client006 round=34 atk=psmu enter_malicious=True
[ATK] psmu client=Client006 round=34 target=2248 |target_shift|=7.0894
[ATK] process_grad uploaded target-row |delta|=7.08941 force_keep=[2248] -> PRESERVED
[ATK] client=Client007 round=34 atk=psmu enter_malicious=True
[ATK] psmu client=Client007 round=34 target=2248 |target_shift|=7.3237
[ATK] process_grad uploaded target-row |delta|=7.32370 force_keep=[2248] -> PRESERVED
[ATK] client=Client008 round=34 atk=psmu enter_malicious=True
[ATK] psmu client=Client008 round=34 target=2248 |target_shift|=7.3577
[ATK] process_grad uploaded target-row |delta|=7.35766 force_keep=[2248] -> PRESERVED
[ATK] client=Client009 round=34 atk=psmu enter_malicious=True
[ATK] psmu client=Client009 round=34 target=2248 |target_shift|=7.6106
[ATK] process_grad uploaded target-row |delta|=7.61056 force_keep=[2248] -> PRESERVED
53145
48130
45950
49200
50970
50355
62005
63095
60800
37145
41585
54115
37400
48390
54835
57275
54420
38120
49300
41575
40110
51300
52420
50925
44950
47215
48175
54130
46805
43410
56880
41720
58230
51075
44885
46430
58155
38825
51090
50460
49370
42415
41595
37300
40055
40980
47400
54785
42965
44010
43410
50735
42175
68510
49285
56555
51535
39720
53800
48860
47895
46330
51355
52745
48945
55790
68485
66810
44415
45910
59150
52470
60720
48265
54520
59030
50000
47110
37500
58340
45215
56555
49965
45265
38975
54265
43355
49960
39370
41365
unlearning time:              9.3731s
Time Cost:                    483.2257s
Hit Ratio and NDCG for top 20 recommendation!
HR@20:0.7175106253794779 and  NDCG@20:0.3364097635991946
Selected clients in this round:
[0, 1, 2, 3, 4, 5, 6, 7, 8, 9, 10, 11, 12, 13, 14, 15, 16, 17, 18, 19, 20, 21, 22, 23, 24, 25, 26, 27, 28, 29, 30, 31, 32, 33, 34, 35, 36, 37, 38, 39, 40, 41, 42, 43, 44, 45, 46, 47, 48, 49, 50, 51, 52, 53, 54, 55, 56, 57, 58, 59, 60, 61, 62, 63, 64, 65, 66, 67, 68, 69, 70, 71, 72, 73, 74, 75, 76, 77, 78, 79, 80, 81, 82, 83, 84, 85, 86, 87, 88, 89, 90, 91, 92, 93, 94, 95, 96, 97, 98, 99]
--------------Round 35--------------
[ATK] client=Client000 round=35 atk=psmu enter_malicious=True
[ATK] psmu client=Client000 round=35 target=2248 |target_shift|=7.4152
[ATK] process_grad uploaded target-row |delta|=7.41517 force_keep=[2248] -> PRESERVED
[ATK] client=Client001 round=35 atk=psmu enter_malicious=True
[ATK] psmu client=Client001 round=35 target=2248 |target_shift|=7.7475
[ATK] process_grad uploaded target-row |delta|=7.74748 force_keep=[2248] -> PRESERVED
[ATK] client=Client002 round=35 atk=psmu enter_malicious=True
[ATK] psmu client=Client002 round=35 target=2248 |target_shift|=7.6704
[ATK] process_grad uploaded target-row |delta|=7.67038 force_keep=[2248] -> PRESERVED
[ATK] client=Client003 round=35 atk=psmu enter_malicious=True
[ATK] psmu client=Client003 round=35 target=2248 |target_shift|=7.9264
[ATK] process_grad uploaded target-row |delta|=7.92644 force_keep=[2248] -> PRESERVED
[ATK] client=Client004 round=35 atk=psmu enter_malicious=True
[ATK] psmu client=Client004 round=35 target=2248 |target_shift|=8.2893
[ATK] process_grad uploaded target-row |delta|=8.28934 force_keep=[2248] -> PRESERVED
[ATK] client=Client005 round=35 atk=psmu enter_malicious=True
[ATK] psmu client=Client005 round=35 target=2248 |target_shift|=7.5806
[ATK] process_grad uploaded target-row |delta|=7.58062 force_keep=[2248] -> PRESERVED
[ATK] client=Client006 round=35 atk=psmu enter_malicious=True
[ATK] psmu client=Client006 round=35 target=2248 |target_shift|=7.3185
[ATK] process_grad uploaded target-row |delta|=7.31853 force_keep=[2248] -> PRESERVED
[ATK] client=Client007 round=35 atk=psmu enter_malicious=True
[ATK] psmu client=Client007 round=35 target=2248 |target_shift|=7.9131
[ATK] process_grad uploaded target-row |delta|=7.91312 force_keep=[2248] -> PRESERVED
[ATK] client=Client008 round=35 atk=psmu enter_malicious=True
[ATK] psmu client=Client008 round=35 target=2248 |target_shift|=8.0752
[ATK] process_grad uploaded target-row |delta|=8.07518 force_keep=[2248] -> PRESERVED
[ATK] client=Client009 round=35 atk=psmu enter_malicious=True
[ATK] psmu client=Client009 round=35 target=2248 |target_shift|=7.8469
[ATK] process_grad uploaded target-row |delta|=7.84687 force_keep=[2248] -> PRESERVED
53145
48130
45950
49200
50970
50355
62005
63095
60800
37145
41585
54115
37400
48390
54835
57275
54420
38120
49300
41575
40110
51300
52420
50925
44950
47215
48175
54130
46805
43410
56880
41720
58230
51075
44885
46430
58155
38825
51090
50460
49370
42415
41595
37300
40055
40980
47400
54785
42965
44010
43410
50735
42175
68510
49285
56555
51535
39720
53800
48860
47895
46330
51355
52745
48945
55790
68485
66810
44415
45910
59150
52470
60720
48265
54520
59030
50000
47110
37500
58340
45215
56555
49965
45265
38975
54265
43355
49960
39370
41365
unlearning time:              9.6935s
[ATK] round=35 mode=unlearn er(poison)=0.0000 er_unlearn=0.0000 target=2248
Save   35
Time Cost:                    585.2839s
Hit Ratio and NDCG for top 20 recommendation!
HR@20:0.7169398907103824 and  NDCG@20:0.3393792509102081
Selected clients in this round:
[0, 1, 2, 3, 4, 5, 6, 7, 8, 9, 10, 11, 12, 13, 14, 15, 16, 17, 18, 19, 20, 21, 22, 23, 24, 25, 26, 27, 28, 29, 30, 31, 32, 33, 34, 35, 36, 37, 38, 39, 40, 41, 42, 43, 44, 45, 46, 47, 48, 49, 50, 51, 52, 53, 54, 55, 56, 57, 58, 59, 60, 61, 62, 63, 64, 65, 66, 67, 68, 69, 70, 71, 72, 73, 74, 75, 76, 77, 78, 79, 80, 81, 82, 83, 84, 85, 86, 87, 88, 89, 90, 91, 92, 93, 94, 95, 96, 97, 98, 99]
--------------Round 36--------------
[ATK] client=Client000 round=36 atk=psmu enter_malicious=True
[ATK] psmu client=Client000 round=36 target=2248 |target_shift|=8.5416
[ATK] process_grad uploaded target-row |delta|=8.54155 force_keep=[2248] -> PRESERVED
[ATK] client=Client001 round=36 atk=psmu enter_malicious=True
[ATK] psmu client=Client001 round=36 target=2248 |target_shift|=8.7599
[ATK] process_grad uploaded target-row |delta|=8.75986 force_keep=[2248] -> PRESERVED
[ATK] client=Client002 round=36 atk=psmu enter_malicious=True
[ATK] psmu client=Client002 round=36 target=2248 |target_shift|=8.9322
[ATK] process_grad uploaded target-row |delta|=8.93222 force_keep=[2248] -> PRESERVED
[ATK] client=Client003 round=36 atk=psmu enter_malicious=True
[ATK] psmu client=Client003 round=36 target=2248 |target_shift|=8.6070
[ATK] process_grad uploaded target-row |delta|=8.60699 force_keep=[2248] -> PRESERVED
[ATK] client=Client004 round=36 atk=psmu enter_malicious=True
[ATK] psmu client=Client004 round=36 target=2248 |target_shift|=9.1726
[ATK] process_grad uploaded target-row |delta|=9.17262 force_keep=[2248] -> PRESERVED
[ATK] client=Client005 round=36 atk=psmu enter_malicious=True
[ATK] psmu client=Client005 round=36 target=2248 |target_shift|=8.6450
[ATK] process_grad uploaded target-row |delta|=8.64497 force_keep=[2248] -> PRESERVED
[ATK] client=Client006 round=36 atk=psmu enter_malicious=True
[ATK] psmu client=Client006 round=36 target=2248 |target_shift|=8.9717
[ATK] process_grad uploaded target-row |delta|=8.97167 force_keep=[2248] -> PRESERVED
[ATK] client=Client007 round=36 atk=psmu enter_malicious=True
[ATK] psmu client=Client007 round=36 target=2248 |target_shift|=8.7986
[ATK] process_grad uploaded target-row |delta|=8.79865 force_keep=[2248] -> PRESERVED
[ATK] client=Client008 round=36 atk=psmu enter_malicious=True
[ATK] psmu client=Client008 round=36 target=2248 |target_shift|=8.8232
[ATK] process_grad uploaded target-row |delta|=8.82323 force_keep=[2248] -> PRESERVED
[ATK] client=Client009 round=36 atk=psmu enter_malicious=True
[ATK] psmu client=Client009 round=36 target=2248 |target_shift|=8.6744
[ATK] process_grad uploaded target-row |delta|=8.67436 force_keep=[2248] -> PRESERVED
53145
48130
45950
49200
50970
50355
62005
63095
60800
37145
41585
54115
37400
48390
54835
57275
54420
38120
49300
41575
40110
51300
52420
50925
44950
47215
48175
54130
46805
43410
56880
41720
58230
51075
44885
46430
58155
38825
51090
50460
49370
42415
41595
37300
40055
40980
47400
54785
42965
44010
43410
50735
42175
68510
49285
56555
51535
39720
53800
48860
47895
46330
51355
52745
48945
55790
68485
66810
44415
45910
59150
52470
60720
48265
54520
59030
50000
47110
37500
58340
45215
56555
49965
45265
38975
54265
43355
49960
39370
41365
unlearning time:              9.9793s
[ATK] round=36 mode=unlearn er(poison)=0.0000 er_unlearn=0.0000 target=2248
Save   36
Time Cost:                    585.7710s
Hit Ratio and NDCG for top 20 recommendation!
HR@20:0.718087431693989 and  NDCG@20:0.3383127760223693
Selected clients in this round:
[0, 1, 2, 3, 4, 5, 6, 7, 8, 9, 10, 11, 12, 13, 14, 15, 16, 17, 18, 19, 20, 21, 22, 23, 24, 25, 26, 27, 28, 29, 30, 31, 32, 33, 34, 35, 36, 37, 38, 39, 40, 41, 42, 43, 44, 45, 46, 47, 48, 49, 50, 51, 52, 53, 54, 55, 56, 57, 58, 59, 60, 61, 62, 63, 64, 65, 66, 67, 68, 69, 70, 71, 72, 73, 74, 75, 76, 77, 78, 79, 80, 81, 82, 83, 84, 85, 86, 87, 88, 89, 90, 91, 92, 93, 94, 95, 96, 97, 98, 99]
--------------Round 37--------------
[ATK] client=Client000 round=37 atk=psmu enter_malicious=True
[ATK] psmu client=Client000 round=37 target=2248 |target_shift|=9.0921
[ATK] process_grad uploaded target-row |delta|=9.09207 force_keep=[2248] -> PRESERVED
[ATK] client=Client001 round=37 atk=psmu enter_malicious=True
[ATK] psmu client=Client001 round=37 target=2248 |target_shift|=9.6521
[ATK] process_grad uploaded target-row |delta|=9.65213 force_keep=[2248] -> PRESERVED
[ATK] client=Client002 round=37 atk=psmu enter_malicious=True
[ATK] psmu client=Client002 round=37 target=2248 |target_shift|=9.1052
[ATK] process_grad uploaded target-row |delta|=9.10518 force_keep=[2248] -> PRESERVED
[ATK] client=Client003 round=37 atk=psmu enter_malicious=True
[ATK] psmu client=Client003 round=37 target=2248 |target_shift|=9.3966
[ATK] process_grad uploaded target-row |delta|=9.39661 force_keep=[2248] -> PRESERVED
[ATK] client=Client004 round=37 atk=psmu enter_malicious=True
[ATK] psmu client=Client004 round=37 target=2248 |target_shift|=9.4438
[ATK] process_grad uploaded target-row |delta|=9.44382 force_keep=[2248] -> PRESERVED
[ATK] client=Client005 round=37 atk=psmu enter_malicious=True
[ATK] psmu client=Client005 round=37 target=2248 |target_shift|=9.2755
[ATK] process_grad uploaded target-row |delta|=9.27553 force_keep=[2248] -> PRESERVED
[ATK] client=Client006 round=37 atk=psmu enter_malicious=True
[ATK] psmu client=Client006 round=37 target=2248 |target_shift|=9.2441
[ATK] process_grad uploaded target-row |delta|=9.24410 force_keep=[2248] -> PRESERVED
[ATK] client=Client007 round=37 atk=psmu enter_malicious=True
[ATK] psmu client=Client007 round=37 target=2248 |target_shift|=9.5686
[ATK] process_grad uploaded target-row |delta|=9.56858 force_keep=[2248] -> PRESERVED
[ATK] client=Client008 round=37 atk=psmu enter_malicious=True
[ATK] psmu client=Client008 round=37 target=2248 |target_shift|=9.4517
[ATK] process_grad uploaded target-row |delta|=9.45171 force_keep=[2248] -> PRESERVED
[ATK] client=Client009 round=37 atk=psmu enter_malicious=True
[ATK] psmu client=Client009 round=37 target=2248 |target_shift|=9.5714
[ATK] process_grad uploaded target-row |delta|=9.57144 force_keep=[2248] -> PRESERVED
53145
48130
45950
49200
50970
50355
62005
63095
60800
37145
41585
54115
37400
48390
54835
57275
54420
38120
49300
41575
40110
51300
52420
50925
44950
47215
48175
54130
46805
43410
56880
41720
58230
51075
44885
46430
58155
38825
51090
50460
49370
42415
41595
37300
40055
40980
47400
54785
42965
44010
43410
50735
42175
68510
49285
56555
51535
39720
53800
48860
47895
46330
51355
52745
48945
55790
68485
66810
44415
45910
59150
52470
60720
48265
54520
59030
50000
47110
37500
58340
45215
56555
49965
45265
38975
54265
43355
49960
39370
41365
unlearning time:              10.1758s
[ATK] round=37 mode=unlearn er(poison)=0.0000 er_unlearn=0.0000 target=2248
Save   37
Time Cost:                    583.6053s
Hit Ratio and NDCG for top 20 recommendation!
HR@20:0.7201092896174864 and  NDCG@20:0.3368390523575648
Selected clients in this round:
[0, 1, 2, 3, 4, 5, 6, 7, 8, 9, 10, 11, 12, 13, 14, 15, 16, 17, 18, 19, 20, 21, 22, 23, 24, 25, 26, 27, 28, 29, 30, 31, 32, 33, 34, 35, 36, 37, 38, 39, 40, 41, 42, 43, 44, 45, 46, 47, 48, 49, 50, 51, 52, 53, 54, 55, 56, 57, 58, 59, 60, 61, 62, 63, 64, 65, 66, 67, 68, 69, 70, 71, 72, 73, 74, 75, 76, 77, 78, 79, 80, 81, 82, 83, 84, 85, 86, 87, 88, 89, 90, 91, 92, 93, 94, 95, 96, 97, 98, 99]
--------------Round 38--------------
[ATK] client=Client000 round=38 atk=psmu enter_malicious=True
[ATK] psmu client=Client000 round=38 target=2248 |target_shift|=8.3318
[ATK] process_grad uploaded target-row |delta|=8.33177 force_keep=[2248] -> PRESERVED
[ATK] client=Client001 round=38 atk=psmu enter_malicious=True
[ATK] psmu client=Client001 round=38 target=2248 |target_shift|=7.9193
[ATK] process_grad uploaded target-row |delta|=7.91933 force_keep=[2248] -> PRESERVED
[ATK] client=Client002 round=38 atk=psmu enter_malicious=True
[ATK] psmu client=Client002 round=38 target=2248 |target_shift|=8.4724
[ATK] process_grad uploaded target-row |delta|=8.47236 force_keep=[2248] -> PRESERVED
[ATK] client=Client003 round=38 atk=psmu enter_malicious=True
[ATK] psmu client=Client003 round=38 target=2248 |target_shift|=8.0602
[ATK] process_grad uploaded target-row |delta|=8.06020 force_keep=[2248] -> PRESERVED
[ATK] client=Client004 round=38 atk=psmu enter_malicious=True
[ATK] psmu client=Client004 round=38 target=2248 |target_shift|=7.7272
[ATK] process_grad uploaded target-row |delta|=7.72719 force_keep=[2248] -> PRESERVED
[ATK] client=Client005 round=38 atk=psmu enter_malicious=True
[ATK] psmu client=Client005 round=38 target=2248 |target_shift|=8.7810
[ATK] process_grad uploaded target-row |delta|=8.78101 force_keep=[2248] -> PRESERVED
[ATK] client=Client006 round=38 atk=psmu enter_malicious=True
[ATK] psmu client=Client006 round=38 target=2248 |target_shift|=8.2628
[ATK] process_grad uploaded target-row |delta|=8.26280 force_keep=[2248] -> PRESERVED
[ATK] client=Client007 round=38 atk=psmu enter_malicious=True
[ATK] psmu client=Client007 round=38 target=2248 |target_shift|=8.4652
[ATK] process_grad uploaded target-row |delta|=8.46518 force_keep=[2248] -> PRESERVED
[ATK] client=Client008 round=38 atk=psmu enter_malicious=True
[ATK] psmu client=Client008 round=38 target=2248 |target_shift|=8.6220
[ATK] process_grad uploaded target-row |delta|=8.62199 force_keep=[2248] -> PRESERVED
[ATK] client=Client009 round=38 atk=psmu enter_malicious=True
[ATK] psmu client=Client009 round=38 target=2248 |target_shift|=8.1970
[ATK] process_grad uploaded target-row |delta|=8.19703 force_keep=[2248] -> PRESERVED
53145
48130
45950
49200
50970
50355
62005
63095
60800
37145
41585
54115
37400
48390
54835
57275
54420
38120
49300
41575
40110
51300
52420
50925
44950
47215
48175
54130
46805
43410
56880
41720
58230
51075
44885
46430
58155
38825
51090
50460
49370
42415
41595
37300
40055
40980
47400
54785
42965
44010
43410
50735
42175
68510
49285
56555
51535
39720
53800
48860
47895
46330
51355
52745
48945
55790
68485
66810
44415
45910
59150
52470
60720
48265
54520
59030
50000
47110
37500
58340
45215
56555
49965
45265
38975
54265
43355
49960
39370
41365
unlearning time:              10.4517s
[ATK] round=38 mode=unlearn er(poison)=0.0000 er_unlearn=0.0000 target=2248
Save   38
Time Cost:                    583.6579s
Hit Ratio and NDCG for top 20 recommendation!
HR@20:0.7171402550091075 and  NDCG@20:0.3361302989228512
Selected clients in this round:
[0, 1, 2, 3, 4, 5, 6, 7, 8, 9, 10, 11, 12, 13, 14, 15, 16, 17, 18, 19, 20, 21, 22, 23, 24, 25, 26, 27, 28, 29, 30, 31, 32, 33, 34, 35, 36, 37, 38, 39, 40, 41, 42, 43, 44, 45, 46, 47, 48, 49, 50, 51, 52, 53, 54, 55, 56, 57, 58, 59, 60, 61, 62, 63, 64, 65, 66, 67, 68, 69, 70, 71, 72, 73, 74, 75, 76, 77, 78, 79, 80, 81, 82, 83, 84, 85, 86, 87, 88, 89, 90, 91, 92, 93, 94, 95, 96, 97, 98, 99]
--------------Round 39--------------
[ATK] client=Client000 round=39 atk=psmu enter_malicious=True
[ATK] psmu client=Client000 round=39 target=2248 |target_shift|=10.6543
[ATK] process_grad uploaded target-row |delta|=10.65434 force_keep=[2248] -> PRESERVED
[ATK] client=Client001 round=39 atk=psmu enter_malicious=True
[ATK] psmu client=Client001 round=39 target=2248 |target_shift|=10.7252
[ATK] process_grad uploaded target-row |delta|=10.72522 force_keep=[2248] -> PRESERVED
[ATK] client=Client002 round=39 atk=psmu enter_malicious=True
[ATK] psmu client=Client002 round=39 target=2248 |target_shift|=10.6850
[ATK] process_grad uploaded target-row |delta|=10.68504 force_keep=[2248] -> PRESERVED
[ATK] client=Client003 round=39 atk=psmu enter_malicious=True
[ATK] psmu client=Client003 round=39 target=2248 |target_shift|=10.6641
[ATK] process_grad uploaded target-row |delta|=10.66408 force_keep=[2248] -> PRESERVED
[ATK] client=Client004 round=39 atk=psmu enter_malicious=True
[ATK] psmu client=Client004 round=39 target=2248 |target_shift|=10.6173
[ATK] process_grad uploaded target-row |delta|=10.61731 force_keep=[2248] -> PRESERVED
[ATK] client=Client005 round=39 atk=psmu enter_malicious=True
[ATK] psmu client=Client005 round=39 target=2248 |target_shift|=10.7175
[ATK] process_grad uploaded target-row |delta|=10.71748 force_keep=[2248] -> PRESERVED
[ATK] client=Client006 round=39 atk=psmu enter_malicious=True
[ATK] psmu client=Client006 round=39 target=2248 |target_shift|=10.6388
[ATK] process_grad uploaded target-row |delta|=10.63877 force_keep=[2248] -> PRESERVED
[ATK] client=Client007 round=39 atk=psmu enter_malicious=True
[ATK] psmu client=Client007 round=39 target=2248 |target_shift|=10.6223
[ATK] process_grad uploaded target-row |delta|=10.62225 force_keep=[2248] -> PRESERVED
[ATK] client=Client008 round=39 atk=psmu enter_malicious=True
[ATK] psmu client=Client008 round=39 target=2248 |target_shift|=10.9623
[ATK] process_grad uploaded target-row |delta|=10.96233 force_keep=[2248] -> PRESERVED
[ATK] client=Client009 round=39 atk=psmu enter_malicious=True
[ATK] psmu client=Client009 round=39 target=2248 |target_shift|=10.6030
[ATK] process_grad uploaded target-row |delta|=10.60296 force_keep=[2248] -> PRESERVED
53145
48130
45950
49200
50970
50355
62005
63095
60800
37145
41585
54115
37400
48390
54835
57275
54420
38120
49300
41575
40110
51300
52420
50925
44950
47215
48175
54130
46805
43410
56880
41720
58230
51075
44885
46430
58155
38825
51090
50460
49370
42415
41595
37300
40055
40980
47400
54785
42965
44010
43410
50735
42175
68510
49285
56555
51535
39720
53800
48860
47895
46330
51355
52745
48945
55790
68485
66810
44415
45910
59150
52470
60720
48265
54520
59030
50000
47110
37500
58340
45215
56555
49965
45265
38975
54265
43355
49960
39370
41365
unlearning time:              10.7837s
[ATK] round=39 mode=unlearn er(poison)=0.0000 er_unlearn=0.0000 target=2248
Save   39
Time Cost:                    585.1889s
Hit Ratio and NDCG for top 20 recommendation!
HR@20:0.726360048573163 and  NDCG@20:0.34414142924609714
Selected clients in this round:
[0, 1, 2, 3, 4, 5, 6, 7, 8, 9, 10, 11, 12, 13, 14, 15, 16, 17, 18, 19, 20, 21, 22, 23, 24, 25, 26, 27, 28, 29, 30, 31, 32, 33, 34, 35, 36, 37, 38, 39, 40, 41, 42, 43, 44, 45, 46, 47, 48, 49, 50, 51, 52, 53, 54, 55, 56, 57, 58, 59, 60, 61, 62, 63, 64, 65, 66, 67, 68, 69, 70, 71, 72, 73, 74, 75, 76, 77, 78, 79, 80, 81, 82, 83, 84, 85, 86, 87, 88, 89, 90, 91, 92, 93, 94, 95, 96, 97, 98, 99]
--------------Round 40--------------
[ATK] client=Client000 round=40 atk=psmu enter_malicious=True
[ATK] psmu client=Client000 round=40 target=2248 |target_shift|=8.9848
[ATK] process_grad uploaded target-row |delta|=8.98476 force_keep=[2248] -> PRESERVED
[ATK] client=Client001 round=40 atk=psmu enter_malicious=True
[ATK] psmu client=Client001 round=40 target=2248 |target_shift|=8.9214
[ATK] process_grad uploaded target-row |delta|=8.92138 force_keep=[2248] -> PRESERVED
[ATK] client=Client002 round=40 atk=psmu enter_malicious=True
[ATK] psmu client=Client002 round=40 target=2248 |target_shift|=8.6170
[ATK] process_grad uploaded target-row |delta|=8.61697 force_keep=[2248] -> PRESERVED
[ATK] client=Client003 round=40 atk=psmu enter_malicious=True
[ATK] psmu client=Client003 round=40 target=2248 |target_shift|=9.1403
[ATK] process_grad uploaded target-row |delta|=9.14030 force_keep=[2248] -> PRESERVED
[ATK] client=Client004 round=40 atk=psmu enter_malicious=True
[ATK] psmu client=Client004 round=40 target=2248 |target_shift|=9.0732
[ATK] process_grad uploaded target-row |delta|=9.07323 force_keep=[2248] -> PRESERVED
[ATK] client=Client005 round=40 atk=psmu enter_malicious=True
[ATK] psmu client=Client005 round=40 target=2248 |target_shift|=9.0043
[ATK] process_grad uploaded target-row |delta|=9.00435 force_keep=[2248] -> PRESERVED
[ATK] client=Client006 round=40 atk=psmu enter_malicious=True
[ATK] psmu client=Client006 round=40 target=2248 |target_shift|=8.7380
[ATK] process_grad uploaded target-row |delta|=8.73802 force_keep=[2248] -> PRESERVED
[ATK] client=Client007 round=40 atk=psmu enter_malicious=True
[ATK] psmu client=Client007 round=40 target=2248 |target_shift|=8.8718
[ATK] process_grad uploaded target-row |delta|=8.87184 force_keep=[2248] -> PRESERVED
[ATK] client=Client008 round=40 atk=psmu enter_malicious=True
[ATK] psmu client=Client008 round=40 target=2248 |target_shift|=8.9453
[ATK] process_grad uploaded target-row |delta|=8.94532 force_keep=[2248] -> PRESERVED
[ATK] client=Client009 round=40 atk=psmu enter_malicious=True
[ATK] psmu client=Client009 round=40 target=2248 |target_shift|=8.6901
[ATK] process_grad uploaded target-row |delta|=8.69012 force_keep=[2248] -> PRESERVED
53145
48130
45950
49200
50970
50355
62005
63095
60800
37145
41585
54115
37400
48390
54835
57275
54420
38120
49300
41575
40110
51300
52420
50925
44950
47215
48175
54130
46805
43410
56880
41720
58230
51075
44885
46430
58155
38825
51090
50460
49370
42415
41595
37300
40055
40980
47400
54785
42965
44010
43410
50735
42175
68510
49285
56555
51535
39720
53800
48860
47895
46330
51355
52745
48945
55790
68485
66810
44415
45910
59150
52470
60720
48265
54520
59030
50000
47110
37500
58340
45215
56555
49965
45265
38975
54265
43355
49960
39370
41365
unlearning time:              11.0132s
[ATK] round=40 mode=unlearn er(poison)=0.0000 er_unlearn=0.0000 target=2248
Save   40
Time Cost:                    588.4510s
Hit Ratio and NDCG for top 20 recommendation!
HR@20:0.7219550698239223 and  NDCG@20:0.3393086357226093
Selected clients in this round:
[0, 1, 2, 3, 4, 5, 6, 7, 8, 9, 10, 11, 12, 13, 14, 15, 16, 17, 18, 19, 20, 21, 22, 23, 24, 25, 26, 27, 28, 29, 30, 31, 32, 33, 34, 35, 36, 37, 38, 39, 40, 41, 42, 43, 44, 45, 46, 47, 48, 49, 50, 51, 52, 53, 54, 55, 56, 57, 58, 59, 60, 61, 62, 63, 64, 65, 66, 67, 68, 69, 70, 71, 72, 73, 74, 75, 76, 77, 78, 79, 80, 81, 82, 83, 84, 85, 86, 87, 88, 89, 90, 91, 92, 93, 94, 95, 96, 97, 98, 99]
=================End==================
Total Time Cost:              22333.9965s
[]
init fedtask...done
target_item = 2248 | atk_method = psmu
[ATK] setup mode=retrain forget_frac=1.0 forget=[0, 1, 2, 3, 4, 5, 6, 7, 8, 9] attacker=[] n_malicious_users=0
init clients...MAX POS IDX: 1003
MAX POS IDX: 741
MAX POS IDX: 781
MAX POS IDX: 710
MAX POS IDX: 660
MAX POS IDX: 1285
MAX POS IDX: 1210
MAX POS IDX: 1015
MAX POS IDX: 1301
MAX POS IDX: 773
MAX POS IDX: 665
MAX POS IDX: 1008
MAX POS IDX: 507
MAX POS IDX: 824
MAX POS IDX: 884
MAX POS IDX: 999
MAX POS IDX: 1322
MAX POS IDX: 607
MAX POS IDX: 821
MAX POS IDX: 981
MAX POS IDX: 553
MAX POS IDX: 1215
MAX POS IDX: 1049
MAX POS IDX: 1742
MAX POS IDX: 1077
MAX POS IDX: 1257
MAX POS IDX: 1270
MAX POS IDX: 1221
MAX POS IDX: 525
MAX POS IDX: 864
MAX POS IDX: 818
MAX POS IDX: 623
MAX POS IDX: 1849
MAX POS IDX: 1151
MAX POS IDX: 804
MAX POS IDX: 843
MAX POS IDX: 1168
MAX POS IDX: 400
MAX POS IDX: 1175
MAX POS IDX: 841
MAX POS IDX: 908
MAX POS IDX: 794
MAX POS IDX: 922
MAX POS IDX: 549
MAX POS IDX: 670
MAX POS IDX: 1215
MAX POS IDX: 836
MAX POS IDX: 887
MAX POS IDX: 913
MAX POS IDX: 788
MAX POS IDX: 963
MAX POS IDX: 892
MAX POS IDX: 609
MAX POS IDX: 793
MAX POS IDX: 1225
MAX POS IDX: 1239
MAX POS IDX: 821
MAX POS IDX: 466
MAX POS IDX: 1114
MAX POS IDX: 914
MAX POS IDX: 719
MAX POS IDX: 902
MAX POS IDX: 1259
MAX POS IDX: 639
MAX POS IDX: 857
MAX POS IDX: 2313
MAX POS IDX: 836
MAX POS IDX: 1594
MAX POS IDX: 838
MAX POS IDX: 881
MAX POS IDX: 1018
MAX POS IDX: 824
MAX POS IDX: 1037
MAX POS IDX: 684
MAX POS IDX: 1219
MAX POS IDX: 728
MAX POS IDX: 1017
MAX POS IDX: 683
MAX POS IDX: 527
MAX POS IDX: 1242
MAX POS IDX: 677
MAX POS IDX: 970
MAX POS IDX: 1517
MAX POS IDX: 851
MAX POS IDX: 605
MAX POS IDX: 783
MAX POS IDX: 458
MAX POS IDX: 742
MAX POS IDX: 1157
MAX POS IDX: 835
init server...fedtasksave/movielens1m_cnum100_dist0_skew0_seed0/CFRU_NCF_Mu8_R40_P1.00_alpha0.5_seed0_psmu/record
done
--------------Round 0--------------
53145
48130
45950
49200
50970
50355
62005
63095
60800
37145
41585
54115
37400
48390
54835
57275
54420
38120
49300
41575
40110
51300
52420
50925
44950
47215
48175
54130
46805
43410
56880
41720
58230
51075
44885
46430
58155
38825
51090
50460
49370
42415
41595
37300
40055
40980
47400
54785
42965
44010
43410
50735
42175
68510
49285
56555
51535
39720
53800
48860
47895
46330
51355
52745
48945
55790
68485
66810
44415
45910
59150
52470
60720
48265
54520
59030
50000
47110
37500
58340
45215
56555
49965
45265
38975
54265
43355
49960
39370
41365
unlearning time:              0.3014s
Time Cost:                    483.6153s
Hit Ratio and NDCG for top 20 recommendation!
HR@20:0.621970248937462 and  NDCG@20:0.27473242633186107
Selected clients in this round:
[0, 1, 2, 3, 4, 5, 6, 7, 8, 9, 10, 11, 12, 13, 14, 15, 16, 17, 18, 19, 20, 21, 22, 23, 24, 25, 26, 27, 28, 29, 30, 31, 32, 33, 34, 35, 36, 37, 38, 39, 40, 41, 42, 43, 44, 45, 46, 47, 48, 49, 50, 51, 52, 53, 54, 55, 56, 57, 58, 59, 60, 61, 62, 63, 64, 65, 66, 67, 68, 69, 70, 71, 72, 73, 74, 75, 76, 77, 78, 79, 80, 81, 82, 83, 84, 85, 86, 87, 88, 89]
--------------Round 1--------------
53145
48130
45950
49200
50970
50355
62005
63095
60800
37145
41585
54115
37400
48390
54835
57275
54420
38120
49300
41575
40110
51300
52420
50925
44950
47215
48175
54130
46805
43410
56880
41720
58230
51075
44885
46430
58155
38825
51090
50460
49370
42415
41595
37300
40055
40980
47400
54785
42965
44010
43410
50735
42175
68510
49285
56555
51535
39720
53800
48860
47895
46330
51355
52745
48945
55790
68485
66810
44415
45910
59150
52470
60720
48265
54520
59030
50000
47110
37500
58340
45215
56555
49965
45265
38975
54265
43355
49960
39370
41365
unlearning time:              0.5785s
Time Cost:                    483.6274s
Hit Ratio and NDCG for top 20 recommendation!
HR@20:0.6149058894960534 and  NDCG@20:0.27612040670902405
Selected clients in this round:
[0, 1, 2, 3, 4, 5, 6, 7, 8, 9, 10, 11, 12, 13, 14, 15, 16, 17, 18, 19, 20, 21, 22, 23, 24, 25, 26, 27, 28, 29, 30, 31, 32, 33, 34, 35, 36, 37, 38, 39, 40, 41, 42, 43, 44, 45, 46, 47, 48, 49, 50, 51, 52, 53, 54, 55, 56, 57, 58, 59, 60, 61, 62, 63, 64, 65, 66, 67, 68, 69, 70, 71, 72, 73, 74, 75, 76, 77, 78, 79, 80, 81, 82, 83, 84, 85, 86, 87, 88, 89]
--------------Round 2--------------
53145
48130
45950
49200
50970
50355
62005
63095
60800
37145
41585
54115
37400
48390
54835
57275
54420
38120
49300
41575
40110
51300
52420
50925
44950
47215
48175
54130
46805
43410
56880
41720
58230
51075
44885
46430
58155
38825
51090
50460
49370
42415
41595
37300
40055
40980
47400
54785
42965
44010
43410
50735
42175
68510
49285
56555
51535
39720
53800
48860
47895
46330
51355
52745
48945
55790
68485
66810
44415
45910
59150
52470
60720
48265
54520
59030
50000
47110
37500
58340
45215
56555
49965
45265
38975
54265
43355
49960
39370
41365
unlearning time:              0.8380s
Time Cost:                    483.5218s
Hit Ratio and NDCG for top 20 recommendation!
HR@20:0.6299969641772919 and  NDCG@20:0.28168335235740544
Selected clients in this round:
[0, 1, 2, 3, 4, 5, 6, 7, 8, 9, 10, 11, 12, 13, 14, 15, 16, 17, 18, 19, 20, 21, 22, 23, 24, 25, 26, 27, 28, 29, 30, 31, 32, 33, 34, 35, 36, 37, 38, 39, 40, 41, 42, 43, 44, 45, 46, 47, 48, 49, 50, 51, 52, 53, 54, 55, 56, 57, 58, 59, 60, 61, 62, 63, 64, 65, 66, 67, 68, 69, 70, 71, 72, 73, 74, 75, 76, 77, 78, 79, 80, 81, 82, 83, 84, 85, 86, 87, 88, 89]
--------------Round 3--------------
53145
48130
45950
49200
50970
50355
62005
63095
60800
37145
41585
54115
37400
48390
54835
57275
54420
38120
49300
41575
40110
51300
52420
50925
44950
47215
48175
54130
46805
43410
56880
41720
58230
51075
44885
46430
58155
38825
51090
50460
49370
42415
41595
37300
40055
40980
47400
54785
42965
44010
43410
50735
42175
68510
49285
56555
51535
39720
53800
48860
47895
46330
51355
52745
48945
55790
68485
66810
44415
45910
59150
52470
60720
48265
54520
59030
50000
47110
37500
58340
45215
56555
49965
45265
38975
54265
43355
49960
39370
41365
unlearning time:              1.1107s
Time Cost:                    484.7262s
Hit Ratio and NDCG for top 20 recommendation!
HR@20:0.6526806314511231 and  NDCG@20:0.2909318651474982
Selected clients in this round:
[0, 1, 2, 3, 4, 5, 6, 7, 8, 9, 10, 11, 12, 13, 14, 15, 16, 17, 18, 19, 20, 21, 22, 23, 24, 25, 26, 27, 28, 29, 30, 31, 32, 33, 34, 35, 36, 37, 38, 39, 40, 41, 42, 43, 44, 45, 46, 47, 48, 49, 50, 51, 52, 53, 54, 55, 56, 57, 58, 59, 60, 61, 62, 63, 64, 65, 66, 67, 68, 69, 70, 71, 72, 73, 74, 75, 76, 77, 78, 79, 80, 81, 82, 83, 84, 85, 86, 87, 88, 89]
--------------Round 4--------------
53145
48130
45950
49200
50970
50355
62005
63095
60800
37145
41585
54115
37400
48390
54835
57275
54420
38120
49300
41575
40110
51300
52420
50925
44950
47215
48175
54130
46805
43410
56880
41720
58230
51075
44885
46430
58155
38825
51090
50460
49370
42415
41595
37300
40055
40980
47400
54785
42965
44010
43410
50735
42175
68510
49285
56555
51535
39720
53800
48860
47895
46330
51355
52745
48945
55790
68485
66810
44415
45910
59150
52470
60720
48265
54520
59030
50000
47110
37500
58340
45215
56555
49965
45265
38975
54265
43355
49960
39370
41365
unlearning time:              1.3830s
Time Cost:                    485.7344s
Hit Ratio and NDCG for top 20 recommendation!
HR@20:0.6736247723132968 and  NDCG@20:0.30370949263949215
Selected clients in this round:
[0, 1, 2, 3, 4, 5, 6, 7, 8, 9, 10, 11, 12, 13, 14, 15, 16, 17, 18, 19, 20, 21, 22, 23, 24, 25, 26, 27, 28, 29, 30, 31, 32, 33, 34, 35, 36, 37, 38, 39, 40, 41, 42, 43, 44, 45, 46, 47, 48, 49, 50, 51, 52, 53, 54, 55, 56, 57, 58, 59, 60, 61, 62, 63, 64, 65, 66, 67, 68, 69, 70, 71, 72, 73, 74, 75, 76, 77, 78, 79, 80, 81, 82, 83, 84, 85, 86, 87, 88, 89]
--------------Round 5--------------
53145
48130
45950
49200
50970
50355
62005
63095
60800
37145
41585
54115
37400
48390
54835
57275
54420
38120
49300
41575
40110
51300
52420
50925
44950
47215
48175
54130
46805
43410
56880
41720
58230
51075
44885
46430
58155
38825
51090
50460
49370
42415
41595
37300
40055
40980
47400
54785
42965
44010
43410
50735
42175
68510
49285
56555
51535
39720
53800
48860
47895
46330
51355
52745
48945
55790
68485
66810
44415
45910
59150
52470
60720
48265
54520
59030
50000
47110
37500
58340
45215
56555
49965
45265
38975
54265
43355
49960
39370
41365
unlearning time:              1.6591s
Time Cost:                    486.6218s
Hit Ratio and NDCG for top 20 recommendation!
HR@20:0.6756860959319976 and  NDCG@20:0.30638496873246845
Selected clients in this round:
[0, 1, 2, 3, 4, 5, 6, 7, 8, 9, 10, 11, 12, 13, 14, 15, 16, 17, 18, 19, 20, 21, 22, 23, 24, 25, 26, 27, 28, 29, 30, 31, 32, 33, 34, 35, 36, 37, 38, 39, 40, 41, 42, 43, 44, 45, 46, 47, 48, 49, 50, 51, 52, 53, 54, 55, 56, 57, 58, 59, 60, 61, 62, 63, 64, 65, 66, 67, 68, 69, 70, 71, 72, 73, 74, 75, 76, 77, 78, 79, 80, 81, 82, 83, 84, 85, 86, 87, 88, 89]
--------------Round 6--------------
53145
48130
45950
49200
50970
50355
62005
63095
60800
37145
41585
54115
37400
48390
54835
57275
54420
38120
49300
41575
40110
51300
52420
50925
44950
47215
48175
54130
46805
43410
56880
41720
58230
51075
44885
46430
58155
38825
51090
50460
49370
42415
41595
37300
40055
40980
47400
54785
42965
44010
43410
50735
42175
68510
49285
56555
51535
39720
53800
48860
47895
46330
51355
52745
48945
55790
68485
66810
44415
45910
59150
52470
60720
48265
54520
59030
50000
47110
37500
58340
45215
56555
49965
45265
38975
54265
43355
49960
39370
41365
unlearning time:              1.9175s
Time Cost:                    486.2795s
Hit Ratio and NDCG for top 20 recommendation!
HR@20:0.6819156041287188 and  NDCG@20:0.31021184617194025
Selected clients in this round:
[0, 1, 2, 3, 4, 5, 6, 7, 8, 9, 10, 11, 12, 13, 14, 15, 16, 17, 18, 19, 20, 21, 22, 23, 24, 25, 26, 27, 28, 29, 30, 31, 32, 33, 34, 35, 36, 37, 38, 39, 40, 41, 42, 43, 44, 45, 46, 47, 48, 49, 50, 51, 52, 53, 54, 55, 56, 57, 58, 59, 60, 61, 62, 63, 64, 65, 66, 67, 68, 69, 70, 71, 72, 73, 74, 75, 76, 77, 78, 79, 80, 81, 82, 83, 84, 85, 86, 87, 88, 89]
--------------Round 7--------------
53145
48130
45950
49200
50970
50355
62005
63095
60800
37145
41585
54115
37400
48390
54835
57275
54420
38120
49300
41575
40110
51300
52420
50925
44950
47215
48175
54130
46805
43410
56880
41720
58230
51075
44885
46430
58155
38825
51090
50460
49370
42415
41595
37300
40055
40980
47400
54785
42965
44010
43410
50735
42175
68510
49285
56555
51535
39720
53800
48860
47895
46330
51355
52745
48945
55790
68485
66810
44415
45910
59150
52470
60720
48265
54520
59030
50000
47110
37500
58340
45215
56555
49965
45265
38975
54265
43355
49960
39370
41365
unlearning time:              2.1907s
Time Cost:                    487.3530s
Hit Ratio and NDCG for top 20 recommendation!
HR@20:0.6977049180327867 and  NDCG@20:0.3188795206623207
Selected clients in this round:
[0, 1, 2, 3, 4, 5, 6, 7, 8, 9, 10, 11, 12, 13, 14, 15, 16, 17, 18, 19, 20, 21, 22, 23, 24, 25, 26, 27, 28, 29, 30, 31, 32, 33, 34, 35, 36, 37, 38, 39, 40, 41, 42, 43, 44, 45, 46, 47, 48, 49, 50, 51, 52, 53, 54, 55, 56, 57, 58, 59, 60, 61, 62, 63, 64, 65, 66, 67, 68, 69, 70, 71, 72, 73, 74, 75, 76, 77, 78, 79, 80, 81, 82, 83, 84, 85, 86, 87, 88, 89]
--------------Round 8--------------
53145
48130
45950
49200
50970
50355
62005
63095
60800
37145
41585
54115
37400
48390
54835
57275
54420
38120
49300
41575
40110
51300
52420
50925
44950
47215
48175
54130
46805
43410
56880
41720
58230
51075
44885
46430
58155
38825
51090
50460
49370
42415
41595
37300
40055
40980
47400
54785
42965
44010
43410
50735
42175
68510
49285
56555
51535
39720
53800
48860
47895
46330
51355
52745
48945
55790
68485
66810
44415
45910
59150
52470
60720
48265
54520
59030
50000
47110
37500
58340
45215
56555
49965
45265
38975
54265
43355
49960
39370
41365
unlearning time:              2.4587s
Time Cost:                    488.5736s
Hit Ratio and NDCG for top 20 recommendation!
HR@20:0.7022191863995144 and  NDCG@20:0.3224745055262451
Selected clients in this round:
[0, 1, 2, 3, 4, 5, 6, 7, 8, 9, 10, 11, 12, 13, 14, 15, 16, 17, 18, 19, 20, 21, 22, 23, 24, 25, 26, 27, 28, 29, 30, 31, 32, 33, 34, 35, 36, 37, 38, 39, 40, 41, 42, 43, 44, 45, 46, 47, 48, 49, 50, 51, 52, 53, 54, 55, 56, 57, 58, 59, 60, 61, 62, 63, 64, 65, 66, 67, 68, 69, 70, 71, 72, 73, 74, 75, 76, 77, 78, 79, 80, 81, 82, 83, 84, 85, 86, 87, 88, 89]
--------------Round 9--------------
53145
48130
45950
49200
50970
50355
62005
63095
60800
37145
41585
54115
37400
48390
54835
57275
54420
38120
49300
41575
40110
51300
52420
50925
44950
47215
48175
54130
46805
43410
56880
41720
58230
51075
44885
46430
58155
38825
51090
50460
49370
42415
41595
37300
40055
40980
47400
54785
42965
44010
43410
50735
42175
68510
49285
56555
51535
39720
53800
48860
47895
46330
51355
52745
48945
55790
68485
66810
44415
45910
59150
52470
60720
48265
54520
59030
50000
47110
37500
58340
45215
56555
49965
45265
38975
54265
43355
49960
39370
41365
unlearning time:              2.7251s
Time Cost:                    489.1359s
Hit Ratio and NDCG for top 20 recommendation!
HR@20:0.7026350941105035 and  NDCG@20:0.32817244856906674
Selected clients in this round:
[0, 1, 2, 3, 4, 5, 6, 7, 8, 9, 10, 11, 12, 13, 14, 15, 16, 17, 18, 19, 20, 21, 22, 23, 24, 25, 26, 27, 28, 29, 30, 31, 32, 33, 34, 35, 36, 37, 38, 39, 40, 41, 42, 43, 44, 45, 46, 47, 48, 49, 50, 51, 52, 53, 54, 55, 56, 57, 58, 59, 60, 61, 62, 63, 64, 65, 66, 67, 68, 69, 70, 71, 72, 73, 74, 75, 76, 77, 78, 79, 80, 81, 82, 83, 84, 85, 86, 87, 88, 89]
--------------Round 10--------------
53145
48130
45950
49200
50970
50355
62005
63095
60800
37145
41585
54115
37400
48390
54835
57275
54420
38120
49300
41575
40110
51300
52420
50925
44950
47215
48175
54130
46805
43410
56880
41720
58230
51075
44885
46430
58155
38825
51090
50460
49370
42415
41595
37300
40055
40980
47400
54785
42965
44010
43410
50735
42175
68510
49285
56555
51535
39720
53800
48860
47895
46330
51355
52745
48945
55790
68485
66810
44415
45910
59150
52470
60720
48265
54520
59030
50000
47110
37500
58340
45215
56555
49965
45265
38975
54265
43355
49960
39370
41365
unlearning time:              2.9932s
Time Cost:                    489.1611s
Hit Ratio and NDCG for top 20 recommendation!
HR@20:0.7077474195506981 and  NDCG@20:0.3258536617449008
Selected clients in this round:
[0, 1, 2, 3, 4, 5, 6, 7, 8, 9, 10, 11, 12, 13, 14, 15, 16, 17, 18, 19, 20, 21, 22, 23, 24, 25, 26, 27, 28, 29, 30, 31, 32, 33, 34, 35, 36, 37, 38, 39, 40, 41, 42, 43, 44, 45, 46, 47, 48, 49, 50, 51, 52, 53, 54, 55, 56, 57, 58, 59, 60, 61, 62, 63, 64, 65, 66, 67, 68, 69, 70, 71, 72, 73, 74, 75, 76, 77, 78, 79, 80, 81, 82, 83, 84, 85, 86, 87, 88, 89]
--------------Round 11--------------
53145
48130
45950
49200
50970
50355
62005
63095
60800
37145
41585
54115
37400
48390
54835
57275
54420
38120
49300
41575
40110
51300
52420
50925
44950
47215
48175
54130
46805
43410
56880
41720
58230
51075
44885
46430
58155
38825
51090
50460
49370
42415
41595
37300
40055
40980
47400
54785
42965
44010
43410
50735
42175
68510
49285
56555
51535
39720
53800
48860
47895
46330
51355
52745
48945
55790
68485
66810
44415
45910
59150
52470
60720
48265
54520
59030
50000
47110
37500
58340
45215
56555
49965
45265
38975
54265
43355
49960
39370
41365
unlearning time:              3.2560s
Time Cost:                    488.7855s
Hit Ratio and NDCG for top 20 recommendation!
HR@20:0.7109380692167575 and  NDCG@20:0.3266969058208944
Selected clients in this round:
[0, 1, 2, 3, 4, 5, 6, 7, 8, 9, 10, 11, 12, 13, 14, 15, 16, 17, 18, 19, 20, 21, 22, 23, 24, 25, 26, 27, 28, 29, 30, 31, 32, 33, 34, 35, 36, 37, 38, 39, 40, 41, 42, 43, 44, 45, 46, 47, 48, 49, 50, 51, 52, 53, 54, 55, 56, 57, 58, 59, 60, 61, 62, 63, 64, 65, 66, 67, 68, 69, 70, 71, 72, 73, 74, 75, 76, 77, 78, 79, 80, 81, 82, 83, 84, 85, 86, 87, 88, 89]
--------------Round 12--------------
53145
48130
45950
49200
50970
50355
62005
63095
60800
37145
41585
54115
37400
48390
54835
57275
54420
38120
49300
41575
40110
51300
52420
50925
44950
47215
48175
54130
46805
43410
56880
41720
58230
51075
44885
46430
58155
38825
51090
50460
49370
42415
41595
37300
40055
40980
47400
54785
42965
44010
43410
50735
42175
68510
49285
56555
51535
39720
53800
48860
47895
46330
51355
52745
48945
55790
68485
66810
44415
45910
59150
52470
60720
48265
54520
59030
50000
47110
37500
58340
45215
56555
49965
45265
38975
54265
43355
49960
39370
41365
unlearning time:              3.5355s
Time Cost:                    489.9422s
Hit Ratio and NDCG for top 20 recommendation!
HR@20:0.7092865816636309 and  NDCG@20:0.3231343628073251
Selected clients in this round:
[0, 1, 2, 3, 4, 5, 6, 7, 8, 9, 10, 11, 12, 13, 14, 15, 16, 17, 18, 19, 20, 21, 22, 23, 24, 25, 26, 27, 28, 29, 30, 31, 32, 33, 34, 35, 36, 37, 38, 39, 40, 41, 42, 43, 44, 45, 46, 47, 48, 49, 50, 51, 52, 53, 54, 55, 56, 57, 58, 59, 60, 61, 62, 63, 64, 65, 66, 67, 68, 69, 70, 71, 72, 73, 74, 75, 76, 77, 78, 79, 80, 81, 82, 83, 84, 85, 86, 87, 88, 89]
--------------Round 13--------------
53145
48130
45950
49200
50970
50355
62005
63095
60800
37145
41585
54115
37400
48390
54835
57275
54420
38120
49300
41575
40110
51300
52420
50925
44950
47215
48175
54130
46805
43410
56880
41720
58230
51075
44885
46430
58155
38825
51090
50460
49370
42415
41595
37300
40055
40980
47400
54785
42965
44010
43410
50735
42175
68510
49285
56555
51535
39720
53800
48860
47895
46330
51355
52745
48945
55790
68485
66810
44415
45910
59150
52470
60720
48265
54520
59030
50000
47110
37500
58340
45215
56555
49965
45265
38975
54265
43355
49960
39370
41365
unlearning time:              3.8026s
Time Cost:                    491.2408s
Hit Ratio and NDCG for top 20 recommendation!
HR@20:0.709462659380692 and  NDCG@20:0.3289921209975392
Selected clients in this round:
[0, 1, 2, 3, 4, 5, 6, 7, 8, 9, 10, 11, 12, 13, 14, 15, 16, 17, 18, 19, 20, 21, 22, 23, 24, 25, 26, 27, 28, 29, 30, 31, 32, 33, 34, 35, 36, 37, 38, 39, 40, 41, 42, 43, 44, 45, 46, 47, 48, 49, 50, 51, 52, 53, 54, 55, 56, 57, 58, 59, 60, 61, 62, 63, 64, 65, 66, 67, 68, 69, 70, 71, 72, 73, 74, 75, 76, 77, 78, 79, 80, 81, 82, 83, 84, 85, 86, 87, 88, 89]
--------------Round 14--------------
53145
48130
45950
49200
50970
50355
62005
63095
60800
37145
41585
54115
37400
48390
54835
57275
54420
38120
49300
41575
40110
51300
52420
50925
44950
47215
48175
54130
46805
43410
56880
41720
58230
51075
44885
46430
58155
38825
51090
50460
49370
42415
41595
37300
40055
40980
47400
54785
42965
44010
43410
50735
42175
68510
49285
56555
51535
39720
53800
48860
47895
46330
51355
52745
48945
55790
68485
66810
44415
45910
59150
52470
60720
48265
54520
59030
50000
47110
37500
58340
45215
56555
49965
45265
38975
54265
43355
49960
39370
41365
unlearning time:              4.0608s
Time Cost:                    489.7587s
Hit Ratio and NDCG for top 20 recommendation!
HR@20:0.7092926533090463 and  NDCG@20:0.3306652917808466
Selected clients in this round:
[0, 1, 2, 3, 4, 5, 6, 7, 8, 9, 10, 11, 12, 13, 14, 15, 16, 17, 18, 19, 20, 21, 22, 23, 24, 25, 26, 27, 28, 29, 30, 31, 32, 33, 34, 35, 36, 37, 38, 39, 40, 41, 42, 43, 44, 45, 46, 47, 48, 49, 50, 51, 52, 53, 54, 55, 56, 57, 58, 59, 60, 61, 62, 63, 64, 65, 66, 67, 68, 69, 70, 71, 72, 73, 74, 75, 76, 77, 78, 79, 80, 81, 82, 83, 84, 85, 86, 87, 88, 89]
--------------Round 15--------------
53145
48130
45950
49200
50970
50355
62005
63095
60800
37145
41585
54115
37400
48390
54835
57275
54420
38120
49300
41575
40110
51300
52420
50925
44950
47215
48175
54130
46805
43410
56880
41720
58230
51075
44885
46430
58155
38825
51090
50460
49370
42415
41595
37300
40055
40980
47400
54785
42965
44010
43410
50735
42175
68510
49285
56555
51535
39720
53800
48860
47895
46330
51355
52745
48945
55790
68485
66810
44415
45910
59150
52470
60720
48265
54520
59030
50000
47110
37500
58340
45215
56555
49965
45265
38975
54265
43355
49960
39370
41365
unlearning time:              4.3350s
Time Cost:                    474.5616s
Hit Ratio and NDCG for top 20 recommendation!
HR@20:0.7108773527625984 and  NDCG@20:0.3281529127766737
Selected clients in this round:
[0, 1, 2, 3, 4, 5, 6, 7, 8, 9, 10, 11, 12, 13, 14, 15, 16, 17, 18, 19, 20, 21, 22, 23, 24, 25, 26, 27, 28, 29, 30, 31, 32, 33, 34, 35, 36, 37, 38, 39, 40, 41, 42, 43, 44, 45, 46, 47, 48, 49, 50, 51, 52, 53, 54, 55, 56, 57, 58, 59, 60, 61, 62, 63, 64, 65, 66, 67, 68, 69, 70, 71, 72, 73, 74, 75, 76, 77, 78, 79, 80, 81, 82, 83, 84, 85, 86, 87, 88, 89]
--------------Round 16--------------
53145
48130
45950
49200
50970
50355
62005
63095
60800
37145
41585
54115
37400
48390
54835
57275
54420
38120
49300
41575
40110
51300
52420
50925
44950
47215
48175
54130
46805
43410
56880
41720
58230
51075
44885
46430
58155
38825
51090
50460
49370
42415
41595
37300
40055
40980
47400
54785
42965
44010
43410
50735
42175
68510
49285
56555
51535
39720
53800
48860
47895
46330
51355
52745
48945
55790
68485
66810
44415
45910
59150
52470
60720
48265
54520
59030
50000
47110
37500
58340
45215
56555
49965
45265
38975
54265
43355
49960
39370
41365
unlearning time:              4.5851s
Time Cost:                    473.3240s
Hit Ratio and NDCG for top 20 recommendation!
HR@20:0.7095780206435942 and  NDCG@20:0.3288526052261574
Selected clients in this round:
[0, 1, 2, 3, 4, 5, 6, 7, 8, 9, 10, 11, 12, 13, 14, 15, 16, 17, 18, 19, 20, 21, 22, 23, 24, 25, 26, 27, 28, 29, 30, 31, 32, 33, 34, 35, 36, 37, 38, 39, 40, 41, 42, 43, 44, 45, 46, 47, 48, 49, 50, 51, 52, 53, 54, 55, 56, 57, 58, 59, 60, 61, 62, 63, 64, 65, 66, 67, 68, 69, 70, 71, 72, 73, 74, 75, 76, 77, 78, 79, 80, 81, 82, 83, 84, 85, 86, 87, 88, 89]
--------------Round 17--------------
53145
48130
45950
49200
50970
50355
62005
63095
60800
37145
41585
54115
37400
48390
54835
57275
54420
38120
49300
41575
40110
51300
52420
50925
44950
47215
48175
54130
46805
43410
56880
41720
58230
51075
44885
46430
58155
38825
51090
50460
49370
42415
41595
37300
40055
40980
47400
54785
42965
44010
43410
50735
42175
68510
49285
56555
51535
39720
53800
48860
47895
46330
51355
52745
48945
55790
68485
66810
44415
45910
59150
52470
60720
48265
54520
59030
50000
47110
37500
58340
45215
56555
49965
45265
38975
54265
43355
49960
39370
41365
unlearning time:              4.8413s
Time Cost:                    472.3019s
Hit Ratio and NDCG for top 20 recommendation!
HR@20:0.7118397085610201 and  NDCG@20:0.3277372791833282
Selected clients in this round:
[0, 1, 2, 3, 4, 5, 6, 7, 8, 9, 10, 11, 12, 13, 14, 15, 16, 17, 18, 19, 20, 21, 22, 23, 24, 25, 26, 27, 28, 29, 30, 31, 32, 33, 34, 35, 36, 37, 38, 39, 40, 41, 42, 43, 44, 45, 46, 47, 48, 49, 50, 51, 52, 53, 54, 55, 56, 57, 58, 59, 60, 61, 62, 63, 64, 65, 66, 67, 68, 69, 70, 71, 72, 73, 74, 75, 76, 77, 78, 79, 80, 81, 82, 83, 84, 85, 86, 87, 88, 89]
--------------Round 18--------------
53145
48130
45950
49200
50970
50355
62005
63095
60800
37145
41585
54115
37400
48390
54835
57275
54420
38120
49300
41575
40110
51300
52420
50925
44950
47215
48175
54130
46805
43410
56880
41720
58230
51075
44885
46430
58155
38825
51090
50460
49370
42415
41595
37300
40055
40980
47400
54785
42965
44010
43410
50735
42175
68510
49285
56555
51535
39720
53800
48860
47895
46330
51355
52745
48945
55790
68485
66810
44415
45910
59150
52470
60720
48265
54520
59030
50000
47110
37500
58340
45215
56555
49965
45265
38975
54265
43355
49960
39370
41365
unlearning time:              5.0997s
Time Cost:                    470.1776s
Hit Ratio and NDCG for top 20 recommendation!
HR@20:0.7117789921068609 and  NDCG@20:0.33057646619671627
Selected clients in this round:
[0, 1, 2, 3, 4, 5, 6, 7, 8, 9, 10, 11, 12, 13, 14, 15, 16, 17, 18, 19, 20, 21, 22, 23, 24, 25, 26, 27, 28, 29, 30, 31, 32, 33, 34, 35, 36, 37, 38, 39, 40, 41, 42, 43, 44, 45, 46, 47, 48, 49, 50, 51, 52, 53, 54, 55, 56, 57, 58, 59, 60, 61, 62, 63, 64, 65, 66, 67, 68, 69, 70, 71, 72, 73, 74, 75, 76, 77, 78, 79, 80, 81, 82, 83, 84, 85, 86, 87, 88, 89]
--------------Round 19--------------
53145
48130
45950
49200
50970
50355
62005
63095
60800
37145
41585
54115
37400
48390
54835
57275
54420
38120
49300
41575
40110
51300
52420
50925
44950
47215
48175
54130
46805
43410
56880
41720
58230
51075
44885
46430
58155
38825
51090
50460
49370
42415
41595
37300
40055
40980
47400
54785
42965
44010
43410
50735
42175
68510
49285
56555
51535
39720
53800
48860
47895
46330
51355
52745
48945
55790
68485
66810
44415
45910
59150
52470
60720
48265
54520
59030
50000
47110
37500
58340
45215
56555
49965
45265
38975
54265
43355
49960
39370
41365
unlearning time:              5.3931s
Time Cost:                    471.3976s
Hit Ratio and NDCG for top 20 recommendation!
HR@20:0.7088858530661807 and  NDCG@20:0.3272875532117514
Selected clients in this round:
[0, 1, 2, 3, 4, 5, 6, 7, 8, 9, 10, 11, 12, 13, 14, 15, 16, 17, 18, 19, 20, 21, 22, 23, 24, 25, 26, 27, 28, 29, 30, 31, 32, 33, 34, 35, 36, 37, 38, 39, 40, 41, 42, 43, 44, 45, 46, 47, 48, 49, 50, 51, 52, 53, 54, 55, 56, 57, 58, 59, 60, 61, 62, 63, 64, 65, 66, 67, 68, 69, 70, 71, 72, 73, 74, 75, 76, 77, 78, 79, 80, 81, 82, 83, 84, 85, 86, 87, 88, 89]
--------------Round 20--------------
53145
48130
45950
49200
50970
50355
62005
63095
60800
37145
41585
54115
37400
48390
54835
57275
54420
38120
49300
41575
40110
51300
52420
50925
44950
47215
48175
54130
46805
43410
56880
41720
58230
51075
44885
46430
58155
38825
51090
50460
49370
42415
41595
37300
40055
40980
47400
54785
42965
44010
43410
50735
42175
68510
49285
56555
51535
39720
53800
48860
47895
46330
51355
52745
48945
55790
68485
66810
44415
45910
59150
52470
60720
48265
54520
59030
50000
47110
37500
58340
45215
56555
49965
45265
38975
54265
43355
49960
39370
41365
unlearning time:              5.6620s
Time Cost:                    473.4354s
Hit Ratio and NDCG for top 20 recommendation!
HR@20:0.7184456587735277 and  NDCG@20:0.3314968751550795
Selected clients in this round:
[0, 1, 2, 3, 4, 5, 6, 7, 8, 9, 10, 11, 12, 13, 14, 15, 16, 17, 18, 19, 20, 21, 22, 23, 24, 25, 26, 27, 28, 29, 30, 31, 32, 33, 34, 35, 36, 37, 38, 39, 40, 41, 42, 43, 44, 45, 46, 47, 48, 49, 50, 51, 52, 53, 54, 55, 56, 57, 58, 59, 60, 61, 62, 63, 64, 65, 66, 67, 68, 69, 70, 71, 72, 73, 74, 75, 76, 77, 78, 79, 80, 81, 82, 83, 84, 85, 86, 87, 88, 89]
--------------Round 21--------------
53145
48130
45950
49200
50970
50355
62005
63095
60800
37145
41585
54115
37400
48390
54835
57275
54420
38120
49300
41575
40110
51300
52420
50925
44950
47215
48175
54130
46805
43410
56880
41720
58230
51075
44885
46430
58155
38825
51090
50460
49370
42415
41595
37300
40055
40980
47400
54785
42965
44010
43410
50735
42175
68510
49285
56555
51535
39720
53800
48860
47895
46330
51355
52745
48945
55790
68485
66810
44415
45910
59150
52470
60720
48265
54520
59030
50000
47110
37500
58340
45215
56555
49965
45265
38975
54265
43355
49960
39370
41365
unlearning time:              5.9174s
Time Cost:                    475.0214s
Hit Ratio and NDCG for top 20 recommendation!
HR@20:0.7164055859137825 and  NDCG@20:0.3313920180318766
Selected clients in this round:
[0, 1, 2, 3, 4, 5, 6, 7, 8, 9, 10, 11, 12, 13, 14, 15, 16, 17, 18, 19, 20, 21, 22, 23, 24, 25, 26, 27, 28, 29, 30, 31, 32, 33, 34, 35, 36, 37, 38, 39, 40, 41, 42, 43, 44, 45, 46, 47, 48, 49, 50, 51, 52, 53, 54, 55, 56, 57, 58, 59, 60, 61, 62, 63, 64, 65, 66, 67, 68, 69, 70, 71, 72, 73, 74, 75, 76, 77, 78, 79, 80, 81, 82, 83, 84, 85, 86, 87, 88, 89]
--------------Round 22--------------
53145
48130
45950
49200
50970
50355
62005
63095
60800
37145
41585
54115
37400
48390
54835
57275
54420
38120
49300
41575
40110
51300
52420
50925
44950
47215
48175
54130
46805
43410
56880
41720
58230
51075
44885
46430
58155
38825
51090
50460
49370
42415
41595
37300
40055
40980
47400
54785
42965
44010
43410
50735
42175
68510
49285
56555
51535
39720
53800
48860
47895
46330
51355
52745
48945
55790
68485
66810
44415
45910
59150
52470
60720
48265
54520
59030
50000
47110
37500
58340
45215
56555
49965
45265
38975
54265
43355
49960
39370
41365
unlearning time:              6.1632s
Time Cost:                    472.9270s
Hit Ratio and NDCG for top 20 recommendation!
HR@20:0.7169854280510018 and  NDCG@20:0.334636903825253
Selected clients in this round:
[0, 1, 2, 3, 4, 5, 6, 7, 8, 9, 10, 11, 12, 13, 14, 15, 16, 17, 18, 19, 20, 21, 22, 23, 24, 25, 26, 27, 28, 29, 30, 31, 32, 33, 34, 35, 36, 37, 38, 39, 40, 41, 42, 43, 44, 45, 46, 47, 48, 49, 50, 51, 52, 53, 54, 55, 56, 57, 58, 59, 60, 61, 62, 63, 64, 65, 66, 67, 68, 69, 70, 71, 72, 73, 74, 75, 76, 77, 78, 79, 80, 81, 82, 83, 84, 85, 86, 87, 88, 89]
--------------Round 23--------------
53145
48130
45950
49200
50970
50355
62005
63095
60800
37145
41585
54115
37400
48390
54835
57275
54420
38120
49300
41575
40110
51300
52420
50925
44950
47215
48175
54130
46805
43410
56880
41720
58230
51075
44885
46430
58155
38825
51090
50460
49370
42415
41595
37300
40055
40980
47400
54785
42965
44010
43410
50735
42175
68510
49285
56555
51535
39720
53800
48860
47895
46330
51355
52745
48945
55790
68485
66810
44415
45910
59150
52470
60720
48265
54520
59030
50000
47110
37500
58340
45215
56555
49965
45265
38975
54265
43355
49960
39370
41365
unlearning time:              6.4642s
Time Cost:                    474.0279s
Hit Ratio and NDCG for top 20 recommendation!
HR@20:0.7175106253794782 and  NDCG@20:0.3364371904408339
Selected clients in this round:
[0, 1, 2, 3, 4, 5, 6, 7, 8, 9, 10, 11, 12, 13, 14, 15, 16, 17, 18, 19, 20, 21, 22, 23, 24, 25, 26, 27, 28, 29, 30, 31, 32, 33, 34, 35, 36, 37, 38, 39, 40, 41, 42, 43, 44, 45, 46, 47, 48, 49, 50, 51, 52, 53, 54, 55, 56, 57, 58, 59, 60, 61, 62, 63, 64, 65, 66, 67, 68, 69, 70, 71, 72, 73, 74, 75, 76, 77, 78, 79, 80, 81, 82, 83, 84, 85, 86, 87, 88, 89]
--------------Round 24--------------
53145
48130
45950
49200
50970
50355
62005
63095
60800
37145
41585
54115
37400
48390
54835
57275
54420
38120
49300
41575
40110
51300
52420
50925
44950
47215
48175
54130
46805
43410
56880
41720
58230
51075
44885
46430
58155
38825
51090
50460
49370
42415
41595
37300
40055
40980
47400
54785
42965
44010
43410
50735
42175
68510
49285
56555
51535
39720
53800
48860
47895
46330
51355
52745
48945
55790
68485
66810
44415
45910
59150
52470
60720
48265
54520
59030
50000
47110
37500
58340
45215
56555
49965
45265
38975
54265
43355
49960
39370
41365
unlearning time:              6.6794s
Time Cost:                    475.3427s
Hit Ratio and NDCG for top 20 recommendation!
HR@20:0.718096539162113 and  NDCG@20:0.3337018220196753
Selected clients in this round:
[0, 1, 2, 3, 4, 5, 6, 7, 8, 9, 10, 11, 12, 13, 14, 15, 16, 17, 18, 19, 20, 21, 22, 23, 24, 25, 26, 27, 28, 29, 30, 31, 32, 33, 34, 35, 36, 37, 38, 39, 40, 41, 42, 43, 44, 45, 46, 47, 48, 49, 50, 51, 52, 53, 54, 55, 56, 57, 58, 59, 60, 61, 62, 63, 64, 65, 66, 67, 68, 69, 70, 71, 72, 73, 74, 75, 76, 77, 78, 79, 80, 81, 82, 83, 84, 85, 86, 87, 88, 89]
--------------Round 25--------------
53145
48130
45950
49200
50970
50355
62005
63095
60800
37145
41585
54115
37400
48390
54835
57275
54420
38120
49300
41575
40110
51300
52420
50925
44950
47215
48175
54130
46805
43410
56880
41720
58230
51075
44885
46430
58155
38825
51090
50460
49370
42415
41595
37300
40055
40980
47400
54785
42965
44010
43410
50735
42175
68510
49285
56555
51535
39720
53800
48860
47895
46330
51355
52745
48945
55790
68485
66810
44415
45910
59150
52470
60720
48265
54520
59030
50000
47110
37500
58340
45215
56555
49965
45265
38975
54265
43355
49960
39370
41365
unlearning time:              6.9577s
Time Cost:                    474.7720s
Hit Ratio and NDCG for top 20 recommendation!
HR@20:0.7197328476016998 and  NDCG@20:0.33262191583503636
Selected clients in this round:
[0, 1, 2, 3, 4, 5, 6, 7, 8, 9, 10, 11, 12, 13, 14, 15, 16, 17, 18, 19, 20, 21, 22, 23, 24, 25, 26, 27, 28, 29, 30, 31, 32, 33, 34, 35, 36, 37, 38, 39, 40, 41, 42, 43, 44, 45, 46, 47, 48, 49, 50, 51, 52, 53, 54, 55, 56, 57, 58, 59, 60, 61, 62, 63, 64, 65, 66, 67, 68, 69, 70, 71, 72, 73, 74, 75, 76, 77, 78, 79, 80, 81, 82, 83, 84, 85, 86, 87, 88, 89]
--------------Round 26--------------
53145
48130
45950
49200
50970
50355
62005
63095
60800
37145
41585
54115
37400
48390
54835
57275
54420
38120
49300
41575
40110
51300
52420
50925
44950
47215
48175
54130
46805
43410
56880
41720
58230
51075
44885
46430
58155
38825
51090
50460
49370
42415
41595
37300
40055
40980
47400
54785
42965
44010
43410
50735
42175
68510
49285
56555
51535
39720
53800
48860
47895
46330
51355
52745
48945
55790
68485
66810
44415
45910
59150
52470
60720
48265
54520
59030
50000
47110
37500
58340
45215
56555
49965
45265
38975
54265
43355
49960
39370
41365
unlearning time:              7.2051s
Time Cost:                    475.6349s
Hit Ratio and NDCG for top 20 recommendation!
HR@20:0.7155039465695207 and  NDCG@20:0.33272899699032127
Selected clients in this round:
[0, 1, 2, 3, 4, 5, 6, 7, 8, 9, 10, 11, 12, 13, 14, 15, 16, 17, 18, 19, 20, 21, 22, 23, 24, 25, 26, 27, 28, 29, 30, 31, 32, 33, 34, 35, 36, 37, 38, 39, 40, 41, 42, 43, 44, 45, 46, 47, 48, 49, 50, 51, 52, 53, 54, 55, 56, 57, 58, 59, 60, 61, 62, 63, 64, 65, 66, 67, 68, 69, 70, 71, 72, 73, 74, 75, 76, 77, 78, 79, 80, 81, 82, 83, 84, 85, 86, 87, 88, 89]
--------------Round 27--------------
53145
48130
45950
49200
50970
50355
62005
63095
60800
37145
41585
54115
37400
48390
54835
57275
54420
38120
49300
41575
40110
51300
52420
50925
44950
47215
48175
54130
46805
43410
56880
41720
58230
51075
44885
46430
58155
38825
51090
50460
49370
42415
41595
37300
40055
40980
47400
54785
42965
44010
43410
50735
42175
68510
49285
56555
51535
39720
53800
48860
47895
46330
51355
52745
48945
55790
68485
66810
44415
45910
59150
52470
60720
48265
54520
59030
50000
47110
37500
58340
45215
56555
49965
45265
38975
54265
43355
49960
39370
41365
unlearning time:              7.4737s
Time Cost:                    477.0145s
Hit Ratio and NDCG for top 20 recommendation!
HR@20:0.7226836672738313 and  NDCG@20:0.33575060239563526
Selected clients in this round:
[0, 1, 2, 3, 4, 5, 6, 7, 8, 9, 10, 11, 12, 13, 14, 15, 16, 17, 18, 19, 20, 21, 22, 23, 24, 25, 26, 27, 28, 29, 30, 31, 32, 33, 34, 35, 36, 37, 38, 39, 40, 41, 42, 43, 44, 45, 46, 47, 48, 49, 50, 51, 52, 53, 54, 55, 56, 57, 58, 59, 60, 61, 62, 63, 64, 65, 66, 67, 68, 69, 70, 71, 72, 73, 74, 75, 76, 77, 78, 79, 80, 81, 82, 83, 84, 85, 86, 87, 88, 89]
--------------Round 28--------------
53145
48130
45950
49200
50970
50355
62005
63095
60800
37145
41585
54115
37400
48390
54835
57275
54420
38120
49300
41575
40110
51300
52420
50925
44950
47215
48175
54130
46805
43410
56880
41720
58230
51075
44885
46430
58155
38825
51090
50460
49370
42415
41595
37300
40055
40980
47400
54785
42965
44010
43410
50735
42175
68510
49285
56555
51535
39720
53800
48860
47895
46330
51355
52745
48945
55790
68485
66810
44415
45910
59150
52470
60720
48265
54520
59030
50000
47110
37500
58340
45215
56555
49965
45265
38975
54265
43355
49960
39370
41365
unlearning time:              7.7706s
Time Cost:                    476.6777s
Hit Ratio and NDCG for top 20 recommendation!
HR@20:0.7229113539769277 and  NDCG@20:0.3381878469598273
Selected clients in this round:
[0, 1, 2, 3, 4, 5, 6, 7, 8, 9, 10, 11, 12, 13, 14, 15, 16, 17, 18, 19, 20, 21, 22, 23, 24, 25, 26, 27, 28, 29, 30, 31, 32, 33, 34, 35, 36, 37, 38, 39, 40, 41, 42, 43, 44, 45, 46, 47, 48, 49, 50, 51, 52, 53, 54, 55, 56, 57, 58, 59, 60, 61, 62, 63, 64, 65, 66, 67, 68, 69, 70, 71, 72, 73, 74, 75, 76, 77, 78, 79, 80, 81, 82, 83, 84, 85, 86, 87, 88, 89]
--------------Round 29--------------
53145
48130
45950
49200
50970
50355
62005
63095
60800
37145
41585
54115
37400
48390
54835
57275
54420
38120
49300
41575
40110
51300
52420
50925
44950
47215
48175
54130
46805
43410
56880
41720
58230
51075
44885
46430
58155
38825
51090
50460
49370
42415
41595
37300
40055
40980
47400
54785
42965
44010
43410
50735
42175
68510
49285
56555
51535
39720
53800
48860
47895
46330
51355
52745
48945
55790
68485
66810
44415
45910
59150
52470
60720
48265
54520
59030
50000
47110
37500
58340
45215
56555
49965
45265
38975
54265
43355
49960
39370
41365
unlearning time:              8.0472s
Time Cost:                    476.9729s
Hit Ratio and NDCG for top 20 recommendation!
HR@20:0.7219156041287192 and  NDCG@20:0.33576011867532407
Selected clients in this round:
[0, 1, 2, 3, 4, 5, 6, 7, 8, 9, 10, 11, 12, 13, 14, 15, 16, 17, 18, 19, 20, 21, 22, 23, 24, 25, 26, 27, 28, 29, 30, 31, 32, 33, 34, 35, 36, 37, 38, 39, 40, 41, 42, 43, 44, 45, 46, 47, 48, 49, 50, 51, 52, 53, 54, 55, 56, 57, 58, 59, 60, 61, 62, 63, 64, 65, 66, 67, 68, 69, 70, 71, 72, 73, 74, 75, 76, 77, 78, 79, 80, 81, 82, 83, 84, 85, 86, 87, 88, 89]
--------------Round 30--------------
53145
48130
45950
49200
50970
50355
62005
63095
60800
37145
41585
54115
37400
48390
54835
57275
54420
38120
49300
41575
40110
51300
52420
50925
44950
47215
48175
54130
46805
43410
56880
41720
58230
51075
44885
46430
58155
38825
51090
50460
49370
42415
41595
37300
40055
40980
47400
54785
42965
44010
43410
50735
42175
68510
49285
56555
51535
39720
53800
48860
47895
46330
51355
52745
48945
55790
68485
66810
44415
45910
59150
52470
60720
48265
54520
59030
50000
47110
37500
58340
45215
56555
49965
45265
38975
54265
43355
49960
39370
41365
unlearning time:              8.3215s
Time Cost:                    477.2247s
Hit Ratio and NDCG for top 20 recommendation!
HR@20:0.7208257437765634 and  NDCG@20:0.3360816752747594
Selected clients in this round:
[0, 1, 2, 3, 4, 5, 6, 7, 8, 9, 10, 11, 12, 13, 14, 15, 16, 17, 18, 19, 20, 21, 22, 23, 24, 25, 26, 27, 28, 29, 30, 31, 32, 33, 34, 35, 36, 37, 38, 39, 40, 41, 42, 43, 44, 45, 46, 47, 48, 49, 50, 51, 52, 53, 54, 55, 56, 57, 58, 59, 60, 61, 62, 63, 64, 65, 66, 67, 68, 69, 70, 71, 72, 73, 74, 75, 76, 77, 78, 79, 80, 81, 82, 83, 84, 85, 86, 87, 88, 89]
--------------Round 31--------------
53145
48130
45950
49200
50970
50355
62005
63095
60800
37145
41585
54115
37400
48390
54835
57275
54420
38120
49300
41575
40110
51300
52420
50925
44950
47215
48175
54130
46805
43410
56880
41720
58230
51075
44885
46430
58155
38825
51090
50460
49370
42415
41595
37300
40055
40980
47400
54785
42965
44010
43410
50735
42175
68510
49285
56555
51535
39720
53800
48860
47895
46330
51355
52745
48945
55790
68485
66810
44415
45910
59150
52470
60720
48265
54520
59030
50000
47110
37500
58340
45215
56555
49965
45265
38975
54265
43355
49960
39370
41365
unlearning time:              8.5513s
Time Cost:                    475.7049s
Hit Ratio and NDCG for top 20 recommendation!
HR@20:0.7184790528233151 and  NDCG@20:0.3332973352661283
Selected clients in this round:
[0, 1, 2, 3, 4, 5, 6, 7, 8, 9, 10, 11, 12, 13, 14, 15, 16, 17, 18, 19, 20, 21, 22, 23, 24, 25, 26, 27, 28, 29, 30, 31, 32, 33, 34, 35, 36, 37, 38, 39, 40, 41, 42, 43, 44, 45, 46, 47, 48, 49, 50, 51, 52, 53, 54, 55, 56, 57, 58, 59, 60, 61, 62, 63, 64, 65, 66, 67, 68, 69, 70, 71, 72, 73, 74, 75, 76, 77, 78, 79, 80, 81, 82, 83, 84, 85, 86, 87, 88, 89]
--------------Round 32--------------
53145
48130
45950
49200
50970
50355
62005
63095
60800
37145
41585
54115
37400
48390
54835
57275
54420
38120
49300
41575
40110
51300
52420
50925
44950
47215
48175
54130
46805
43410
56880
41720
58230
51075
44885
46430
58155
38825
51090
50460
49370
42415
41595
37300
40055
40980
47400
54785
42965
44010
43410
50735
42175
68510
49285
56555
51535
39720
53800
48860
47895
46330
51355
52745
48945
55790
68485
66810
44415
45910
59150
52470
60720
48265
54520
59030
50000
47110
37500
58340
45215
56555
49965
45265
38975
54265
43355
49960
39370
41365
unlearning time:              8.7793s
Time Cost:                    474.6388s
Hit Ratio and NDCG for top 20 recommendation!
HR@20:0.7244899817850635 and  NDCG@20:0.3337076340908097
Selected clients in this round:
[0, 1, 2, 3, 4, 5, 6, 7, 8, 9, 10, 11, 12, 13, 14, 15, 16, 17, 18, 19, 20, 21, 22, 23, 24, 25, 26, 27, 28, 29, 30, 31, 32, 33, 34, 35, 36, 37, 38, 39, 40, 41, 42, 43, 44, 45, 46, 47, 48, 49, 50, 51, 52, 53, 54, 55, 56, 57, 58, 59, 60, 61, 62, 63, 64, 65, 66, 67, 68, 69, 70, 71, 72, 73, 74, 75, 76, 77, 78, 79, 80, 81, 82, 83, 84, 85, 86, 87, 88, 89]
--------------Round 33--------------
53145
48130
45950
49200
50970
50355
62005
63095
60800
37145
41585
54115
37400
48390
54835
57275
54420
38120
49300
41575
40110
51300
52420
50925
44950
47215
48175
54130
46805
43410
56880
41720
58230
51075
44885
46430
58155
38825
51090
50460
49370
42415
41595
37300
40055
40980
47400
54785
42965
44010
43410
50735
42175
68510
49285
56555
51535
39720
53800
48860
47895
46330
51355
52745
48945
55790
68485
66810
44415
45910
59150
52470
60720
48265
54520
59030
50000
47110
37500
58340
45215
56555
49965
45265
38975
54265
43355
49960
39370
41365
unlearning time:              9.0837s
Time Cost:                    475.2286s
Hit Ratio and NDCG for top 20 recommendation!
HR@20:0.7248998178506375 and  NDCG@20:0.33487277714660896
Selected clients in this round:
[0, 1, 2, 3, 4, 5, 6, 7, 8, 9, 10, 11, 12, 13, 14, 15, 16, 17, 18, 19, 20, 21, 22, 23, 24, 25, 26, 27, 28, 29, 30, 31, 32, 33, 34, 35, 36, 37, 38, 39, 40, 41, 42, 43, 44, 45, 46, 47, 48, 49, 50, 51, 52, 53, 54, 55, 56, 57, 58, 59, 60, 61, 62, 63, 64, 65, 66, 67, 68, 69, 70, 71, 72, 73, 74, 75, 76, 77, 78, 79, 80, 81, 82, 83, 84, 85, 86, 87, 88, 89]
--------------Round 34--------------
53145
48130
45950
49200
50970
50355
62005
63095
60800
37145
41585
54115
37400
48390
54835
57275
54420
38120
49300
41575
40110
51300
52420
50925
44950
47215
48175
54130
46805
43410
56880
41720
58230
51075
44885
46430
58155
38825
51090
50460
49370
42415
41595
37300
40055
40980
47400
54785
42965
44010
43410
50735
42175
68510
49285
56555
51535
39720
53800
48860
47895
46330
51355
52745
48945
55790
68485
66810
44415
45910
59150
52470
60720
48265
54520
59030
50000
47110
37500
58340
45215
56555
49965
45265
38975
54265
43355
49960
39370
41365
unlearning time:              9.3223s
Time Cost:                    476.7134s
Hit Ratio and NDCG for top 20 recommendation!
HR@20:0.7178809957498482 and  NDCG@20:0.3336033328607029
Selected clients in this round:
[0, 1, 2, 3, 4, 5, 6, 7, 8, 9, 10, 11, 12, 13, 14, 15, 16, 17, 18, 19, 20, 21, 22, 23, 24, 25, 26, 27, 28, 29, 30, 31, 32, 33, 34, 35, 36, 37, 38, 39, 40, 41, 42, 43, 44, 45, 46, 47, 48, 49, 50, 51, 52, 53, 54, 55, 56, 57, 58, 59, 60, 61, 62, 63, 64, 65, 66, 67, 68, 69, 70, 71, 72, 73, 74, 75, 76, 77, 78, 79, 80, 81, 82, 83, 84, 85, 86, 87, 88, 89]
--------------Round 35--------------
53145
48130
45950
49200
50970
50355
62005
63095
60800
37145
41585
54115
37400
48390
54835
57275
54420
38120
49300
41575
40110
51300
52420
50925
44950
47215
48175
54130
46805
43410
56880
41720
58230
51075
44885
46430
58155
38825
51090
50460
49370
42415
41595
37300
40055
40980
47400
54785
42965
44010
43410
50735
42175
68510
49285
56555
51535
39720
53800
48860
47895
46330
51355
52745
48945
55790
68485
66810
44415
45910
59150
52470
60720
48265
54520
59030
50000
47110
37500
58340
45215
56555
49965
45265
38975
54265
43355
49960
39370
41365
unlearning time:              9.6361s
[ATK] round=35 mode=retrain er_retain=0.0000
Save   35
Time Cost:                    527.4310s
Hit Ratio and NDCG for top 20 recommendation!
HR@20:0.7237704918032786 and  NDCG@20:0.3349323390590057
Selected clients in this round:
[0, 1, 2, 3, 4, 5, 6, 7, 8, 9, 10, 11, 12, 13, 14, 15, 16, 17, 18, 19, 20, 21, 22, 23, 24, 25, 26, 27, 28, 29, 30, 31, 32, 33, 34, 35, 36, 37, 38, 39, 40, 41, 42, 43, 44, 45, 46, 47, 48, 49, 50, 51, 52, 53, 54, 55, 56, 57, 58, 59, 60, 61, 62, 63, 64, 65, 66, 67, 68, 69, 70, 71, 72, 73, 74, 75, 76, 77, 78, 79, 80, 81, 82, 83, 84, 85, 86, 87, 88, 89]
--------------Round 36--------------
53145
48130
45950
49200
50970
50355
62005
63095
60800
37145
41585
54115
37400
48390
54835
57275
54420
38120
49300
41575
40110
51300
52420
50925
44950
47215
48175
54130
46805
43410
56880
41720
58230
51075
44885
46430
58155
38825
51090
50460
49370
42415
41595
37300
40055
40980
47400
54785
42965
44010
43410
50735
42175
68510
49285
56555
51535
39720
53800
48860
47895
46330
51355
52745
48945
55790
68485
66810
44415
45910
59150
52470
60720
48265
54520
59030
50000
47110
37500
58340
45215
56555
49965
45265
38975
54265
43355
49960
39370
41365
unlearning time:              9.8453s
[ATK] round=36 mode=retrain er_retain=0.0000
Save   36
Time Cost:                    529.3267s
Hit Ratio and NDCG for top 20 recommendation!
HR@20:0.728415300546448 and  NDCG@20:0.33343417468114245
Selected clients in this round:
[0, 1, 2, 3, 4, 5, 6, 7, 8, 9, 10, 11, 12, 13, 14, 15, 16, 17, 18, 19, 20, 21, 22, 23, 24, 25, 26, 27, 28, 29, 30, 31, 32, 33, 34, 35, 36, 37, 38, 39, 40, 41, 42, 43, 44, 45, 46, 47, 48, 49, 50, 51, 52, 53, 54, 55, 56, 57, 58, 59, 60, 61, 62, 63, 64, 65, 66, 67, 68, 69, 70, 71, 72, 73, 74, 75, 76, 77, 78, 79, 80, 81, 82, 83, 84, 85, 86, 87, 88, 89]
--------------Round 37--------------
53145
48130
45950
49200
50970
50355
62005
63095
60800
37145
41585
54115
37400
48390
54835
57275
54420
38120
49300
41575
40110
51300
52420
50925
44950
47215
48175
54130
46805
43410
56880
41720
58230
51075
44885
46430
58155
38825
51090
50460
49370
42415
41595
37300
40055
40980
47400
54785
42965
44010
43410
50735
42175
68510
49285
56555
51535
39720
53800
48860
47895
46330
51355
52745
48945
55790
68485
66810
44415
45910
59150
52470
60720
48265
54520
59030
50000
47110
37500
58340
45215
56555
49965
45265
38975
54265
43355
49960
39370
41365
unlearning time:              10.0897s
[ATK] round=37 mode=retrain er_retain=0.0000
Save   37
Time Cost:                    529.7742s
Hit Ratio and NDCG for top 20 recommendation!
HR@20:0.7182544019429263 and  NDCG@20:0.3345660602604086
Selected clients in this round:
[0, 1, 2, 3, 4, 5, 6, 7, 8, 9, 10, 11, 12, 13, 14, 15, 16, 17, 18, 19, 20, 21, 22, 23, 24, 25, 26, 27, 28, 29, 30, 31, 32, 33, 34, 35, 36, 37, 38, 39, 40, 41, 42, 43, 44, 45, 46, 47, 48, 49, 50, 51, 52, 53, 54, 55, 56, 57, 58, 59, 60, 61, 62, 63, 64, 65, 66, 67, 68, 69, 70, 71, 72, 73, 74, 75, 76, 77, 78, 79, 80, 81, 82, 83, 84, 85, 86, 87, 88, 89]
--------------Round 38--------------
53145
48130
45950
49200
50970
50355
62005
63095
60800
37145
41585
54115
37400
48390
54835
57275
54420
38120
49300
41575
40110
51300
52420
50925
44950
47215
48175
54130
46805
43410
56880
41720
58230
51075
44885
46430
58155
38825
51090
50460
49370
42415
41595
37300
40055
40980
47400
54785
42965
44010
43410
50735
42175
68510
49285
56555
51535
39720
53800
48860
47895
46330
51355
52745
48945
55790
68485
66810
44415
45910
59150
52470
60720
48265
54520
59030
50000
47110
37500
58340
45215
56555
49965
45265
38975
54265
43355
49960
39370
41365
unlearning time:              10.3763s
[ATK] round=38 mode=retrain er_retain=0.0000
Save   38
Time Cost:                    528.4656s
Hit Ratio and NDCG for top 20 recommendation!
HR@20:0.7193230115361261 and  NDCG@20:0.3356866910753954
Selected clients in this round:
[0, 1, 2, 3, 4, 5, 6, 7, 8, 9, 10, 11, 12, 13, 14, 15, 16, 17, 18, 19, 20, 21, 22, 23, 24, 25, 26, 27, 28, 29, 30, 31, 32, 33, 34, 35, 36, 37, 38, 39, 40, 41, 42, 43, 44, 45, 46, 47, 48, 49, 50, 51, 52, 53, 54, 55, 56, 57, 58, 59, 60, 61, 62, 63, 64, 65, 66, 67, 68, 69, 70, 71, 72, 73, 74, 75, 76, 77, 78, 79, 80, 81, 82, 83, 84, 85, 86, 87, 88, 89]
--------------Round 39--------------
53145
48130
45950
49200
50970
50355
62005
63095
60800
37145
41585
54115
37400
48390
54835
57275
54420
38120
49300
41575
40110
51300
52420
50925
44950
47215
48175
54130
46805
43410
56880
41720
58230
51075
44885
46430
58155
38825
51090
50460
49370
42415
41595
37300
40055
40980
47400
54785
42965
44010
43410
50735
42175
68510
49285
56555
51535
39720
53800
48860
47895
46330
51355
52745
48945
55790
68485
66810
44415
45910
59150
52470
60720
48265
54520
59030
50000
47110
37500
58340
45215
56555
49965
45265
38975
54265
43355
49960
39370
41365
unlearning time:              10.6577s
[ATK] round=39 mode=retrain er_retain=0.0000
Save   39
Time Cost:                    528.7971s
Hit Ratio and NDCG for top 20 recommendation!
HR@20:0.723940497874924 and  NDCG@20:0.33624322706056603
Selected clients in this round:
[0, 1, 2, 3, 4, 5, 6, 7, 8, 9, 10, 11, 12, 13, 14, 15, 16, 17, 18, 19, 20, 21, 22, 23, 24, 25, 26, 27, 28, 29, 30, 31, 32, 33, 34, 35, 36, 37, 38, 39, 40, 41, 42, 43, 44, 45, 46, 47, 48, 49, 50, 51, 52, 53, 54, 55, 56, 57, 58, 59, 60, 61, 62, 63, 64, 65, 66, 67, 68, 69, 70, 71, 72, 73, 74, 75, 76, 77, 78, 79, 80, 81, 82, 83, 84, 85, 86, 87, 88, 89]
--------------Round 40--------------
53145
48130
45950
49200
50970
50355
62005
63095
60800
37145
41585
54115
37400
48390
54835
57275
54420
38120
49300
41575
40110
51300
52420
50925
44950
47215
48175
54130
46805
43410
56880
41720
58230
51075
44885
46430
58155
38825
51090
50460
49370
42415
41595
37300
40055
40980
47400
54785
42965
44010
43410
50735
42175
68510
49285
56555
51535
39720
53800
48860
47895
46330
51355
52745
48945
55790
68485
66810
44415
45910
59150
52470
60720
48265
54520
59030
50000
47110
37500
58340
45215
56555
49965
45265
38975
54265
43355
49960
39370
41365
unlearning time:              10.9015s
[ATK] round=40 mode=retrain er_retain=0.0000
Save   40
Time Cost:                    530.8326s
Hit Ratio and NDCG for top 20 recommendation!
HR@20:0.7273315118397087 and  NDCG@20:0.3370387678999014
Selected clients in this round:
[0, 1, 2, 3, 4, 5, 6, 7, 8, 9, 10, 11, 12, 13, 14, 15, 16, 17, 18, 19, 20, 21, 22, 23, 24, 25, 26, 27, 28, 29, 30, 31, 32, 33, 34, 35, 36, 37, 38, 39, 40, 41, 42, 43, 44, 45, 46, 47, 48, 49, 50, 51, 52, 53, 54, 55, 56, 57, 58, 59, 60, 61, 62, 63, 64, 65, 66, 67, 68, 69, 70, 71, 72, 73, 74, 75, 76, 77, 78, 79, 80, 81, 82, 83, 84, 85, 86, 87, 88, 89]
=================End==================
Total Time Cost:              21998.1082s
[]
  [clean] seed=0: HR=0.7855 ER=0.0000 target_item=2248
  $ /home/u4996812/miniconda3/envs/poison-fru-sok/bin/python3 main.py --task movielens1m_cnum100_dist0_skew0_seed0 --model NCF --algorithm CFRU --atk_method psmu --mode unlearn --forget_frac 1.0 --num_rounds 40 --topN 20 --S1 8 --proportion 1.0 --alpha 0.5 --seed 0 --num_epochs 5 --batch_size 64 --num_ng 4 --learning_rate 0.01 --server_gpu_id 0 --target_item -1 --psmu_scale 5.0 --psmu_s 8
  $ /home/u4996812/miniconda3/envs/poison-fru-sok/bin/python3 main.py --task movielens1m_cnum100_dist0_skew0_seed0 --model NCF --algorithm CFRU --atk_method psmu --mode retrain --forget_frac 1.0 --num_rounds 40 --topN 20 --S1 8 --proportion 1.0 --alpha 0.5 --seed 0 --num_epochs 5 --batch_size 64 --num_ng 4 --learning_rate 0.01 --server_gpu_id 0 --target_item -1 --psmu_scale 5.0 --psmu_s 8
  -> seed=0 frac=1.0: ER clean=0.000 poison=0.000 retain=0.000 unlearn=0.000 | HR clean=0.785 poison=0.767  [checkpointed]
done; +1 new rows, 1 total -> /home/u4996812/poison-fru-sok-h100/data/smoke_targetPromo.csv
=== smoke result (look for ER poison >> ER clean) ===
anchor,method,seed,forget_frac,attack_saturated,target_item,hr_clean,hr_poison,hr_retain,hr_unlearned,ndcg_clean,ndcg_poison,ndcg_retain,ndcg_unlearned,er_clean,er_poison,er_retain,er_unlearned
CFRU-psmu-ML1M-NCF,CFRU,0,1.0,0,2248,0.7854735883424411,0.7667455980570731,0.7611262902246507,0.7667455980570731,0.3928278414152046,0.3772514492723871,0.3645202008607761,0.3772543110275589,0.0,0.0,0.0,0.0
