init fedtask...done
target_item = 2248 | atk_method = none
init clients...MAX POS IDX: 724
MAX POS IDX: 954
MAX POS IDX: 693
MAX POS IDX: 966
MAX POS IDX: 564
MAX POS IDX: 1143
MAX POS IDX: 1343
MAX POS IDX: 1520
MAX POS IDX: 730
MAX POS IDX: 799
MAX POS IDX: 1003
MAX POS IDX: 741
MAX POS IDX: 781
MAX POS IDX: 710
MAX POS IDX: 660
MAX POS IDX: 1285
MAX POS IDX: 1210
MAX POS IDX: 1015
MAX POS IDX: 1301
MAX POS IDX: 773
MAX POS IDX: 665
MAX POS IDX: 1008
MAX POS IDX: 507
MAX POS IDX: 824
MAX POS IDX: 884
MAX POS IDX: 999
MAX POS IDX: 1322
MAX POS IDX: 607
MAX POS IDX: 821
MAX POS IDX: 981
MAX POS IDX: 553
MAX POS IDX: 1215
MAX POS IDX: 1049
MAX POS IDX: 1742
MAX POS IDX: 1077
MAX POS IDX: 1257
MAX POS IDX: 1270
MAX POS IDX: 1221
MAX POS IDX: 525
MAX POS IDX: 864
MAX POS IDX: 818
MAX POS IDX: 623
MAX POS IDX: 1849
MAX POS IDX: 1151
MAX POS IDX: 804
MAX POS IDX: 843
MAX POS IDX: 1168
MAX POS IDX: 400
MAX POS IDX: 1175
MAX POS IDX: 841
MAX POS IDX: 908
MAX POS IDX: 794
MAX POS IDX: 922
MAX POS IDX: 549
MAX POS IDX: 670
MAX POS IDX: 1215
MAX POS IDX: 836
MAX POS IDX: 887
MAX POS IDX: 913
MAX POS IDX: 788
MAX POS IDX: 963
MAX POS IDX: 892
MAX POS IDX: 609
MAX POS IDX: 793
MAX POS IDX: 1225
MAX POS IDX: 1239
MAX POS IDX: 821
MAX POS IDX: 466
MAX POS IDX: 1114
MAX POS IDX: 914
MAX POS IDX: 719
MAX POS IDX: 902
MAX POS IDX: 1259
MAX POS IDX: 639
MAX POS IDX: 857
MAX POS IDX: 2313
MAX POS IDX: 836
MAX POS IDX: 1594
MAX POS IDX: 838
MAX POS IDX: 881
MAX POS IDX: 1018
MAX POS IDX: 824
MAX POS IDX: 1037
MAX POS IDX: 684
MAX POS IDX: 1219
MAX POS IDX: 728
MAX POS IDX: 1017
MAX POS IDX: 683
MAX POS IDX: 527
MAX POS IDX: 1242
MAX POS IDX: 677
MAX POS IDX: 970
MAX POS IDX: 1517
MAX POS IDX: 851
MAX POS IDX: 605
MAX POS IDX: 783
MAX POS IDX: 458
MAX POS IDX: 742
MAX POS IDX: 1157
MAX POS IDX: 835
init server...fedtasksave/movielens1m_cnum100_dist0_skew0_seed0/CFRU_NCF_Mu8_R40_P1.00_alpha0.5_seed0_none/record
done
--------------Round 0--------------
48075
55990
40990
56610
49645
56305
52035
66080
57465
47115
53145
48130
45950
49200
50970
50355
62005
63095
60800
37145
41585
54115
37400
48390
54835
57275
54420
38120
49300
41575
40110
51300
52420
50925
44950
47215
48175
54130
46805
43410
56880
41720
58230
51075
44885
46430
58155
38825
51090
50460
49370
42415
41595
37300
40055
40980
47400
54785
42965
44010
43410
50735
42175
68510
49285
56555
51535
39720
53800
48860
47895
46330
51355
52745
48945
55790
68485
66810
44415
45910
59150
52470
60720
48265
54520
59030
50000
47110
37500
58340
45215
56555
49965
45265
38975
54265
43355
49960
39370
41365
Time Cost:                    175.0627s
Hit Ratio and NDCG for top 20 recommendation!
HR@20:0.600185185185185 and  NDCG@20:0.2781057384047635
Selected clients in this round:
[0, 1, 2, 3, 4, 5, 6, 7, 8, 9, 10, 11, 12, 13, 14, 15, 16, 17, 18, 19, 20, 21, 22, 23, 24, 25, 26, 27, 28, 29, 30, 31, 32, 33, 34, 35, 36, 37, 38, 39, 40, 41, 42, 43, 44, 45, 46, 47, 48, 49, 50, 51, 52, 53, 54, 55, 56, 57, 58, 59, 60, 61, 62, 63, 64, 65, 66, 67, 68, 69, 70, 71, 72, 73, 74, 75, 76, 77, 78, 79, 80, 81, 82, 83, 84, 85, 86, 87, 88, 89, 90, 91, 92, 93, 94, 95, 96, 97, 98, 99]
--------------Round 1--------------
48075
55990
40990
56610
49645
56305
52035
66080
57465
47115
53145
48130
45950
49200
50970
50355
62005
63095
60800
37145
41585
54115
37400
48390
54835
57275
54420
38120
49300
41575
40110
51300
52420
50925
44950
47215
48175
54130
46805
43410
56880
41720
58230
51075
44885
46430
58155
38825
51090
50460
49370
42415
41595
37300
40055
40980
47400
54785
42965
44010
43410
50735
42175
68510
49285
56555
51535
39720
53800
48860
47895
46330
51355
52745
48945
55790
68485
66810
44415
45910
59150
52470
60720
48265
54520
59030
50000
47110
37500
58340
45215
56555
49965
45265
38975
54265
43355
49960
39370
41365
Time Cost:                    173.1243s
Hit Ratio and NDCG for top 20 recommendation!
HR@20:0.6187492410443229 and  NDCG@20:0.2861619425547529
Selected clients in this round:
[0, 1, 2, 3, 4, 5, 6, 7, 8, 9, 10, 11, 12, 13, 14, 15, 16, 17, 18, 19, 20, 21, 22, 23, 24, 25, 26, 27, 28, 29, 30, 31, 32, 33, 34, 35, 36, 37, 38, 39, 40, 41, 42, 43, 44, 45, 46, 47, 48, 49, 50, 51, 52, 53, 54, 55, 56, 57, 58, 59, 60, 61, 62, 63, 64, 65, 66, 67, 68, 69, 70, 71, 72, 73, 74, 75, 76, 77, 78, 79, 80, 81, 82, 83, 84, 85, 86, 87, 88, 89, 90, 91, 92, 93, 94, 95, 96, 97, 98, 99]
--------------Round 2--------------
48075
55990
40990
56610
49645
56305
52035
66080
57465
47115
53145
48130
45950
49200
50970
50355
62005
63095
60800
37145
41585
54115
37400
48390
54835
57275
54420
38120
49300
41575
40110
51300
52420
50925
44950
47215
48175
54130
46805
43410
56880
41720
58230
51075
44885
46430
58155
38825
51090
50460
49370
42415
41595
37300
40055
40980
47400
54785
42965
44010
43410
50735
42175
68510
49285
56555
51535
39720
53800
48860
47895
46330
51355
52745
48945
55790
68485
66810
44415
45910
59150
52470
60720
48265
54520
59030
50000
47110
37500
58340
45215
56555
49965
45265
38975
54265
43355
49960
39370
41365
Time Cost:                    172.6122s
Hit Ratio and NDCG for top 20 recommendation!
HR@20:0.6388797814207646 and  NDCG@20:0.29470702672974003
Selected clients in this round:
[0, 1, 2, 3, 4, 5, 6, 7, 8, 9, 10, 11, 12, 13, 14, 15, 16, 17, 18, 19, 20, 21, 22, 23, 24, 25, 26, 27, 28, 29, 30, 31, 32, 33, 34, 35, 36, 37, 38, 39, 40, 41, 42, 43, 44, 45, 46, 47, 48, 49, 50, 51, 52, 53, 54, 55, 56, 57, 58, 59, 60, 61, 62, 63, 64, 65, 66, 67, 68, 69, 70, 71, 72, 73, 74, 75, 76, 77, 78, 79, 80, 81, 82, 83, 84, 85, 86, 87, 88, 89, 90, 91, 92, 93, 94, 95, 96, 97, 98, 99]
--------------Round 3--------------
48075
55990
40990
56610
49645
56305
52035
66080
57465
47115
53145
48130
45950
49200
50970
50355
62005
63095
60800
37145
41585
54115
37400
48390
54835
57275
54420
38120
49300
41575
40110
51300
52420
50925
44950
47215
48175
54130
46805
43410
56880
41720
58230
51075
44885
46430
58155
38825
51090
50460
49370
42415
41595
37300
40055
40980
47400
54785
42965
44010
43410
50735
42175
68510
49285
56555
51535
39720
53800
48860
47895
46330
51355
52745
48945
55790
68485
66810
44415
45910
59150
52470
60720
48265
54520
59030
50000
47110
37500
58340
45215
56555
49965
45265
38975
54265
43355
49960
39370
41365
Time Cost:                    173.7244s
Hit Ratio and NDCG for top 20 recommendation!
HR@20:0.6617030965391619 and  NDCG@20:0.31142315928608394
Selected clients in this round:
[0, 1, 2, 3, 4, 5, 6, 7, 8, 9, 10, 11, 12, 13, 14, 15, 16, 17, 18, 19, 20, 21, 22, 23, 24, 25, 26, 27, 28, 29, 30, 31, 32, 33, 34, 35, 36, 37, 38, 39, 40, 41, 42, 43, 44, 45, 46, 47, 48, 49, 50, 51, 52, 53, 54, 55, 56, 57, 58, 59, 60, 61, 62, 63, 64, 65, 66, 67, 68, 69, 70, 71, 72, 73, 74, 75, 76, 77, 78, 79, 80, 81, 82, 83, 84, 85, 86, 87, 88, 89, 90, 91, 92, 93, 94, 95, 96, 97, 98, 99]
--------------Round 4--------------
48075
55990
40990
56610
49645
56305
52035
66080
57465
47115
53145
48130
45950
49200
50970
50355
62005
63095
60800
37145
41585
54115
37400
48390
54835
57275
54420
38120
49300
41575
40110
51300
52420
50925
44950
47215
48175
54130
46805
43410
56880
41720
58230
51075
44885
46430
58155
38825
51090
50460
49370
42415
41595
37300
40055
40980
47400
54785
42965
44010
43410
50735
42175
68510
49285
56555
51535
39720
53800
48860
47895
46330
51355
52745
48945
55790
68485
66810
44415
45910
59150
52470
60720
48265
54520
59030
50000
47110
37500
58340
45215
56555
49965
45265
38975
54265
43355
49960
39370
41365
Time Cost:                    173.1292s
Hit Ratio and NDCG for top 20 recommendation!
HR@20:0.6843472981177897 and  NDCG@20:0.31672560077402506
Selected clients in this round:
[0, 1, 2, 3, 4, 5, 6, 7, 8, 9, 10, 11, 12, 13, 14, 15, 16, 17, 18, 19, 20, 21, 22, 23, 24, 25, 26, 27, 28, 29, 30, 31, 32, 33, 34, 35, 36, 37, 38, 39, 40, 41, 42, 43, 44, 45, 46, 47, 48, 49, 50, 51, 52, 53, 54, 55, 56, 57, 58, 59, 60, 61, 62, 63, 64, 65, 66, 67, 68, 69, 70, 71, 72, 73, 74, 75, 76, 77, 78, 79, 80, 81, 82, 83, 84, 85, 86, 87, 88, 89, 90, 91, 92, 93, 94, 95, 96, 97, 98, 99]
--------------Round 5--------------
48075
55990
40990
56610
49645
56305
52035
66080
57465
47115
53145
48130
45950
49200
50970
50355
62005
63095
60800
37145
41585
54115
37400
48390
54835
57275
54420
38120
49300
41575
40110
51300
52420
50925
44950
47215
48175
54130
46805
43410
56880
41720
58230
51075
44885
46430
58155
38825
51090
50460
49370
42415
41595
37300
40055
40980
47400
54785
42965
44010
43410
50735
42175
68510
49285
56555
51535
39720
53800
48860
47895
46330
51355
52745
48945
55790
68485
66810
44415
45910
59150
52470
60720
48265
54520
59030
50000
47110
37500
58340
45215
56555
49965
45265
38975
54265
43355
49960
39370
41365
Time Cost:                    173.7158s
Hit Ratio and NDCG for top 20 recommendation!
HR@20:0.6845810564663022 and  NDCG@20:0.325449289824875
Selected clients in this round:
[0, 1, 2, 3, 4, 5, 6, 7, 8, 9, 10, 11, 12, 13, 14, 15, 16, 17, 18, 19, 20, 21, 22, 23, 24, 25, 26, 27, 28, 29, 30, 31, 32, 33, 34, 35, 36, 37, 38, 39, 40, 41, 42, 43, 44, 45, 46, 47, 48, 49, 50, 51, 52, 53, 54, 55, 56, 57, 58, 59, 60, 61, 62, 63, 64, 65, 66, 67, 68, 69, 70, 71, 72, 73, 74, 75, 76, 77, 78, 79, 80, 81, 82, 83, 84, 85, 86, 87, 88, 89, 90, 91, 92, 93, 94, 95, 96, 97, 98, 99]
--------------Round 6--------------
48075
55990
40990
56610
49645
56305
52035
66080
57465
47115
53145
48130
45950
49200
50970
50355
62005
63095
60800
37145
41585
54115
37400
48390
54835
57275
54420
38120
49300
41575
40110
51300
52420
50925
44950
47215
48175
54130
46805
43410
56880
41720
58230
51075
44885
46430
58155
38825
51090
50460
49370
42415
41595
37300
40055
40980
47400
54785
42965
44010
43410
50735
42175
68510
49285
56555
51535
39720
53800
48860
47895
46330
51355
52745
48945
55790
68485
66810
44415
45910
59150
52470
60720
48265
54520
59030
50000
47110
37500
58340
45215
56555
49965
45265
38975
54265
43355
49960
39370
41365
Time Cost:                    173.6970s
Hit Ratio and NDCG for top 20 recommendation!
HR@20:0.6985428051001822 and  NDCG@20:0.32669140304746286
Selected clients in this round:
[0, 1, 2, 3, 4, 5, 6, 7, 8, 9, 10, 11, 12, 13, 14, 15, 16, 17, 18, 19, 20, 21, 22, 23, 24, 25, 26, 27, 28, 29, 30, 31, 32, 33, 34, 35, 36, 37, 38, 39, 40, 41, 42, 43, 44, 45, 46, 47, 48, 49, 50, 51, 52, 53, 54, 55, 56, 57, 58, 59, 60, 61, 62, 63, 64, 65, 66, 67, 68, 69, 70, 71, 72, 73, 74, 75, 76, 77, 78, 79, 80, 81, 82, 83, 84, 85, 86, 87, 88, 89, 90, 91, 92, 93, 94, 95, 96, 97, 98, 99]
--------------Round 7--------------
48075
55990
40990
56610
49645
56305
52035
66080
57465
47115
53145
48130
45950
49200
50970
50355
62005
63095
60800
37145
41585
54115
37400
48390
54835
57275
54420
38120
49300
41575
40110
51300
52420
50925
44950
47215
48175
54130
46805
43410
56880
41720
58230
51075
44885
46430
58155
38825
51090
50460
49370
42415
41595
37300
40055
40980
47400
54785
42965
44010
43410
50735
42175
68510
49285
56555
51535
39720
53800
48860
47895
46330
51355
52745
48945
55790
68485
66810
44415
45910
59150
52470
60720
48265
54520
59030
50000
47110
37500
58340
45215
56555
49965
45265
38975
54265
43355
49960
39370
41365
Time Cost:                    174.8864s
Hit Ratio and NDCG for top 20 recommendation!
HR@20:0.6993017607771704 and  NDCG@20:0.3278486769527118
Selected clients in this round:
[0, 1, 2, 3, 4, 5, 6, 7, 8, 9, 10, 11, 12, 13, 14, 15, 16, 17, 18, 19, 20, 21, 22, 23, 24, 25, 26, 27, 28, 29, 30, 31, 32, 33, 34, 35, 36, 37, 38, 39, 40, 41, 42, 43, 44, 45, 46, 47, 48, 49, 50, 51, 52, 53, 54, 55, 56, 57, 58, 59, 60, 61, 62, 63, 64, 65, 66, 67, 68, 69, 70, 71, 72, 73, 74, 75, 76, 77, 78, 79, 80, 81, 82, 83, 84, 85, 86, 87, 88, 89, 90, 91, 92, 93, 94, 95, 96, 97, 98, 99]
--------------Round 8--------------
48075
55990
40990
56610
49645
56305
52035
66080
57465
47115
53145
48130
45950
49200
50970
50355
62005
63095
60800
37145
41585
54115
37400
48390
54835
57275
54420
38120
49300
41575
40110
51300
52420
50925
44950
47215
48175
54130
46805
43410
56880
41720
58230
51075
44885
46430
58155
38825
51090
50460
49370
42415
41595
37300
40055
40980
47400
54785
42965
44010
43410
50735
42175
68510
49285
56555
51535
39720
53800
48860
47895
46330
51355
52745
48945
55790
68485
66810
44415
45910
59150
52470
60720
48265
54520
59030
50000
47110
37500
58340
45215
56555
49965
45265
38975
54265
43355
49960
39370
41365
Time Cost:                    173.7911s
Hit Ratio and NDCG for top 20 recommendation!
HR@20:0.7057043108682453 and  NDCG@20:0.33437288210479255
Selected clients in this round:
[0, 1, 2, 3, 4, 5, 6, 7, 8, 9, 10, 11, 12, 13, 14, 15, 16, 17, 18, 19, 20, 21, 22, 23, 24, 25, 26, 27, 28, 29, 30, 31, 32, 33, 34, 35, 36, 37, 38, 39, 40, 41, 42, 43, 44, 45, 46, 47, 48, 49, 50, 51, 52, 53, 54, 55, 56, 57, 58, 59, 60, 61, 62, 63, 64, 65, 66, 67, 68, 69, 70, 71, 72, 73, 74, 75, 76, 77, 78, 79, 80, 81, 82, 83, 84, 85, 86, 87, 88, 89, 90, 91, 92, 93, 94, 95, 96, 97, 98, 99]
--------------Round 9--------------
48075
55990
40990
56610
49645
56305
52035
66080
57465
47115
53145
48130
45950
49200
50970
50355
62005
63095
60800
37145
41585
54115
37400
48390
54835
57275
54420
38120
49300
41575
40110
51300
52420
50925
44950
47215
48175
54130
46805
43410
56880
41720
58230
51075
44885
46430
58155
38825
51090
50460
49370
42415
41595
37300
40055
40980
47400
54785
42965
44010
43410
50735
42175
68510
49285
56555
51535
39720
53800
48860
47895
46330
51355
52745
48945
55790
68485
66810
44415
45910
59150
52470
60720
48265
54520
59030
50000
47110
37500
58340
45215
56555
49965
45265
38975
54265
43355
49960
39370
41365
Time Cost:                    174.4241s
Hit Ratio and NDCG for top 20 recommendation!
HR@20:0.7119793564055857 and  NDCG@20:0.3305337069018419
Selected clients in this round:
[0, 1, 2, 3, 4, 5, 6, 7, 8, 9, 10, 11, 12, 13, 14, 15, 16, 17, 18, 19, 20, 21, 22, 23, 24, 25, 26, 27, 28, 29, 30, 31, 32, 33, 34, 35, 36, 37, 38, 39, 40, 41, 42, 43, 44, 45, 46, 47, 48, 49, 50, 51, 52, 53, 54, 55, 56, 57, 58, 59, 60, 61, 62, 63, 64, 65, 66, 67, 68, 69, 70, 71, 72, 73, 74, 75, 76, 77, 78, 79, 80, 81, 82, 83, 84, 85, 86, 87, 88, 89, 90, 91, 92, 93, 94, 95, 96, 97, 98, 99]
--------------Round 10--------------
48075
55990
40990
56610
49645
56305
52035
66080
57465
47115
53145
48130
45950
49200
50970
50355
62005
63095
60800
37145
41585
54115
37400
48390
54835
57275
54420
38120
49300
41575
40110
51300
52420
50925
44950
47215
48175
54130
46805
43410
56880
41720
58230
51075
44885
46430
58155
38825
51090
50460
49370
42415
41595
37300
40055
40980
47400
54785
42965
44010
43410
50735
42175
68510
49285
56555
51535
39720
53800
48860
47895
46330
51355
52745
48945
55790
68485
66810
44415
45910
59150
52470
60720
48265
54520
59030
50000
47110
37500
58340
45215
56555
49965
45265
38975
54265
43355
49960
39370
41365
Time Cost:                    174.8667s
Hit Ratio and NDCG for top 20 recommendation!
HR@20:0.7013236187006681 and  NDCG@20:0.3270889905831857
Selected clients in this round:
[0, 1, 2, 3, 4, 5, 6, 7, 8, 9, 10, 11, 12, 13, 14, 15, 16, 17, 18, 19, 20, 21, 22, 23, 24, 25, 26, 27, 28, 29, 30, 31, 32, 33, 34, 35, 36, 37, 38, 39, 40, 41, 42, 43, 44, 45, 46, 47, 48, 49, 50, 51, 52, 53, 54, 55, 56, 57, 58, 59, 60, 61, 62, 63, 64, 65, 66, 67, 68, 69, 70, 71, 72, 73, 74, 75, 76, 77, 78, 79, 80, 81, 82, 83, 84, 85, 86, 87, 88, 89, 90, 91, 92, 93, 94, 95, 96, 97, 98, 99]
--------------Round 11--------------
48075
55990
40990
56610
49645
56305
52035
66080
57465
47115
53145
48130
45950
49200
50970
50355
62005
63095
60800
37145
41585
54115
37400
48390
54835
57275
54420
38120
49300
41575
40110
51300
52420
50925
44950
47215
48175
54130
46805
43410
56880
41720
58230
51075
44885
46430
58155
38825
51090
50460
49370
42415
41595
37300
40055
40980
47400
54785
42965
44010
43410
50735
42175
68510
49285
56555
51535
39720
53800
48860
47895
46330
51355
52745
48945
55790
68485
66810
44415
45910
59150
52470
60720
48265
54520
59030
50000
47110
37500
58340
45215
56555
49965
45265
38975
54265
43355
49960
39370
41365
Time Cost:                    175.2219s
Hit Ratio and NDCG for top 20 recommendation!
HR@20:0.7092410443230115 and  NDCG@20:0.33236062192123383
Selected clients in this round:
[0, 1, 2, 3, 4, 5, 6, 7, 8, 9, 10, 11, 12, 13, 14, 15, 16, 17, 18, 19, 20, 21, 22, 23, 24, 25, 26, 27, 28, 29, 30, 31, 32, 33, 34, 35, 36, 37, 38, 39, 40, 41, 42, 43, 44, 45, 46, 47, 48, 49, 50, 51, 52, 53, 54, 55, 56, 57, 58, 59, 60, 61, 62, 63, 64, 65, 66, 67, 68, 69, 70, 71, 72, 73, 74, 75, 76, 77, 78, 79, 80, 81, 82, 83, 84, 85, 86, 87, 88, 89, 90, 91, 92, 93, 94, 95, 96, 97, 98, 99]
--------------Round 12--------------
48075
55990
40990
56610
49645
56305
52035
66080
57465
47115
53145
48130
45950
49200
50970
50355
62005
63095
60800
37145
41585
54115
37400
48390
54835
57275
54420
38120
49300
41575
40110
51300
52420
50925
44950
47215
48175
54130
46805
43410
56880
41720
58230
51075
44885
46430
58155
38825
51090
50460
49370
42415
41595
37300
40055
40980
47400
54785
42965
44010
43410
50735
42175
68510
49285
56555
51535
39720
53800
48860
47895
46330
51355
52745
48945
55790
68485
66810
44415
45910
59150
52470
60720
48265
54520
59030
50000
47110
37500
58340
45215
56555
49965
45265
38975
54265
43355
49960
39370
41365
Time Cost:                    175.1338s
Hit Ratio and NDCG for top 20 recommendation!
HR@20:0.7147662416514873 and  NDCG@20:0.3329960199433881
Selected clients in this round:
[0, 1, 2, 3, 4, 5, 6, 7, 8, 9, 10, 11, 12, 13, 14, 15, 16, 17, 18, 19, 20, 21, 22, 23, 24, 25, 26, 27, 28, 29, 30, 31, 32, 33, 34, 35, 36, 37, 38, 39, 40, 41, 42, 43, 44, 45, 46, 47, 48, 49, 50, 51, 52, 53, 54, 55, 56, 57, 58, 59, 60, 61, 62, 63, 64, 65, 66, 67, 68, 69, 70, 71, 72, 73, 74, 75, 76, 77, 78, 79, 80, 81, 82, 83, 84, 85, 86, 87, 88, 89, 90, 91, 92, 93, 94, 95, 96, 97, 98, 99]
--------------Round 13--------------
48075
55990
40990
56610
49645
56305
52035
66080
57465
47115
53145
48130
45950
49200
50970
50355
62005
63095
60800
37145
41585
54115
37400
48390
54835
57275
54420
38120
49300
41575
40110
51300
52420
50925
44950
47215
48175
54130
46805
43410
56880
41720
58230
51075
44885
46430
58155
38825
51090
50460
49370
42415
41595
37300
40055
40980
47400
54785
42965
44010
43410
50735
42175
68510
49285
56555
51535
39720
53800
48860
47895
46330
51355
52745
48945
55790
68485
66810
44415
45910
59150
52470
60720
48265
54520
59030
50000
47110
37500
58340
45215
56555
49965
45265
38975
54265
43355
49960
39370
41365
Time Cost:                    175.7100s
Hit Ratio and NDCG for top 20 recommendation!
HR@20:0.7173922282938676 and  NDCG@20:0.33545697109936107
Selected clients in this round:
[0, 1, 2, 3, 4, 5, 6, 7, 8, 9, 10, 11, 12, 13, 14, 15, 16, 17, 18, 19, 20, 21, 22, 23, 24, 25, 26, 27, 28, 29, 30, 31, 32, 33, 34, 35, 36, 37, 38, 39, 40, 41, 42, 43, 44, 45, 46, 47, 48, 49, 50, 51, 52, 53, 54, 55, 56, 57, 58, 59, 60, 61, 62, 63, 64, 65, 66, 67, 68, 69, 70, 71, 72, 73, 74, 75, 76, 77, 78, 79, 80, 81, 82, 83, 84, 85, 86, 87, 88, 89, 90, 91, 92, 93, 94, 95, 96, 97, 98, 99]
--------------Round 14--------------
48075
55990
40990
56610
49645
56305
52035
66080
57465
47115
53145
48130
45950
49200
50970
50355
62005
63095
60800
37145
41585
54115
37400
48390
54835
57275
54420
38120
49300
41575
40110
51300
52420
50925
44950
47215
48175
54130
46805
43410
56880
41720
58230
51075
44885
46430
58155
38825
51090
50460
49370
42415
41595
37300
40055
40980
47400
54785
42965
44010
43410
50735
42175
68510
49285
56555
51535
39720
53800
48860
47895
46330
51355
52745
48945
55790
68485
66810
44415
45910
59150
52470
60720
48265
54520
59030
50000
47110
37500
58340
45215
56555
49965
45265
38975
54265
43355
49960
39370
41365
Time Cost:                    176.0069s
Hit Ratio and NDCG for top 20 recommendation!
HR@20:0.714921068609593 and  NDCG@20:0.337984864139567
Selected clients in this round:
[0, 1, 2, 3, 4, 5, 6, 7, 8, 9, 10, 11, 12, 13, 14, 15, 16, 17, 18, 19, 20, 21, 22, 23, 24, 25, 26, 27, 28, 29, 30, 31, 32, 33, 34, 35, 36, 37, 38, 39, 40, 41, 42, 43, 44, 45, 46, 47, 48, 49, 50, 51, 52, 53, 54, 55, 56, 57, 58, 59, 60, 61, 62, 63, 64, 65, 66, 67, 68, 69, 70, 71, 72, 73, 74, 75, 76, 77, 78, 79, 80, 81, 82, 83, 84, 85, 86, 87, 88, 89, 90, 91, 92, 93, 94, 95, 96, 97, 98, 99]
--------------Round 15--------------
48075
55990
40990
56610
49645
56305
52035
66080
57465
47115
53145
48130
45950
49200
50970
50355
62005
63095
60800
37145
41585
54115
37400
48390
54835
57275
54420
38120
49300
41575
40110
51300
52420
50925
44950
47215
48175
54130
46805
43410
56880
41720
58230
51075
44885
46430
58155
38825
51090
50460
49370
42415
41595
37300
40055
40980
47400
54785
42965
44010
43410
50735
42175
68510
49285
56555
51535
39720
53800
48860
47895
46330
51355
52745
48945
55790
68485
66810
44415
45910
59150
52470
60720
48265
54520
59030
50000
47110
37500
58340
45215
56555
49965
45265
38975
54265
43355
49960
39370
41365
Time Cost:                    176.0825s
Hit Ratio and NDCG for top 20 recommendation!
HR@20:0.7071979356405584 and  NDCG@20:0.3346922954956204
Selected clients in this round:
[0, 1, 2, 3, 4, 5, 6, 7, 8, 9, 10, 11, 12, 13, 14, 15, 16, 17, 18, 19, 20, 21, 22, 23, 24, 25, 26, 27, 28, 29, 30, 31, 32, 33, 34, 35, 36, 37, 38, 39, 40, 41, 42, 43, 44, 45, 46, 47, 48, 49, 50, 51, 52, 53, 54, 55, 56, 57, 58, 59, 60, 61, 62, 63, 64, 65, 66, 67, 68, 69, 70, 71, 72, 73, 74, 75, 76, 77, 78, 79, 80, 81, 82, 83, 84, 85, 86, 87, 88, 89, 90, 91, 92, 93, 94, 95, 96, 97, 98, 99]
--------------Round 16--------------
48075
55990
40990
56610
49645
56305
52035
66080
57465
47115
53145
48130
45950
49200
50970
50355
62005
63095
60800
37145
41585
54115
37400
48390
54835
57275
54420
38120
49300
41575
40110
51300
52420
50925
44950
47215
48175
54130
46805
43410
56880
41720
58230
51075
44885
46430
58155
38825
51090
50460
49370
42415
41595
37300
40055
40980
47400
54785
42965
44010
43410
50735
42175
68510
49285
56555
51535
39720
53800
48860
47895
46330
51355
52745
48945
55790
68485
66810
44415
45910
59150
52470
60720
48265
54520
59030
50000
47110
37500
58340
45215
56555
49965
45265
38975
54265
43355
49960
39370
41365
Time Cost:                    176.3489s
Hit Ratio and NDCG for top 20 recommendation!
HR@20:0.7105343047965995 and  NDCG@20:0.33345027784706704
Selected clients in this round:
[0, 1, 2, 3, 4, 5, 6, 7, 8, 9, 10, 11, 12, 13, 14, 15, 16, 17, 18, 19, 20, 21, 22, 23, 24, 25, 26, 27, 28, 29, 30, 31, 32, 33, 34, 35, 36, 37, 38, 39, 40, 41, 42, 43, 44, 45, 46, 47, 48, 49, 50, 51, 52, 53, 54, 55, 56, 57, 58, 59, 60, 61, 62, 63, 64, 65, 66, 67, 68, 69, 70, 71, 72, 73, 74, 75, 76, 77, 78, 79, 80, 81, 82, 83, 84, 85, 86, 87, 88, 89, 90, 91, 92, 93, 94, 95, 96, 97, 98, 99]
--------------Round 17--------------
48075
55990
40990
56610
49645
56305
52035
66080
57465
47115
53145
48130
45950
49200
50970
50355
62005
63095
60800
37145
41585
54115
37400
48390
54835
57275
54420
38120
49300
41575
40110
51300
52420
50925
44950
47215
48175
54130
46805
43410
56880
41720
58230
51075
44885
46430
58155
38825
51090
50460
49370
42415
41595
37300
40055
40980
47400
54785
42965
44010
43410
50735
42175
68510
49285
56555
51535
39720
53800
48860
47895
46330
51355
52745
48945
55790
68485
66810
44415
45910
59150
52470
60720
48265
54520
59030
50000
47110
37500
58340
45215
56555
49965
45265
38975
54265
43355
49960
39370
41365
Time Cost:                    175.6452s
Hit Ratio and NDCG for top 20 recommendation!
HR@20:0.7132877959927139 and  NDCG@20:0.3402711949035663
Selected clients in this round:
[0, 1, 2, 3, 4, 5, 6, 7, 8, 9, 10, 11, 12, 13, 14, 15, 16, 17, 18, 19, 20, 21, 22, 23, 24, 25, 26, 27, 28, 29, 30, 31, 32, 33, 34, 35, 36, 37, 38, 39, 40, 41, 42, 43, 44, 45, 46, 47, 48, 49, 50, 51, 52, 53, 54, 55, 56, 57, 58, 59, 60, 61, 62, 63, 64, 65, 66, 67, 68, 69, 70, 71, 72, 73, 74, 75, 76, 77, 78, 79, 80, 81, 82, 83, 84, 85, 86, 87, 88, 89, 90, 91, 92, 93, 94, 95, 96, 97, 98, 99]
--------------Round 18--------------
48075
55990
40990
56610
49645
56305
52035
66080
57465
47115
53145
48130
45950
49200
50970
50355
62005
63095
60800
37145
41585
54115
37400
48390
54835
57275
54420
38120
49300
41575
40110
51300
52420
50925
44950
47215
48175
54130
46805
43410
56880
41720
58230
51075
44885
46430
58155
38825
51090
50460
49370
42415
41595
37300
40055
40980
47400
54785
42965
44010
43410
50735
42175
68510
49285
56555
51535
39720
53800
48860
47895
46330
51355
52745
48945
55790
68485
66810
44415
45910
59150
52470
60720
48265
54520
59030
50000
47110
37500
58340
45215
56555
49965
45265
38975
54265
43355
49960
39370
41365
Time Cost:                    176.4464s
Hit Ratio and NDCG for top 20 recommendation!
HR@20:0.7118791742562233 and  NDCG@20:0.33884918916133505
Selected clients in this round:
[0, 1, 2, 3, 4, 5, 6, 7, 8, 9, 10, 11, 12, 13, 14, 15, 16, 17, 18, 19, 20, 21, 22, 23, 24, 25, 26, 27, 28, 29, 30, 31, 32, 33, 34, 35, 36, 37, 38, 39, 40, 41, 42, 43, 44, 45, 46, 47, 48, 49, 50, 51, 52, 53, 54, 55, 56, 57, 58, 59, 60, 61, 62, 63, 64, 65, 66, 67, 68, 69, 70, 71, 72, 73, 74, 75, 76, 77, 78, 79, 80, 81, 82, 83, 84, 85, 86, 87, 88, 89, 90, 91, 92, 93, 94, 95, 96, 97, 98, 99]
--------------Round 19--------------
48075
55990
40990
56610
49645
56305
52035
66080
57465
47115
53145
48130
45950
49200
50970
50355
62005
63095
60800
37145
41585
54115
37400
48390
54835
57275
54420
38120
49300
41575
40110
51300
52420
50925
44950
47215
48175
54130
46805
43410
56880
41720
58230
51075
44885
46430
58155
38825
51090
50460
49370
42415
41595
37300
40055
40980
47400
54785
42965
44010
43410
50735
42175
68510
49285
56555
51535
39720
53800
48860
47895
46330
51355
52745
48945
55790
68485
66810
44415
45910
59150
52470
60720
48265
54520
59030
50000
47110
37500
58340
45215
56555
49965
45265
38975
54265
43355
49960
39370
41365
Time Cost:                    175.8188s
Hit Ratio and NDCG for top 20 recommendation!
HR@20:0.7055494839101397 and  NDCG@20:0.33543678707563196
Selected clients in this round:
[0, 1, 2, 3, 4, 5, 6, 7, 8, 9, 10, 11, 12, 13, 14, 15, 16, 17, 18, 19, 20, 21, 22, 23, 24, 25, 26, 27, 28, 29, 30, 31, 32, 33, 34, 35, 36, 37, 38, 39, 40, 41, 42, 43, 44, 45, 46, 47, 48, 49, 50, 51, 52, 53, 54, 55, 56, 57, 58, 59, 60, 61, 62, 63, 64, 65, 66, 67, 68, 69, 70, 71, 72, 73, 74, 75, 76, 77, 78, 79, 80, 81, 82, 83, 84, 85, 86, 87, 88, 89, 90, 91, 92, 93, 94, 95, 96, 97, 98, 99]
--------------Round 20--------------
48075
55990
40990
56610
49645
56305
52035
66080
57465
47115
53145
48130
45950
49200
50970
50355
62005
63095
60800
37145
41585
54115
37400
48390
54835
57275
54420
38120
49300
41575
40110
51300
52420
50925
44950
47215
48175
54130
46805
43410
56880
41720
58230
51075
44885
46430
58155
38825
51090
50460
49370
42415
41595
37300
40055
40980
47400
54785
42965
44010
43410
50735
42175
68510
49285
56555
51535
39720
53800
48860
47895
46330
51355
52745
48945
55790
68485
66810
44415
45910
59150
52470
60720
48265
54520
59030
50000
47110
37500
58340
45215
56555
49965
45265
38975
54265
43355
49960
39370
41365
Time Cost:                    175.4253s
Hit Ratio and NDCG for top 20 recommendation!
HR@20:0.7155221615057682 and  NDCG@20:0.33881044787300507
Selected clients in this round:
[0, 1, 2, 3, 4, 5, 6, 7, 8, 9, 10, 11, 12, 13, 14, 15, 16, 17, 18, 19, 20, 21, 22, 23, 24, 25, 26, 27, 28, 29, 30, 31, 32, 33, 34, 35, 36, 37, 38, 39, 40, 41, 42, 43, 44, 45, 46, 47, 48, 49, 50, 51, 52, 53, 54, 55, 56, 57, 58, 59, 60, 61, 62, 63, 64, 65, 66, 67, 68, 69, 70, 71, 72, 73, 74, 75, 76, 77, 78, 79, 80, 81, 82, 83, 84, 85, 86, 87, 88, 89, 90, 91, 92, 93, 94, 95, 96, 97, 98, 99]
--------------Round 21--------------
48075
55990
40990
56610
49645
56305
52035
66080
57465
47115
53145
48130
45950
49200
50970
50355
62005
63095
60800
37145
41585
54115
37400
48390
54835
57275
54420
38120
49300
41575
40110
51300
52420
50925
44950
47215
48175
54130
46805
43410
56880
41720
58230
51075
44885
46430
58155
38825
51090
50460
49370
42415
41595
37300
40055
40980
47400
54785
42965
44010
43410
50735
42175
68510
49285
56555
51535
39720
53800
48860
47895
46330
51355
52745
48945
55790
68485
66810
44415
45910
59150
52470
60720
48265
54520
59030
50000
47110
37500
58340
45215
56555
49965
45265
38975
54265
43355
49960
39370
41365
Time Cost:                    173.6662s
Hit Ratio and NDCG for top 20 recommendation!
HR@20:0.702944748026715 and  NDCG@20:0.3345942000990029
Selected clients in this round:
[0, 1, 2, 3, 4, 5, 6, 7, 8, 9, 10, 11, 12, 13, 14, 15, 16, 17, 18, 19, 20, 21, 22, 23, 24, 25, 26, 27, 28, 29, 30, 31, 32, 33, 34, 35, 36, 37, 38, 39, 40, 41, 42, 43, 44, 45, 46, 47, 48, 49, 50, 51, 52, 53, 54, 55, 56, 57, 58, 59, 60, 61, 62, 63, 64, 65, 66, 67, 68, 69, 70, 71, 72, 73, 74, 75, 76, 77, 78, 79, 80, 81, 82, 83, 84, 85, 86, 87, 88, 89, 90, 91, 92, 93, 94, 95, 96, 97, 98, 99]
--------------Round 22--------------
48075
55990
40990
56610
49645
56305
52035
66080
57465
47115
53145
48130
45950
49200
50970
50355
62005
63095
60800
37145
41585
54115
37400
48390
54835
57275
54420
38120
49300
41575
40110
51300
52420
50925
44950
47215
48175
54130
46805
43410
56880
41720
58230
51075
44885
46430
58155
38825
51090
50460
49370
42415
41595
37300
40055
40980
47400
54785
42965
44010
43410
50735
42175
68510
49285
56555
51535
39720
53800
48860
47895
46330
51355
52745
48945
55790
68485
66810
44415
45910
59150
52470
60720
48265
54520
59030
50000
47110
37500
58340
45215
56555
49965
45265
38975
54265
43355
49960
39370
41365
Time Cost:                    174.0663s
Hit Ratio and NDCG for top 20 recommendation!
HR@20:0.703761384335155 and  NDCG@20:0.337466241043939
Selected clients in this round:
[0, 1, 2, 3, 4, 5, 6, 7, 8, 9, 10, 11, 12, 13, 14, 15, 16, 17, 18, 19, 20, 21, 22, 23, 24, 25, 26, 27, 28, 29, 30, 31, 32, 33, 34, 35, 36, 37, 38, 39, 40, 41, 42, 43, 44, 45, 46, 47, 48, 49, 50, 51, 52, 53, 54, 55, 56, 57, 58, 59, 60, 61, 62, 63, 64, 65, 66, 67, 68, 69, 70, 71, 72, 73, 74, 75, 76, 77, 78, 79, 80, 81, 82, 83, 84, 85, 86, 87, 88, 89, 90, 91, 92, 93, 94, 95, 96, 97, 98, 99]
--------------Round 23--------------
48075
55990
40990
56610
49645
56305
52035
66080
57465
47115
53145
48130
45950
49200
50970
50355
62005
63095
60800
37145
41585
54115
37400
48390
54835
57275
54420
38120
49300
41575
40110
51300
52420
50925
44950
47215
48175
54130
46805
43410
56880
41720
58230
51075
44885
46430
58155
38825
51090
50460
49370
42415
41595
37300
40055
40980
47400
54785
42965
44010
43410
50735
42175
68510
49285
56555
51535
39720
53800
48860
47895
46330
51355
52745
48945
55790
68485
66810
44415
45910
59150
52470
60720
48265
54520
59030
50000
47110
37500
58340
45215
56555
49965
45265
38975
54265
43355
49960
39370
41365
Time Cost:                    173.6568s
Hit Ratio and NDCG for top 20 recommendation!
HR@20:0.7090012143290831 and  NDCG@20:0.3354028034276373
Selected clients in this round:
[0, 1, 2, 3, 4, 5, 6, 7, 8, 9, 10, 11, 12, 13, 14, 15, 16, 17, 18, 19, 20, 21, 22, 23, 24, 25, 26, 27, 28, 29, 30, 31, 32, 33, 34, 35, 36, 37, 38, 39, 40, 41, 42, 43, 44, 45, 46, 47, 48, 49, 50, 51, 52, 53, 54, 55, 56, 57, 58, 59, 60, 61, 62, 63, 64, 65, 66, 67, 68, 69, 70, 71, 72, 73, 74, 75, 76, 77, 78, 79, 80, 81, 82, 83, 84, 85, 86, 87, 88, 89, 90, 91, 92, 93, 94, 95, 96, 97, 98, 99]
--------------Round 24--------------
48075
55990
40990
56610
49645
56305
52035
66080
57465
47115
53145
48130
45950
49200
50970
50355
62005
63095
60800
37145
41585
54115
37400
48390
54835
57275
54420
38120
49300
41575
40110
51300
52420
50925
44950
47215
48175
54130
46805
43410
56880
41720
58230
51075
44885
46430
58155
38825
51090
50460
49370
42415
41595
37300
40055
40980
47400
54785
42965
44010
43410
50735
42175
68510
49285
56555
51535
39720
53800
48860
47895
46330
51355
52745
48945
55790
68485
66810
44415
45910
59150
52470
60720
48265
54520
59030
50000
47110
37500
58340
45215
56555
49965
45265
38975
54265
43355
49960
39370
41365
Time Cost:                    172.9191s
Hit Ratio and NDCG for top 20 recommendation!
HR@20:0.7058925318761384 and  NDCG@20:0.3375658471697395
Selected clients in this round:
[0, 1, 2, 3, 4, 5, 6, 7, 8, 9, 10, 11, 12, 13, 14, 15, 16, 17, 18, 19, 20, 21, 22, 23, 24, 25, 26, 27, 28, 29, 30, 31, 32, 33, 34, 35, 36, 37, 38, 39, 40, 41, 42, 43, 44, 45, 46, 47, 48, 49, 50, 51, 52, 53, 54, 55, 56, 57, 58, 59, 60, 61, 62, 63, 64, 65, 66, 67, 68, 69, 70, 71, 72, 73, 74, 75, 76, 77, 78, 79, 80, 81, 82, 83, 84, 85, 86, 87, 88, 89, 90, 91, 92, 93, 94, 95, 96, 97, 98, 99]
--------------Round 25--------------
48075
55990
40990
56610
49645
56305
52035
66080
57465
47115
53145
48130
45950
49200
50970
50355
62005
63095
60800
37145
41585
54115
37400
48390
54835
57275
54420
38120
49300
41575
40110
51300
52420
50925
44950
47215
48175
54130
46805
43410
56880
41720
58230
51075
44885
46430
58155
38825
51090
50460
49370
42415
41595
37300
40055
40980
47400
54785
42965
44010
43410
50735
42175
68510
49285
56555
51535
39720
53800
48860
47895
46330
51355
52745
48945
55790
68485
66810
44415
45910
59150
52470
60720
48265
54520
59030
50000
47110
37500
58340
45215
56555
49965
45265
38975
54265
43355
49960
39370
41365
Time Cost:                    174.7226s
Hit Ratio and NDCG for top 20 recommendation!
HR@20:0.7103703703703704 and  NDCG@20:0.3414032581517917
Selected clients in this round:
[0, 1, 2, 3, 4, 5, 6, 7, 8, 9, 10, 11, 12, 13, 14, 15, 16, 17, 18, 19, 20, 21, 22, 23, 24, 25, 26, 27, 28, 29, 30, 31, 32, 33, 34, 35, 36, 37, 38, 39, 40, 41, 42, 43, 44, 45, 46, 47, 48, 49, 50, 51, 52, 53, 54, 55, 56, 57, 58, 59, 60, 61, 62, 63, 64, 65, 66, 67, 68, 69, 70, 71, 72, 73, 74, 75, 76, 77, 78, 79, 80, 81, 82, 83, 84, 85, 86, 87, 88, 89, 90, 91, 92, 93, 94, 95, 96, 97, 98, 99]
--------------Round 26--------------
48075
55990
40990
56610
49645
56305
52035
66080
57465
47115
53145
48130
45950
49200
50970
50355
62005
63095
60800
37145
41585
54115
37400
48390
54835
57275
54420
38120
49300
41575
40110
51300
52420
50925
44950
47215
48175
54130
46805
43410
56880
41720
58230
51075
44885
46430
58155
38825
51090
50460
49370
42415
41595
37300
40055
40980
47400
54785
42965
44010
43410
50735
42175
68510
49285
56555
51535
39720
53800
48860
47895
46330
51355
52745
48945
55790
68485
66810
44415
45910
59150
52470
60720
48265
54520
59030
50000
47110
37500
58340
45215
56555
49965
45265
38975
54265
43355
49960
39370
41365
Time Cost:                    173.7009s
Hit Ratio and NDCG for top 20 recommendation!
HR@20:0.7107164541590772 and  NDCG@20:0.33678701772510844
Selected clients in this round:
[0, 1, 2, 3, 4, 5, 6, 7, 8, 9, 10, 11, 12, 13, 14, 15, 16, 17, 18, 19, 20, 21, 22, 23, 24, 25, 26, 27, 28, 29, 30, 31, 32, 33, 34, 35, 36, 37, 38, 39, 40, 41, 42, 43, 44, 45, 46, 47, 48, 49, 50, 51, 52, 53, 54, 55, 56, 57, 58, 59, 60, 61, 62, 63, 64, 65, 66, 67, 68, 69, 70, 71, 72, 73, 74, 75, 76, 77, 78, 79, 80, 81, 82, 83, 84, 85, 86, 87, 88, 89, 90, 91, 92, 93, 94, 95, 96, 97, 98, 99]
--------------Round 27--------------
48075
55990
40990
56610
49645
56305
52035
66080
57465
47115
53145
48130
45950
49200
50970
50355
62005
63095
60800
37145
41585
54115
37400
48390
54835
57275
54420
38120
49300
41575
40110
51300
52420
50925
44950
47215
48175
54130
46805
43410
56880
41720
58230
51075
44885
46430
58155
38825
51090
50460
49370
42415
41595
37300
40055
40980
47400
54785
42965
44010
43410
50735
42175
68510
49285
56555
51535
39720
53800
48860
47895
46330
51355
52745
48945
55790
68485
66810
44415
45910
59150
52470
60720
48265
54520
59030
50000
47110
37500
58340
45215
56555
49965
45265
38975
54265
43355
49960
39370
41365
Time Cost:                    174.9369s
Hit Ratio and NDCG for top 20 recommendation!
HR@20:0.7121918639951427 and  NDCG@20:0.3381499308937642
Selected clients in this round:
[0, 1, 2, 3, 4, 5, 6, 7, 8, 9, 10, 11, 12, 13, 14, 15, 16, 17, 18, 19, 20, 21, 22, 23, 24, 25, 26, 27, 28, 29, 30, 31, 32, 33, 34, 35, 36, 37, 38, 39, 40, 41, 42, 43, 44, 45, 46, 47, 48, 49, 50, 51, 52, 53, 54, 55, 56, 57, 58, 59, 60, 61, 62, 63, 64, 65, 66, 67, 68, 69, 70, 71, 72, 73, 74, 75, 76, 77, 78, 79, 80, 81, 82, 83, 84, 85, 86, 87, 88, 89, 90, 91, 92, 93, 94, 95, 96, 97, 98, 99]
--------------Round 28--------------
48075
55990
40990
56610
49645
56305
52035
66080
57465
47115
53145
48130
45950
49200
50970
50355
62005
63095
60800
37145
41585
54115
37400
48390
54835
57275
54420
38120
49300
41575
40110
51300
52420
50925
44950
47215
48175
54130
46805
43410
56880
41720
58230
51075
44885
46430
58155
38825
51090
50460
49370
42415
41595
37300
40055
40980
47400
54785
42965
44010
43410
50735
42175
68510
49285
56555
51535
39720
53800
48860
47895
46330
51355
52745
48945
55790
68485
66810
44415
45910
59150
52470
60720
48265
54520
59030
50000
47110
37500
58340
45215
56555
49965
45265
38975
54265
43355
49960
39370
41365
Time Cost:                    174.1508s
Hit Ratio and NDCG for top 20 recommendation!
HR@20:0.7077534911961142 and  NDCG@20:0.3413336323992108
Selected clients in this round:
[0, 1, 2, 3, 4, 5, 6, 7, 8, 9, 10, 11, 12, 13, 14, 15, 16, 17, 18, 19, 20, 21, 22, 23, 24, 25, 26, 27, 28, 29, 30, 31, 32, 33, 34, 35, 36, 37, 38, 39, 40, 41, 42, 43, 44, 45, 46, 47, 48, 49, 50, 51, 52, 53, 54, 55, 56, 57, 58, 59, 60, 61, 62, 63, 64, 65, 66, 67, 68, 69, 70, 71, 72, 73, 74, 75, 76, 77, 78, 79, 80, 81, 82, 83, 84, 85, 86, 87, 88, 89, 90, 91, 92, 93, 94, 95, 96, 97, 98, 99]
--------------Round 29--------------
48075
55990
40990
56610
49645
56305
52035
66080
57465
47115
53145
48130
45950
49200
50970
50355
62005
63095
60800
37145
41585
54115
37400
48390
54835
57275
54420
38120
49300
41575
40110
51300
52420
50925
44950
47215
48175
54130
46805
43410
56880
41720
58230
51075
44885
46430
58155
38825
51090
50460
49370
42415
41595
37300
40055
40980
47400
54785
42965
44010
43410
50735
42175
68510
49285
56555
51535
39720
53800
48860
47895
46330
51355
52745
48945
55790
68485
66810
44415
45910
59150
52470
60720
48265
54520
59030
50000
47110
37500
58340
45215
56555
49965
45265
38975
54265
43355
49960
39370
41365
Time Cost:                    175.5215s
Hit Ratio and NDCG for top 20 recommendation!
HR@20:0.7188069216757742 and  NDCG@20:0.34403651102188826
Selected clients in this round:
[0, 1, 2, 3, 4, 5, 6, 7, 8, 9, 10, 11, 12, 13, 14, 15, 16, 17, 18, 19, 20, 21, 22, 23, 24, 25, 26, 27, 28, 29, 30, 31, 32, 33, 34, 35, 36, 37, 38, 39, 40, 41, 42, 43, 44, 45, 46, 47, 48, 49, 50, 51, 52, 53, 54, 55, 56, 57, 58, 59, 60, 61, 62, 63, 64, 65, 66, 67, 68, 69, 70, 71, 72, 73, 74, 75, 76, 77, 78, 79, 80, 81, 82, 83, 84, 85, 86, 87, 88, 89, 90, 91, 92, 93, 94, 95, 96, 97, 98, 99]
--------------Round 30--------------
48075
55990
40990
56610
49645
56305
52035
66080
57465
47115
53145
48130
45950
49200
50970
50355
62005
63095
60800
37145
41585
54115
37400
48390
54835
57275
54420
38120
49300
41575
40110
51300
52420
50925
44950
47215
48175
54130
46805
43410
56880
41720
58230
51075
44885
46430
58155
38825
51090
50460
49370
42415
41595
37300
40055
40980
47400
54785
42965
44010
43410
50735
42175
68510
49285
56555
51535
39720
53800
48860
47895
46330
51355
52745
48945
55790
68485
66810
44415
45910
59150
52470
60720
48265
54520
59030
50000
47110
37500
58340
45215
56555
49965
45265
38975
54265
43355
49960
39370
41365
Time Cost:                    174.3754s
Hit Ratio and NDCG for top 20 recommendation!
HR@20:0.7119641772920463 and  NDCG@20:0.34077748724816437
Selected clients in this round:
[0, 1, 2, 3, 4, 5, 6, 7, 8, 9, 10, 11, 12, 13, 14, 15, 16, 17, 18, 19, 20, 21, 22, 23, 24, 25, 26, 27, 28, 29, 30, 31, 32, 33, 34, 35, 36, 37, 38, 39, 40, 41, 42, 43, 44, 45, 46, 47, 48, 49, 50, 51, 52, 53, 54, 55, 56, 57, 58, 59, 60, 61, 62, 63, 64, 65, 66, 67, 68, 69, 70, 71, 72, 73, 74, 75, 76, 77, 78, 79, 80, 81, 82, 83, 84, 85, 86, 87, 88, 89, 90, 91, 92, 93, 94, 95, 96, 97, 98, 99]
--------------Round 31--------------
48075
55990
40990
56610
49645
56305
52035
66080
57465
47115
53145
48130
45950
49200
50970
50355
62005
63095
60800
37145
41585
54115
37400
48390
54835
57275
54420
38120
49300
41575
40110
51300
52420
50925
44950
47215
48175
54130
46805
43410
56880
41720
58230
51075
44885
46430
58155
38825
51090
50460
49370
42415
41595
37300
40055
40980
47400
54785
42965
44010
43410
50735
42175
68510
49285
56555
51535
39720
53800
48860
47895
46330
51355
52745
48945
55790
68485
66810
44415
45910
59150
52470
60720
48265
54520
59030
50000
47110
37500
58340
45215
56555
49965
45265
38975
54265
43355
49960
39370
41365
Time Cost:                    174.7530s
Hit Ratio and NDCG for top 20 recommendation!
HR@20:0.7131086824529449 and  NDCG@20:0.34663840873376944
Selected clients in this round:
[0, 1, 2, 3, 4, 5, 6, 7, 8, 9, 10, 11, 12, 13, 14, 15, 16, 17, 18, 19, 20, 21, 22, 23, 24, 25, 26, 27, 28, 29, 30, 31, 32, 33, 34, 35, 36, 37, 38, 39, 40, 41, 42, 43, 44, 45, 46, 47, 48, 49, 50, 51, 52, 53, 54, 55, 56, 57, 58, 59, 60, 61, 62, 63, 64, 65, 66, 67, 68, 69, 70, 71, 72, 73, 74, 75, 76, 77, 78, 79, 80, 81, 82, 83, 84, 85, 86, 87, 88, 89, 90, 91, 92, 93, 94, 95, 96, 97, 98, 99]
--------------Round 32--------------
48075
55990
40990
56610
49645
56305
52035
66080
57465
47115
53145
48130
45950
49200
50970
50355
62005
63095
60800
37145
41585
54115
37400
48390
54835
57275
54420
38120
49300
41575
40110
51300
52420
50925
44950
47215
48175
54130
46805
43410
56880
41720
58230
51075
44885
46430
58155
38825
51090
50460
49370
42415
41595
37300
40055
40980
47400
54785
42965
44010
43410
50735
42175
68510
49285
56555
51535
39720
53800
48860
47895
46330
51355
52745
48945
55790
68485
66810
44415
45910
59150
52470
60720
48265
54520
59030
50000
47110
37500
58340
45215
56555
49965
45265
38975
54265
43355
49960
39370
41365
Time Cost:                    175.9746s
Hit Ratio and NDCG for top 20 recommendation!
HR@20:0.7151305403764422 and  NDCG@20:0.34458701183910334
Selected clients in this round:
[0, 1, 2, 3, 4, 5, 6, 7, 8, 9, 10, 11, 12, 13, 14, 15, 16, 17, 18, 19, 20, 21, 22, 23, 24, 25, 26, 27, 28, 29, 30, 31, 32, 33, 34, 35, 36, 37, 38, 39, 40, 41, 42, 43, 44, 45, 46, 47, 48, 49, 50, 51, 52, 53, 54, 55, 56, 57, 58, 59, 60, 61, 62, 63, 64, 65, 66, 67, 68, 69, 70, 71, 72, 73, 74, 75, 76, 77, 78, 79, 80, 81, 82, 83, 84, 85, 86, 87, 88, 89, 90, 91, 92, 93, 94, 95, 96, 97, 98, 99]
--------------Round 33--------------
48075
55990
40990
56610
49645
56305
52035
66080
57465
47115
53145
48130
45950
49200
50970
50355
62005
63095
60800
37145
41585
54115
37400
48390
54835
57275
54420
38120
49300
41575
40110
51300
52420
50925
44950
47215
48175
54130
46805
43410
56880
41720
58230
51075
44885
46430
58155
38825
51090
50460
49370
42415
41595
37300
40055
40980
47400
54785
42965
44010
43410
50735
42175
68510
49285
56555
51535
39720
53800
48860
47895
46330
51355
52745
48945
55790
68485
66810
44415
45910
59150
52470
60720
48265
54520
59030
50000
47110
37500
58340
45215
56555
49965
45265
38975
54265
43355
49960
39370
41365
Time Cost:                    175.0744s
Hit Ratio and NDCG for top 20 recommendation!
HR@20:0.7177049180327867 and  NDCG@20:0.34333269081522494
Selected clients in this round:
[0, 1, 2, 3, 4, 5, 6, 7, 8, 9, 10, 11, 12, 13, 14, 15, 16, 17, 18, 19, 20, 21, 22, 23, 24, 25, 26, 27, 28, 29, 30, 31, 32, 33, 34, 35, 36, 37, 38, 39, 40, 41, 42, 43, 44, 45, 46, 47, 48, 49, 50, 51, 52, 53, 54, 55, 56, 57, 58, 59, 60, 61, 62, 63, 64, 65, 66, 67, 68, 69, 70, 71, 72, 73, 74, 75, 76, 77, 78, 79, 80, 81, 82, 83, 84, 85, 86, 87, 88, 89, 90, 91, 92, 93, 94, 95, 96, 97, 98, 99]
--------------Round 34--------------
48075
55990
40990
56610
49645
56305
52035
66080
57465
47115
53145
48130
45950
49200
50970
50355
62005
63095
60800
37145
41585
54115
37400
48390
54835
57275
54420
38120
49300
41575
40110
51300
52420
50925
44950
47215
48175
54130
46805
43410
56880
41720
58230
51075
44885
46430
58155
38825
51090
50460
49370
42415
41595
37300
40055
40980
47400
54785
42965
44010
43410
50735
42175
68510
49285
56555
51535
39720
53800
48860
47895
46330
51355
52745
48945
55790
68485
66810
44415
45910
59150
52470
60720
48265
54520
59030
50000
47110
37500
58340
45215
56555
49965
45265
38975
54265
43355
49960
39370
41365
Time Cost:                    175.3366s
Hit Ratio and NDCG for top 20 recommendation!
HR@20:0.7120248937462053 and  NDCG@20:0.34521034800286343
Selected clients in this round:
[0, 1, 2, 3, 4, 5, 6, 7, 8, 9, 10, 11, 12, 13, 14, 15, 16, 17, 18, 19, 20, 21, 22, 23, 24, 25, 26, 27, 28, 29, 30, 31, 32, 33, 34, 35, 36, 37, 38, 39, 40, 41, 42, 43, 44, 45, 46, 47, 48, 49, 50, 51, 52, 53, 54, 55, 56, 57, 58, 59, 60, 61, 62, 63, 64, 65, 66, 67, 68, 69, 70, 71, 72, 73, 74, 75, 76, 77, 78, 79, 80, 81, 82, 83, 84, 85, 86, 87, 88, 89, 90, 91, 92, 93, 94, 95, 96, 97, 98, 99]
--------------Round 35--------------
48075
55990
40990
56610
49645
56305
52035
66080
57465
47115
53145
48130
45950
49200
50970
50355
62005
63095
60800
37145
41585
54115
37400
48390
54835
57275
54420
38120
49300
41575
40110
51300
52420
50925
44950
47215
48175
54130
46805
43410
56880
41720
58230
51075
44885
46430
58155
38825
51090
50460
49370
42415
41595
37300
40055
40980
47400
54785
42965
44010
43410
50735
42175
68510
49285
56555
51535
39720
53800
48860
47895
46330
51355
52745
48945
55790
68485
66810
44415
45910
59150
52470
60720
48265
54520
59030
50000
47110
37500
58340
45215
56555
49965
45265
38975
54265
43355
49960
39370
41365
Save   35
Time Cost:                    275.0923s
Hit Ratio and NDCG for top 20 recommendation!
HR@20:0.7227018822100788 and  NDCG@20:0.34656728698582817
Selected clients in this round:
[0, 1, 2, 3, 4, 5, 6, 7, 8, 9, 10, 11, 12, 13, 14, 15, 16, 17, 18, 19, 20, 21, 22, 23, 24, 25, 26, 27, 28, 29, 30, 31, 32, 33, 34, 35, 36, 37, 38, 39, 40, 41, 42, 43, 44, 45, 46, 47, 48, 49, 50, 51, 52, 53, 54, 55, 56, 57, 58, 59, 60, 61, 62, 63, 64, 65, 66, 67, 68, 69, 70, 71, 72, 73, 74, 75, 76, 77, 78, 79, 80, 81, 82, 83, 84, 85, 86, 87, 88, 89, 90, 91, 92, 93, 94, 95, 96, 97, 98, 99]
--------------Round 36--------------
48075
55990
40990
56610
49645
56305
52035
66080
57465
47115
53145
48130
45950
49200
50970
50355
62005
63095
60800
37145
41585
54115
37400
48390
54835
57275
54420
38120
49300
41575
40110
51300
52420
50925
44950
47215
48175
54130
46805
43410
56880
41720
58230
51075
44885
46430
58155
38825
51090
50460
49370
42415
41595
37300
40055
40980
47400
54785
42965
44010
43410
50735
42175
68510
49285
56555
51535
39720
53800
48860
47895
46330
51355
52745
48945
55790
68485
66810
44415
45910
59150
52470
60720
48265
54520
59030
50000
47110
37500
58340
45215
56555
49965
45265
38975
54265
43355
49960
39370
41365
Save   36
Time Cost:                    276.4869s
Hit Ratio and NDCG for top 20 recommendation!
HR@20:0.7224802671523984 and  NDCG@20:0.344484866858094
Selected clients in this round:
[0, 1, 2, 3, 4, 5, 6, 7, 8, 9, 10, 11, 12, 13, 14, 15, 16, 17, 18, 19, 20, 21, 22, 23, 24, 25, 26, 27, 28, 29, 30, 31, 32, 33, 34, 35, 36, 37, 38, 39, 40, 41, 42, 43, 44, 45, 46, 47, 48, 49, 50, 51, 52, 53, 54, 55, 56, 57, 58, 59, 60, 61, 62, 63, 64, 65, 66, 67, 68, 69, 70, 71, 72, 73, 74, 75, 76, 77, 78, 79, 80, 81, 82, 83, 84, 85, 86, 87, 88, 89, 90, 91, 92, 93, 94, 95, 96, 97, 98, 99]
--------------Round 37--------------
48075
55990
40990
56610
49645
56305
52035
66080
57465
47115
53145
48130
45950
49200
50970
50355
62005
63095
60800
37145
41585
54115
37400
48390
54835
57275
54420
38120
49300
41575
40110
51300
52420
50925
44950
47215
48175
54130
46805
43410
56880
41720
58230
51075
44885
46430
58155
38825
51090
50460
49370
42415
41595
37300
40055
40980
47400
54785
42965
44010
43410
50735
42175
68510
49285
56555
51535
39720
53800
48860
47895
46330
51355
52745
48945
55790
68485
66810
44415
45910
59150
52470
60720
48265
54520
59030
50000
47110
37500
58340
45215
56555
49965
45265
38975
54265
43355
49960
39370
41365
Save   37
Time Cost:                    276.1856s
Hit Ratio and NDCG for top 20 recommendation!
HR@20:0.7254189435336973 and  NDCG@20:0.34550947898384005
Selected clients in this round:
[0, 1, 2, 3, 4, 5, 6, 7, 8, 9, 10, 11, 12, 13, 14, 15, 16, 17, 18, 19, 20, 21, 22, 23, 24, 25, 26, 27, 28, 29, 30, 31, 32, 33, 34, 35, 36, 37, 38, 39, 40, 41, 42, 43, 44, 45, 46, 47, 48, 49, 50, 51, 52, 53, 54, 55, 56, 57, 58, 59, 60, 61, 62, 63, 64, 65, 66, 67, 68, 69, 70, 71, 72, 73, 74, 75, 76, 77, 78, 79, 80, 81, 82, 83, 84, 85, 86, 87, 88, 89, 90, 91, 92, 93, 94, 95, 96, 97, 98, 99]
--------------Round 38--------------
48075
55990
40990
56610
49645
56305
52035
66080
57465
47115
53145
48130
45950
49200
50970
50355
62005
63095
60800
37145
41585
54115
37400
48390
54835
57275
54420
38120
49300
41575
40110
51300
52420
50925
44950
47215
48175
54130
46805
43410
56880
41720
58230
51075
44885
46430
58155
38825
51090
50460
49370
42415
41595
37300
40055
40980
47400
54785
42965
44010
43410
50735
42175
68510
49285
56555
51535
39720
53800
48860
47895
46330
51355
52745
48945
55790
68485
66810
44415
45910
59150
52470
60720
48265
54520
59030
50000
47110
37500
58340
45215
56555
49965
45265
38975
54265
43355
49960
39370
41365
Save   38
Time Cost:                    276.0441s
Hit Ratio and NDCG for top 20 recommendation!
HR@20:0.7254675166970246 and  NDCG@20:0.3456107193219404
Selected clients in this round:
[0, 1, 2, 3, 4, 5, 6, 7, 8, 9, 10, 11, 12, 13, 14, 15, 16, 17, 18, 19, 20, 21, 22, 23, 24, 25, 26, 27, 28, 29, 30, 31, 32, 33, 34, 35, 36, 37, 38, 39, 40, 41, 42, 43, 44, 45, 46, 47, 48, 49, 50, 51, 52, 53, 54, 55, 56, 57, 58, 59, 60, 61, 62, 63, 64, 65, 66, 67, 68, 69, 70, 71, 72, 73, 74, 75, 76, 77, 78, 79, 80, 81, 82, 83, 84, 85, 86, 87, 88, 89, 90, 91, 92, 93, 94, 95, 96, 97, 98, 99]
--------------Round 39--------------
48075
55990
40990
56610
49645
56305
52035
66080
57465
47115
53145
48130
45950
49200
50970
50355
62005
63095
60800
37145
41585
54115
37400
48390
54835
57275
54420
38120
49300
41575
40110
51300
52420
50925
44950
47215
48175
54130
46805
43410
56880
41720
58230
51075
44885
46430
58155
38825
51090
50460
49370
42415
41595
37300
40055
40980
47400
54785
42965
44010
43410
50735
42175
68510
49285
56555
51535
39720
53800
48860
47895
46330
51355
52745
48945
55790
68485
66810
44415
45910
59150
52470
60720
48265
54520
59030
50000
47110
37500
58340
45215
56555
49965
45265
38975
54265
43355
49960
39370
41365
Save   39
Time Cost:                    275.6324s
Hit Ratio and NDCG for top 20 recommendation!
HR@20:0.7261627200971462 and  NDCG@20:0.34600167332023657
Selected clients in this round:
[0, 1, 2, 3, 4, 5, 6, 7, 8, 9, 10, 11, 12, 13, 14, 15, 16, 17, 18, 19, 20, 21, 22, 23, 24, 25, 26, 27, 28, 29, 30, 31, 32, 33, 34, 35, 36, 37, 38, 39, 40, 41, 42, 43, 44, 45, 46, 47, 48, 49, 50, 51, 52, 53, 54, 55, 56, 57, 58, 59, 60, 61, 62, 63, 64, 65, 66, 67, 68, 69, 70, 71, 72, 73, 74, 75, 76, 77, 78, 79, 80, 81, 82, 83, 84, 85, 86, 87, 88, 89, 90, 91, 92, 93, 94, 95, 96, 97, 98, 99]
--------------Round 40--------------
48075
55990
40990
56610
49645
56305
52035
66080
57465
47115
53145
48130
45950
49200
50970
50355
62005
63095
60800
37145
41585
54115
37400
48390
54835
57275
54420
38120
49300
41575
40110
51300
52420
50925
44950
47215
48175
54130
46805
43410
56880
41720
58230
51075
44885
46430
58155
38825
51090
50460
49370
42415
41595
37300
40055
40980
47400
54785
42965
44010
43410
50735
42175
68510
49285
56555
51535
39720
53800
48860
47895
46330
51355
52745
48945
55790
68485
66810
44415
45910
59150
52470
60720
48265
54520
59030
50000
47110
37500
58340
45215
56555
49965
45265
38975
54265
43355
49960
39370
41365
Save   40
Time Cost:                    275.9039s
Hit Ratio and NDCG for top 20 recommendation!
HR@20:0.7184699453551915 and  NDCG@20:0.3459260432415622
Selected clients in this round:
[0, 1, 2, 3, 4, 5, 6, 7, 8, 9, 10, 11, 12, 13, 14, 15, 16, 17, 18, 19, 20, 21, 22, 23, 24, 25, 26, 27, 28, 29, 30, 31, 32, 33, 34, 35, 36, 37, 38, 39, 40, 41, 42, 43, 44, 45, 46, 47, 48, 49, 50, 51, 52, 53, 54, 55, 56, 57, 58, 59, 60, 61, 62, 63, 64, 65, 66, 67, 68, 69, 70, 71, 72, 73, 74, 75, 76, 77, 78, 79, 80, 81, 82, 83, 84, 85, 86, 87, 88, 89, 90, 91, 92, 93, 94, 95, 96, 97, 98, 99]
=================End==================
Total Time Cost:              9744.6011s
[]
init fedtask...done
target_item = 2248 | atk_method = targetPromo
init clients...MAX POS IDX: 724
MAX POS IDX: 954
MAX POS IDX: 693
MAX POS IDX: 966
MAX POS IDX: 564
MAX POS IDX: 1143
MAX POS IDX: 1343
MAX POS IDX: 1520
MAX POS IDX: 730
MAX POS IDX: 799
MAX POS IDX: 1003
MAX POS IDX: 741
MAX POS IDX: 781
MAX POS IDX: 710
MAX POS IDX: 660
MAX POS IDX: 1285
MAX POS IDX: 1210
MAX POS IDX: 1015
MAX POS IDX: 1301
MAX POS IDX: 773
MAX POS IDX: 665
MAX POS IDX: 1008
MAX POS IDX: 507
MAX POS IDX: 824
MAX POS IDX: 884
MAX POS IDX: 999
MAX POS IDX: 1322
MAX POS IDX: 607
MAX POS IDX: 821
MAX POS IDX: 981
MAX POS IDX: 553
MAX POS IDX: 1215
MAX POS IDX: 1049
MAX POS IDX: 1742
MAX POS IDX: 1077
MAX POS IDX: 1257
MAX POS IDX: 1270
MAX POS IDX: 1221
MAX POS IDX: 525
MAX POS IDX: 864
MAX POS IDX: 818
MAX POS IDX: 623
MAX POS IDX: 1849
MAX POS IDX: 1151
MAX POS IDX: 804
MAX POS IDX: 843
MAX POS IDX: 1168
MAX POS IDX: 400
MAX POS IDX: 1175
MAX POS IDX: 841
MAX POS IDX: 908
MAX POS IDX: 794
MAX POS IDX: 922
MAX POS IDX: 549
MAX POS IDX: 670
MAX POS IDX: 1215
MAX POS IDX: 836
MAX POS IDX: 887
MAX POS IDX: 913
MAX POS IDX: 788
MAX POS IDX: 963
MAX POS IDX: 892
MAX POS IDX: 609
MAX POS IDX: 793
MAX POS IDX: 1225
MAX POS IDX: 1239
MAX POS IDX: 821
MAX POS IDX: 466
MAX POS IDX: 1114
MAX POS IDX: 914
MAX POS IDX: 719
MAX POS IDX: 902
MAX POS IDX: 1259
MAX POS IDX: 639
MAX POS IDX: 857
MAX POS IDX: 2313
MAX POS IDX: 836
MAX POS IDX: 1594
MAX POS IDX: 838
MAX POS IDX: 881
MAX POS IDX: 1018
MAX POS IDX: 824
MAX POS IDX: 1037
MAX POS IDX: 684
MAX POS IDX: 1219
MAX POS IDX: 728
MAX POS IDX: 1017
MAX POS IDX: 683
MAX POS IDX: 527
MAX POS IDX: 1242
MAX POS IDX: 677
MAX POS IDX: 970
MAX POS IDX: 1517
MAX POS IDX: 851
MAX POS IDX: 605
MAX POS IDX: 783
MAX POS IDX: 458
MAX POS IDX: 742
MAX POS IDX: 1157
MAX POS IDX: 835
init server...fedtasksave/movielens1m_cnum100_dist0_skew0_seed0/CFRU_NCF_Mu8_R40_P1.00_alpha0.5_seed0_targetPromo/record
done
--------------Round 0--------------
48075
55990
40990
56610
49645
56305
52035
66080
57465
47115
53145
48130
45950
49200
50970
50355
62005
63095
60800
37145
41585
54115
37400
48390
54835
57275
54420
38120
49300
41575
40110
51300
52420
50925
44950
47215
48175
54130
46805
43410
56880
41720
58230
51075
44885
46430
58155
38825
51090
50460
49370
42415
41595
37300
40055
40980
47400
54785
42965
44010
43410
50735
42175
68510
49285
56555
51535
39720
53800
48860
47895
46330
51355
52745
48945
55790
68485
66810
44415
45910
59150
52470
60720
48265
54520
59030
50000
47110
37500
58340
45215
56555
49965
45265
38975
54265
43355
49960
39370
41365
unlearning time:              0.3036s
Time Cost:                    184.4442s
Hit Ratio and NDCG for top 20 recommendation!
HR@20:0.600185185185185 and  NDCG@20:0.2781057384047635
Selected clients in this round:
[0, 1, 2, 3, 4, 5, 6, 7, 8, 9, 10, 11, 12, 13, 14, 15, 16, 17, 18, 19, 20, 21, 22, 23, 24, 25, 26, 27, 28, 29, 30, 31, 32, 33, 34, 35, 36, 37, 38, 39, 40, 41, 42, 43, 44, 45, 46, 47, 48, 49, 50, 51, 52, 53, 54, 55, 56, 57, 58, 59, 60, 61, 62, 63, 64, 65, 66, 67, 68, 69, 70, 71, 72, 73, 74, 75, 76, 77, 78, 79, 80, 81, 82, 83, 84, 85, 86, 87, 88, 89, 90, 91, 92, 93, 94, 95, 96, 97, 98, 99]
--------------Round 1--------------
48075
55990
40990
56610
49645
56305
52035
66080
57465
47115
53145
48130
45950
49200
50970
50355
62005
63095
60800
37145
41585
54115
37400
48390
54835
57275
54420
38120
49300
41575
40110
51300
52420
50925
44950
47215
48175
54130
46805
43410
56880
41720
58230
51075
44885
46430
58155
38825
51090
50460
49370
42415
41595
37300
40055
40980
47400
54785
42965
44010
43410
50735
42175
68510
49285
56555
51535
39720
53800
48860
47895
46330
51355
52745
48945
55790
68485
66810
44415
45910
59150
52470
60720
48265
54520
59030
50000
47110
37500
58340
45215
56555
49965
45265
38975
54265
43355
49960
39370
41365
unlearning time:              0.5689s
Time Cost:                    182.8025s
Hit Ratio and NDCG for top 20 recommendation!
HR@20:0.6162568306010933 and  NDCG@20:0.2845242418716248
Selected clients in this round:
[0, 1, 2, 3, 4, 5, 6, 7, 8, 9, 10, 11, 12, 13, 14, 15, 16, 17, 18, 19, 20, 21, 22, 23, 24, 25, 26, 27, 28, 29, 30, 31, 32, 33, 34, 35, 36, 37, 38, 39, 40, 41, 42, 43, 44, 45, 46, 47, 48, 49, 50, 51, 52, 53, 54, 55, 56, 57, 58, 59, 60, 61, 62, 63, 64, 65, 66, 67, 68, 69, 70, 71, 72, 73, 74, 75, 76, 77, 78, 79, 80, 81, 82, 83, 84, 85, 86, 87, 88, 89, 90, 91, 92, 93, 94, 95, 96, 97, 98, 99]
--------------Round 2--------------
48075
55990
40990
56610
49645
56305
52035
66080
57465
47115
53145
48130
45950
49200
50970
50355
62005
63095
60800
37145
41585
54115
37400
48390
54835
57275
54420
38120
49300
41575
40110
51300
52420
50925
44950
47215
48175
54130
46805
43410
56880
41720
58230
51075
44885
46430
58155
38825
51090
50460
49370
42415
41595
37300
40055
40980
47400
54785
42965
44010
43410
50735
42175
68510
49285
56555
51535
39720
53800
48860
47895
46330
51355
52745
48945
55790
68485
66810
44415
45910
59150
52470
60720
48265
54520
59030
50000
47110
37500
58340
45215
56555
49965
45265
38975
54265
43355
49960
39370
41365
unlearning time:              0.8418s
Time Cost:                    182.3617s
Hit Ratio and NDCG for top 20 recommendation!
HR@20:0.6403187613843351 and  NDCG@20:0.2968700575463338
Selected clients in this round:
[0, 1, 2, 3, 4, 5, 6, 7, 8, 9, 10, 11, 12, 13, 14, 15, 16, 17, 18, 19, 20, 21, 22, 23, 24, 25, 26, 27, 28, 29, 30, 31, 32, 33, 34, 35, 36, 37, 38, 39, 40, 41, 42, 43, 44, 45, 46, 47, 48, 49, 50, 51, 52, 53, 54, 55, 56, 57, 58, 59, 60, 61, 62, 63, 64, 65, 66, 67, 68, 69, 70, 71, 72, 73, 74, 75, 76, 77, 78, 79, 80, 81, 82, 83, 84, 85, 86, 87, 88, 89, 90, 91, 92, 93, 94, 95, 96, 97, 98, 99]
--------------Round 3--------------
48075
55990
40990
56610
49645
56305
52035
66080
57465
47115
53145
48130
45950
49200
50970
50355
62005
63095
60800
37145
41585
54115
37400
48390
54835
57275
54420
38120
49300
41575
40110
51300
52420
50925
44950
47215
48175
54130
46805
43410
56880
41720
58230
51075
44885
46430
58155
38825
51090
50460
49370
42415
41595
37300
40055
40980
47400
54785
42965
44010
43410
50735
42175
68510
49285
56555
51535
39720
53800
48860
47895
46330
51355
52745
48945
55790
68485
66810
44415
45910
59150
52470
60720
48265
54520
59030
50000
47110
37500
58340
45215
56555
49965
45265
38975
54265
43355
49960
39370
41365
unlearning time:              1.1072s
Time Cost:                    183.7322s
Hit Ratio and NDCG for top 20 recommendation!
HR@20:0.6672859744990891 and  NDCG@20:0.313806646546975
Selected clients in this round:
[0, 1, 2, 3, 4, 5, 6, 7, 8, 9, 10, 11, 12, 13, 14, 15, 16, 17, 18, 19, 20, 21, 22, 23, 24, 25, 26, 27, 28, 29, 30, 31, 32, 33, 34, 35, 36, 37, 38, 39, 40, 41, 42, 43, 44, 45, 46, 47, 48, 49, 50, 51, 52, 53, 54, 55, 56, 57, 58, 59, 60, 61, 62, 63, 64, 65, 66, 67, 68, 69, 70, 71, 72, 73, 74, 75, 76, 77, 78, 79, 80, 81, 82, 83, 84, 85, 86, 87, 88, 89, 90, 91, 92, 93, 94, 95, 96, 97, 98, 99]
--------------Round 4--------------
48075
55990
40990
56610
49645
56305
52035
66080
57465
47115
53145
48130
45950
49200
50970
50355
62005
63095
60800
37145
41585
54115
37400
48390
54835
57275
54420
38120
49300
41575
40110
51300
52420
50925
44950
47215
48175
54130
46805
43410
56880
41720
58230
51075
44885
46430
58155
38825
51090
50460
49370
42415
41595
37300
40055
40980
47400
54785
42965
44010
43410
50735
42175
68510
49285
56555
51535
39720
53800
48860
47895
46330
51355
52745
48945
55790
68485
66810
44415
45910
59150
52470
60720
48265
54520
59030
50000
47110
37500
58340
45215
56555
49965
45265
38975
54265
43355
49960
39370
41365
unlearning time:              1.3801s
Time Cost:                    184.8363s
Hit Ratio and NDCG for top 20 recommendation!
HR@20:0.6794444444444442 and  NDCG@20:0.3161080319078841
Selected clients in this round:
[0, 1, 2, 3, 4, 5, 6, 7, 8, 9, 10, 11, 12, 13, 14, 15, 16, 17, 18, 19, 20, 21, 22, 23, 24, 25, 26, 27, 28, 29, 30, 31, 32, 33, 34, 35, 36, 37, 38, 39, 40, 41, 42, 43, 44, 45, 46, 47, 48, 49, 50, 51, 52, 53, 54, 55, 56, 57, 58, 59, 60, 61, 62, 63, 64, 65, 66, 67, 68, 69, 70, 71, 72, 73, 74, 75, 76, 77, 78, 79, 80, 81, 82, 83, 84, 85, 86, 87, 88, 89, 90, 91, 92, 93, 94, 95, 96, 97, 98, 99]
--------------Round 5--------------
48075
55990
40990
56610
49645
56305
52035
66080
57465
47115
53145
48130
45950
49200
50970
50355
62005
63095
60800
37145
41585
54115
37400
48390
54835
57275
54420
38120
49300
41575
40110
51300
52420
50925
44950
47215
48175
54130
46805
43410
56880
41720
58230
51075
44885
46430
58155
38825
51090
50460
49370
42415
41595
37300
40055
40980
47400
54785
42965
44010
43410
50735
42175
68510
49285
56555
51535
39720
53800
48860
47895
46330
51355
52745
48945
55790
68485
66810
44415
45910
59150
52470
60720
48265
54520
59030
50000
47110
37500
58340
45215
56555
49965
45265
38975
54265
43355
49960
39370
41365
unlearning time:              1.6394s
Time Cost:                    185.0281s
Hit Ratio and NDCG for top 20 recommendation!
HR@20:0.6845810564663022 and  NDCG@20:0.3196910244263156
Selected clients in this round:
[0, 1, 2, 3, 4, 5, 6, 7, 8, 9, 10, 11, 12, 13, 14, 15, 16, 17, 18, 19, 20, 21, 22, 23, 24, 25, 26, 27, 28, 29, 30, 31, 32, 33, 34, 35, 36, 37, 38, 39, 40, 41, 42, 43, 44, 45, 46, 47, 48, 49, 50, 51, 52, 53, 54, 55, 56, 57, 58, 59, 60, 61, 62, 63, 64, 65, 66, 67, 68, 69, 70, 71, 72, 73, 74, 75, 76, 77, 78, 79, 80, 81, 82, 83, 84, 85, 86, 87, 88, 89, 90, 91, 92, 93, 94, 95, 96, 97, 98, 99]
--------------Round 6--------------
48075
55990
40990
56610
49645
56305
52035
66080
57465
47115
53145
48130
45950
49200
50970
50355
62005
63095
60800
37145
41585
54115
37400
48390
54835
57275
54420
38120
49300
41575
40110
51300
52420
50925
44950
47215
48175
54130
46805
43410
56880
41720
58230
51075
44885
46430
58155
38825
51090
50460
49370
42415
41595
37300
40055
40980
47400
54785
42965
44010
43410
50735
42175
68510
49285
56555
51535
39720
53800
48860
47895
46330
51355
52745
48945
55790
68485
66810
44415
45910
59150
52470
60720
48265
54520
59030
50000
47110
37500
58340
45215
56555
49965
45265
38975
54265
43355
49960
39370
41365
unlearning time:              1.9103s
Time Cost:                    185.0893s
Hit Ratio and NDCG for top 20 recommendation!
HR@20:0.6975774134790529 and  NDCG@20:0.3261581751266637
Selected clients in this round:
[0, 1, 2, 3, 4, 5, 6, 7, 8, 9, 10, 11, 12, 13, 14, 15, 16, 17, 18, 19, 20, 21, 22, 23, 24, 25, 26, 27, 28, 29, 30, 31, 32, 33, 34, 35, 36, 37, 38, 39, 40, 41, 42, 43, 44, 45, 46, 47, 48, 49, 50, 51, 52, 53, 54, 55, 56, 57, 58, 59, 60, 61, 62, 63, 64, 65, 66, 67, 68, 69, 70, 71, 72, 73, 74, 75, 76, 77, 78, 79, 80, 81, 82, 83, 84, 85, 86, 87, 88, 89, 90, 91, 92, 93, 94, 95, 96, 97, 98, 99]
--------------Round 7--------------
48075
55990
40990
56610
49645
56305
52035
66080
57465
47115
53145
48130
45950
49200
50970
50355
62005
63095
60800
37145
41585
54115
37400
48390
54835
57275
54420
38120
49300
41575
40110
51300
52420
50925
44950
47215
48175
54130
46805
43410
56880
41720
58230
51075
44885
46430
58155
38825
51090
50460
49370
42415
41595
37300
40055
40980
47400
54785
42965
44010
43410
50735
42175
68510
49285
56555
51535
39720
53800
48860
47895
46330
51355
52745
48945
55790
68485
66810
44415
45910
59150
52470
60720
48265
54520
59030
50000
47110
37500
58340
45215
56555
49965
45265
38975
54265
43355
49960
39370
41365
unlearning time:              2.1932s
Time Cost:                    187.9549s
Hit Ratio and NDCG for top 20 recommendation!
HR@20:0.700072859744991 and  NDCG@20:0.32471157395755584
Selected clients in this round:
[0, 1, 2, 3, 4, 5, 6, 7, 8, 9, 10, 11, 12, 13, 14, 15, 16, 17, 18, 19, 20, 21, 22, 23, 24, 25, 26, 27, 28, 29, 30, 31, 32, 33, 34, 35, 36, 37, 38, 39, 40, 41, 42, 43, 44, 45, 46, 47, 48, 49, 50, 51, 52, 53, 54, 55, 56, 57, 58, 59, 60, 61, 62, 63, 64, 65, 66, 67, 68, 69, 70, 71, 72, 73, 74, 75, 76, 77, 78, 79, 80, 81, 82, 83, 84, 85, 86, 87, 88, 89, 90, 91, 92, 93, 94, 95, 96, 97, 98, 99]
--------------Round 8--------------
48075
55990
40990
56610
49645
56305
52035
66080
57465
47115
53145
48130
45950
49200
50970
50355
62005
63095
60800
37145
41585
54115
37400
48390
54835
57275
54420
38120
49300
41575
40110
51300
52420
50925
44950
47215
48175
54130
46805
43410
56880
41720
58230
51075
44885
46430
58155
38825
51090
50460
49370
42415
41595
37300
40055
40980
47400
54785
42965
44010
43410
50735
42175
68510
49285
56555
51535
39720
53800
48860
47895
46330
51355
52745
48945
55790
68485
66810
44415
45910
59150
52470
60720
48265
54520
59030
50000
47110
37500
58340
45215
56555
49965
45265
38975
54265
43355
49960
39370
41365
unlearning time:              2.4564s
Time Cost:                    187.6358s
Hit Ratio and NDCG for top 20 recommendation!
HR@20:0.7057893139040681 and  NDCG@20:0.3286886698385111
Selected clients in this round:
[0, 1, 2, 3, 4, 5, 6, 7, 8, 9, 10, 11, 12, 13, 14, 15, 16, 17, 18, 19, 20, 21, 22, 23, 24, 25, 26, 27, 28, 29, 30, 31, 32, 33, 34, 35, 36, 37, 38, 39, 40, 41, 42, 43, 44, 45, 46, 47, 48, 49, 50, 51, 52, 53, 54, 55, 56, 57, 58, 59, 60, 61, 62, 63, 64, 65, 66, 67, 68, 69, 70, 71, 72, 73, 74, 75, 76, 77, 78, 79, 80, 81, 82, 83, 84, 85, 86, 87, 88, 89, 90, 91, 92, 93, 94, 95, 96, 97, 98, 99]
--------------Round 9--------------
48075
55990
40990
56610
49645
56305
52035
66080
57465
47115
53145
48130
45950
49200
50970
50355
62005
63095
60800
37145
41585
54115
37400
48390
54835
57275
54420
38120
49300
41575
40110
51300
52420
50925
44950
47215
48175
54130
46805
43410
56880
41720
58230
51075
44885
46430
58155
38825
51090
50460
49370
42415
41595
37300
40055
40980
47400
54785
42965
44010
43410
50735
42175
68510
49285
56555
51535
39720
53800
48860
47895
46330
51355
52745
48945
55790
68485
66810
44415
45910
59150
52470
60720
48265
54520
59030
50000
47110
37500
58340
45215
56555
49965
45265
38975
54265
43355
49960
39370
41365
unlearning time:              2.7326s
Time Cost:                    189.8016s
Hit Ratio and NDCG for top 20 recommendation!
HR@20:0.7053248330297508 and  NDCG@20:0.3313280252719861
Selected clients in this round:
[0, 1, 2, 3, 4, 5, 6, 7, 8, 9, 10, 11, 12, 13, 14, 15, 16, 17, 18, 19, 20, 21, 22, 23, 24, 25, 26, 27, 28, 29, 30, 31, 32, 33, 34, 35, 36, 37, 38, 39, 40, 41, 42, 43, 44, 45, 46, 47, 48, 49, 50, 51, 52, 53, 54, 55, 56, 57, 58, 59, 60, 61, 62, 63, 64, 65, 66, 67, 68, 69, 70, 71, 72, 73, 74, 75, 76, 77, 78, 79, 80, 81, 82, 83, 84, 85, 86, 87, 88, 89, 90, 91, 92, 93, 94, 95, 96, 97, 98, 99]
--------------Round 10--------------
48075
55990
40990
56610
49645
56305
52035
66080
57465
47115
53145
48130
45950
49200
50970
50355
62005
63095
60800
37145
41585
54115
37400
48390
54835
57275
54420
38120
49300
41575
40110
51300
52420
50925
44950
47215
48175
54130
46805
43410
56880
41720
58230
51075
44885
46430
58155
38825
51090
50460
49370
42415
41595
37300
40055
40980
47400
54785
42965
44010
43410
50735
42175
68510
49285
56555
51535
39720
53800
48860
47895
46330
51355
52745
48945
55790
68485
66810
44415
45910
59150
52470
60720
48265
54520
59030
50000
47110
37500
58340
45215
56555
49965
45265
38975
54265
43355
49960
39370
41365
unlearning time:              2.9984s
Time Cost:                    189.0168s
Hit Ratio and NDCG for top 20 recommendation!
HR@20:0.7088190649666058 and  NDCG@20:0.33331269378326484
Selected clients in this round:
[0, 1, 2, 3, 4, 5, 6, 7, 8, 9, 10, 11, 12, 13, 14, 15, 16, 17, 18, 19, 20, 21, 22, 23, 24, 25, 26, 27, 28, 29, 30, 31, 32, 33, 34, 35, 36, 37, 38, 39, 40, 41, 42, 43, 44, 45, 46, 47, 48, 49, 50, 51, 52, 53, 54, 55, 56, 57, 58, 59, 60, 61, 62, 63, 64, 65, 66, 67, 68, 69, 70, 71, 72, 73, 74, 75, 76, 77, 78, 79, 80, 81, 82, 83, 84, 85, 86, 87, 88, 89, 90, 91, 92, 93, 94, 95, 96, 97, 98, 99]
--------------Round 11--------------
48075
55990
40990
56610
49645
56305
52035
66080
57465
47115
53145
48130
45950
49200
50970
50355
62005
63095
60800
37145
41585
54115
37400
48390
54835
57275
54420
38120
49300
41575
40110
51300
52420
50925
44950
47215
48175
54130
46805
43410
56880
41720
58230
51075
44885
46430
58155
38825
51090
50460
49370
42415
41595
37300
40055
40980
47400
54785
42965
44010
43410
50735
42175
68510
49285
56555
51535
39720
53800
48860
47895
46330
51355
52745
48945
55790
68485
66810
44415
45910
59150
52470
60720
48265
54520
59030
50000
47110
37500
58340
45215
56555
49965
45265
38975
54265
43355
49960
39370
41365
unlearning time:              3.2615s
Time Cost:                    190.7559s
Hit Ratio and NDCG for top 20 recommendation!
HR@20:0.7106527018822101 and  NDCG@20:0.3354854228395463
Selected clients in this round:
[0, 1, 2, 3, 4, 5, 6, 7, 8, 9, 10, 11, 12, 13, 14, 15, 16, 17, 18, 19, 20, 21, 22, 23, 24, 25, 26, 27, 28, 29, 30, 31, 32, 33, 34, 35, 36, 37, 38, 39, 40, 41, 42, 43, 44, 45, 46, 47, 48, 49, 50, 51, 52, 53, 54, 55, 56, 57, 58, 59, 60, 61, 62, 63, 64, 65, 66, 67, 68, 69, 70, 71, 72, 73, 74, 75, 76, 77, 78, 79, 80, 81, 82, 83, 84, 85, 86, 87, 88, 89, 90, 91, 92, 93, 94, 95, 96, 97, 98, 99]
--------------Round 12--------------
48075
55990
40990
56610
49645
56305
52035
66080
57465
47115
53145
48130
45950
49200
50970
50355
62005
63095
60800
37145
41585
54115
37400
48390
54835
57275
54420
38120
49300
41575
40110
51300
52420
50925
44950
47215
48175
54130
46805
43410
56880
41720
58230
51075
44885
46430
58155
38825
51090
50460
49370
42415
41595
37300
40055
40980
47400
54785
42965
44010
43410
50735
42175
68510
49285
56555
51535
39720
53800
48860
47895
46330
51355
52745
48945
55790
68485
66810
44415
45910
59150
52470
60720
48265
54520
59030
50000
47110
37500
58340
45215
56555
49965
45265
38975
54265
43355
49960
39370
41365
unlearning time:              3.5486s
Time Cost:                    190.4427s
Hit Ratio and NDCG for top 20 recommendation!
HR@20:0.7148998178506375 and  NDCG@20:0.33864586802244934
Selected clients in this round:
[0, 1, 2, 3, 4, 5, 6, 7, 8, 9, 10, 11, 12, 13, 14, 15, 16, 17, 18, 19, 20, 21, 22, 23, 24, 25, 26, 27, 28, 29, 30, 31, 32, 33, 34, 35, 36, 37, 38, 39, 40, 41, 42, 43, 44, 45, 46, 47, 48, 49, 50, 51, 52, 53, 54, 55, 56, 57, 58, 59, 60, 61, 62, 63, 64, 65, 66, 67, 68, 69, 70, 71, 72, 73, 74, 75, 76, 77, 78, 79, 80, 81, 82, 83, 84, 85, 86, 87, 88, 89, 90, 91, 92, 93, 94, 95, 96, 97, 98, 99]
--------------Round 13--------------
48075
55990
40990
56610
49645
56305
52035
66080
57465
47115
53145
48130
45950
49200
50970
50355
62005
63095
60800
37145
41585
54115
37400
48390
54835
57275
54420
38120
49300
41575
40110
51300
52420
50925
44950
47215
48175
54130
46805
43410
56880
41720
58230
51075
44885
46430
58155
38825
51090
50460
49370
42415
41595
37300
40055
40980
47400
54785
42965
44010
43410
50735
42175
68510
49285
56555
51535
39720
53800
48860
47895
46330
51355
52745
48945
55790
68485
66810
44415
45910
59150
52470
60720
48265
54520
59030
50000
47110
37500
58340
45215
56555
49965
45265
38975
54265
43355
49960
39370
41365
unlearning time:              3.8052s
Time Cost:                    192.6078s
Hit Ratio and NDCG for top 20 recommendation!
HR@20:0.7195506982392226 and  NDCG@20:0.3397286077690273
Selected clients in this round:
[0, 1, 2, 3, 4, 5, 6, 7, 8, 9, 10, 11, 12, 13, 14, 15, 16, 17, 18, 19, 20, 21, 22, 23, 24, 25, 26, 27, 28, 29, 30, 31, 32, 33, 34, 35, 36, 37, 38, 39, 40, 41, 42, 43, 44, 45, 46, 47, 48, 49, 50, 51, 52, 53, 54, 55, 56, 57, 58, 59, 60, 61, 62, 63, 64, 65, 66, 67, 68, 69, 70, 71, 72, 73, 74, 75, 76, 77, 78, 79, 80, 81, 82, 83, 84, 85, 86, 87, 88, 89, 90, 91, 92, 93, 94, 95, 96, 97, 98, 99]
--------------Round 14--------------
48075
55990
40990
56610
49645
56305
52035
66080
57465
47115
53145
48130
45950
49200
50970
50355
62005
63095
60800
37145
41585
54115
37400
48390
54835
57275
54420
38120
49300
41575
40110
51300
52420
50925
44950
47215
48175
54130
46805
43410
56880
41720
58230
51075
44885
46430
58155
38825
51090
50460
49370
42415
41595
37300
40055
40980
47400
54785
42965
44010
43410
50735
42175
68510
49285
56555
51535
39720
53800
48860
47895
46330
51355
52745
48945
55790
68485
66810
44415
45910
59150
52470
60720
48265
54520
59030
50000
47110
37500
58340
45215
56555
49965
45265
38975
54265
43355
49960
39370
41365
unlearning time:              4.0885s
Time Cost:                    191.8640s
Hit Ratio and NDCG for top 20 recommendation!
HR@20:0.7150910746812389 and  NDCG@20:0.3420715076065781
Selected clients in this round:
[0, 1, 2, 3, 4, 5, 6, 7, 8, 9, 10, 11, 12, 13, 14, 15, 16, 17, 18, 19, 20, 21, 22, 23, 24, 25, 26, 27, 28, 29, 30, 31, 32, 33, 34, 35, 36, 37, 38, 39, 40, 41, 42, 43, 44, 45, 46, 47, 48, 49, 50, 51, 52, 53, 54, 55, 56, 57, 58, 59, 60, 61, 62, 63, 64, 65, 66, 67, 68, 69, 70, 71, 72, 73, 74, 75, 76, 77, 78, 79, 80, 81, 82, 83, 84, 85, 86, 87, 88, 89, 90, 91, 92, 93, 94, 95, 96, 97, 98, 99]
--------------Round 15--------------
48075
55990
40990
56610
49645
56305
52035
66080
57465
47115
53145
48130
45950
49200
50970
50355
62005
63095
60800
37145
41585
54115
37400
48390
54835
57275
54420
38120
49300
41575
40110
51300
52420
50925
44950
47215
48175
54130
46805
43410
56880
41720
58230
51075
44885
46430
58155
38825
51090
50460
49370
42415
41595
37300
40055
40980
47400
54785
42965
44010
43410
50735
42175
68510
49285
56555
51535
39720
53800
48860
47895
46330
51355
52745
48945
55790
68485
66810
44415
45910
59150
52470
60720
48265
54520
59030
50000
47110
37500
58340
45215
56555
49965
45265
38975
54265
43355
49960
39370
41365
unlearning time:              4.3307s
Time Cost:                    193.5636s
Hit Ratio and NDCG for top 20 recommendation!
HR@20:0.7190042501517908 and  NDCG@20:0.3438444613474075
Selected clients in this round:
[0, 1, 2, 3, 4, 5, 6, 7, 8, 9, 10, 11, 12, 13, 14, 15, 16, 17, 18, 19, 20, 21, 22, 23, 24, 25, 26, 27, 28, 29, 30, 31, 32, 33, 34, 35, 36, 37, 38, 39, 40, 41, 42, 43, 44, 45, 46, 47, 48, 49, 50, 51, 52, 53, 54, 55, 56, 57, 58, 59, 60, 61, 62, 63, 64, 65, 66, 67, 68, 69, 70, 71, 72, 73, 74, 75, 76, 77, 78, 79, 80, 81, 82, 83, 84, 85, 86, 87, 88, 89, 90, 91, 92, 93, 94, 95, 96, 97, 98, 99]
--------------Round 16--------------
48075
55990
40990
56610
49645
56305
52035
66080
57465
47115
53145
48130
45950
49200
50970
50355
62005
63095
60800
37145
41585
54115
37400
48390
54835
57275
54420
38120
49300
41575
40110
51300
52420
50925
44950
47215
48175
54130
46805
43410
56880
41720
58230
51075
44885
46430
58155
38825
51090
50460
49370
42415
41595
37300
40055
40980
47400
54785
42965
44010
43410
50735
42175
68510
49285
56555
51535
39720
53800
48860
47895
46330
51355
52745
48945
55790
68485
66810
44415
45910
59150
52470
60720
48265
54520
59030
50000
47110
37500
58340
45215
56555
49965
45265
38975
54265
43355
49960
39370
41365
unlearning time:              4.6192s
Time Cost:                    192.9260s
Hit Ratio and NDCG for top 20 recommendation!
HR@20:0.7197055251973287 and  NDCG@20:0.34281382206928296
Selected clients in this round:
[0, 1, 2, 3, 4, 5, 6, 7, 8, 9, 10, 11, 12, 13, 14, 15, 16, 17, 18, 19, 20, 21, 22, 23, 24, 25, 26, 27, 28, 29, 30, 31, 32, 33, 34, 35, 36, 37, 38, 39, 40, 41, 42, 43, 44, 45, 46, 47, 48, 49, 50, 51, 52, 53, 54, 55, 56, 57, 58, 59, 60, 61, 62, 63, 64, 65, 66, 67, 68, 69, 70, 71, 72, 73, 74, 75, 76, 77, 78, 79, 80, 81, 82, 83, 84, 85, 86, 87, 88, 89, 90, 91, 92, 93, 94, 95, 96, 97, 98, 99]
--------------Round 17--------------
48075
55990
40990
56610
49645
56305
52035
66080
57465
47115
53145
48130
45950
49200
50970
50355
62005
63095
60800
37145
41585
54115
37400
48390
54835
57275
54420
38120
49300
41575
40110
51300
52420
50925
44950
47215
48175
54130
46805
43410
56880
41720
58230
51075
44885
46430
58155
38825
51090
50460
49370
42415
41595
37300
40055
40980
47400
54785
42965
44010
43410
50735
42175
68510
49285
56555
51535
39720
53800
48860
47895
46330
51355
52745
48945
55790
68485
66810
44415
45910
59150
52470
60720
48265
54520
59030
50000
47110
37500
58340
45215
56555
49965
45265
38975
54265
43355
49960
39370
41365
unlearning time:              4.8819s
Time Cost:                    193.3379s
Hit Ratio and NDCG for top 20 recommendation!
HR@20:0.7210018214936247 and  NDCG@20:0.3428130280184109
Selected clients in this round:
[0, 1, 2, 3, 4, 5, 6, 7, 8, 9, 10, 11, 12, 13, 14, 15, 16, 17, 18, 19, 20, 21, 22, 23, 24, 25, 26, 27, 28, 29, 30, 31, 32, 33, 34, 35, 36, 37, 38, 39, 40, 41, 42, 43, 44, 45, 46, 47, 48, 49, 50, 51, 52, 53, 54, 55, 56, 57, 58, 59, 60, 61, 62, 63, 64, 65, 66, 67, 68, 69, 70, 71, 72, 73, 74, 75, 76, 77, 78, 79, 80, 81, 82, 83, 84, 85, 86, 87, 88, 89, 90, 91, 92, 93, 94, 95, 96, 97, 98, 99]
--------------Round 18--------------
48075
55990
40990
56610
49645
56305
52035
66080
57465
47115
53145
48130
45950
49200
50970
50355
62005
63095
60800
37145
41585
54115
37400
48390
54835
57275
54420
38120
49300
41575
40110
51300
52420
50925
44950
47215
48175
54130
46805
43410
56880
41720
58230
51075
44885
46430
58155
38825
51090
50460
49370
42415
41595
37300
40055
40980
47400
54785
42965
44010
43410
50735
42175
68510
49285
56555
51535
39720
53800
48860
47895
46330
51355
52745
48945
55790
68485
66810
44415
45910
59150
52470
60720
48265
54520
59030
50000
47110
37500
58340
45215
56555
49965
45265
38975
54265
43355
49960
39370
41365
unlearning time:              5.1530s
Time Cost:                    194.2687s
Hit Ratio and NDCG for top 20 recommendation!
HR@20:0.7147115968427445 and  NDCG@20:0.34327347578670975
Selected clients in this round:
[0, 1, 2, 3, 4, 5, 6, 7, 8, 9, 10, 11, 12, 13, 14, 15, 16, 17, 18, 19, 20, 21, 22, 23, 24, 25, 26, 27, 28, 29, 30, 31, 32, 33, 34, 35, 36, 37, 38, 39, 40, 41, 42, 43, 44, 45, 46, 47, 48, 49, 50, 51, 52, 53, 54, 55, 56, 57, 58, 59, 60, 61, 62, 63, 64, 65, 66, 67, 68, 69, 70, 71, 72, 73, 74, 75, 76, 77, 78, 79, 80, 81, 82, 83, 84, 85, 86, 87, 88, 89, 90, 91, 92, 93, 94, 95, 96, 97, 98, 99]
--------------Round 19--------------
48075
55990
40990
56610
49645
56305
52035
66080
57465
47115
53145
48130
45950
49200
50970
50355
62005
63095
60800
37145
41585
54115
37400
48390
54835
57275
54420
38120
49300
41575
40110
51300
52420
50925
44950
47215
48175
54130
46805
43410
56880
41720
58230
51075
44885
46430
58155
38825
51090
50460
49370
42415
41595
37300
40055
40980
47400
54785
42965
44010
43410
50735
42175
68510
49285
56555
51535
39720
53800
48860
47895
46330
51355
52745
48945
55790
68485
66810
44415
45910
59150
52470
60720
48265
54520
59030
50000
47110
37500
58340
45215
56555
49965
45265
38975
54265
43355
49960
39370
41365
unlearning time:              5.4390s
Time Cost:                    196.4182s
Hit Ratio and NDCG for top 20 recommendation!
HR@20:0.7142015786278076 and  NDCG@20:0.33954183620813444
Selected clients in this round:
[0, 1, 2, 3, 4, 5, 6, 7, 8, 9, 10, 11, 12, 13, 14, 15, 16, 17, 18, 19, 20, 21, 22, 23, 24, 25, 26, 27, 28, 29, 30, 31, 32, 33, 34, 35, 36, 37, 38, 39, 40, 41, 42, 43, 44, 45, 46, 47, 48, 49, 50, 51, 52, 53, 54, 55, 56, 57, 58, 59, 60, 61, 62, 63, 64, 65, 66, 67, 68, 69, 70, 71, 72, 73, 74, 75, 76, 77, 78, 79, 80, 81, 82, 83, 84, 85, 86, 87, 88, 89, 90, 91, 92, 93, 94, 95, 96, 97, 98, 99]
--------------Round 20--------------
48075
55990
40990
56610
49645
56305
52035
66080
57465
47115
53145
48130
45950
49200
50970
50355
62005
63095
60800
37145
41585
54115
37400
48390
54835
57275
54420
38120
49300
41575
40110
51300
52420
50925
44950
47215
48175
54130
46805
43410
56880
41720
58230
51075
44885
46430
58155
38825
51090
50460
49370
42415
41595
37300
40055
40980
47400
54785
42965
44010
43410
50735
42175
68510
49285
56555
51535
39720
53800
48860
47895
46330
51355
52745
48945
55790
68485
66810
44415
45910
59150
52470
60720
48265
54520
59030
50000
47110
37500
58340
45215
56555
49965
45265
38975
54265
43355
49960
39370
41365
unlearning time:              5.7138s
Time Cost:                    196.1211s
Hit Ratio and NDCG for top 20 recommendation!
HR@20:0.7115968427443834 and  NDCG@20:0.3462955871042849
Selected clients in this round:
[0, 1, 2, 3, 4, 5, 6, 7, 8, 9, 10, 11, 12, 13, 14, 15, 16, 17, 18, 19, 20, 21, 22, 23, 24, 25, 26, 27, 28, 29, 30, 31, 32, 33, 34, 35, 36, 37, 38, 39, 40, 41, 42, 43, 44, 45, 46, 47, 48, 49, 50, 51, 52, 53, 54, 55, 56, 57, 58, 59, 60, 61, 62, 63, 64, 65, 66, 67, 68, 69, 70, 71, 72, 73, 74, 75, 76, 77, 78, 79, 80, 81, 82, 83, 84, 85, 86, 87, 88, 89, 90, 91, 92, 93, 94, 95, 96, 97, 98, 99]
--------------Round 21--------------
48075
55990
40990
56610
49645
56305
52035
66080
57465
47115
53145
48130
45950
49200
50970
50355
62005
63095
60800
37145
41585
54115
37400
48390
54835
57275
54420
38120
49300
41575
40110
51300
52420
50925
44950
47215
48175
54130
46805
43410
56880
41720
58230
51075
44885
46430
58155
38825
51090
50460
49370
42415
41595
37300
40055
40980
47400
54785
42965
44010
43410
50735
42175
68510
49285
56555
51535
39720
53800
48860
47895
46330
51355
52745
48945
55790
68485
66810
44415
45910
59150
52470
60720
48265
54520
59030
50000
47110
37500
58340
45215
56555
49965
45265
38975
54265
43355
49960
39370
41365
unlearning time:              5.9805s
Time Cost:                    195.5674s
Hit Ratio and NDCG for top 20 recommendation!
HR@20:0.712899210686096 and  NDCG@20:0.34368044106873696
Selected clients in this round:
[0, 1, 2, 3, 4, 5, 6, 7, 8, 9, 10, 11, 12, 13, 14, 15, 16, 17, 18, 19, 20, 21, 22, 23, 24, 25, 26, 27, 28, 29, 30, 31, 32, 33, 34, 35, 36, 37, 38, 39, 40, 41, 42, 43, 44, 45, 46, 47, 48, 49, 50, 51, 52, 53, 54, 55, 56, 57, 58, 59, 60, 61, 62, 63, 64, 65, 66, 67, 68, 69, 70, 71, 72, 73, 74, 75, 76, 77, 78, 79, 80, 81, 82, 83, 84, 85, 86, 87, 88, 89, 90, 91, 92, 93, 94, 95, 96, 97, 98, 99]
--------------Round 22--------------
48075
55990
40990
56610
49645
56305
52035
66080
57465
47115
53145
48130
45950
49200
50970
50355
62005
63095
60800
37145
41585
54115
37400
48390
54835
57275
54420
38120
49300
41575
40110
51300
52420
50925
44950
47215
48175
54130
46805
43410
56880
41720
58230
51075
44885
46430
58155
38825
51090
50460
49370
42415
41595
37300
40055
40980
47400
54785
42965
44010
43410
50735
42175
68510
49285
56555
51535
39720
53800
48860
47895
46330
51355
52745
48945
55790
68485
66810
44415
45910
59150
52470
60720
48265
54520
59030
50000
47110
37500
58340
45215
56555
49965
45265
38975
54265
43355
49960
39370
41365
unlearning time:              6.2232s
Time Cost:                    196.6979s
Hit Ratio and NDCG for top 20 recommendation!
HR@20:0.7136156648451729 and  NDCG@20:0.33910102949000714
Selected clients in this round:
[0, 1, 2, 3, 4, 5, 6, 7, 8, 9, 10, 11, 12, 13, 14, 15, 16, 17, 18, 19, 20, 21, 22, 23, 24, 25, 26, 27, 28, 29, 30, 31, 32, 33, 34, 35, 36, 37, 38, 39, 40, 41, 42, 43, 44, 45, 46, 47, 48, 49, 50, 51, 52, 53, 54, 55, 56, 57, 58, 59, 60, 61, 62, 63, 64, 65, 66, 67, 68, 69, 70, 71, 72, 73, 74, 75, 76, 77, 78, 79, 80, 81, 82, 83, 84, 85, 86, 87, 88, 89, 90, 91, 92, 93, 94, 95, 96, 97, 98, 99]
--------------Round 23--------------
48075
55990
40990
56610
49645
56305
52035
66080
57465
47115
53145
48130
45950
49200
50970
50355
62005
63095
60800
37145
41585
54115
37400
48390
54835
57275
54420
38120
49300
41575
40110
51300
52420
50925
44950
47215
48175
54130
46805
43410
56880
41720
58230
51075
44885
46430
58155
38825
51090
50460
49370
42415
41595
37300
40055
40980
47400
54785
42965
44010
43410
50735
42175
68510
49285
56555
51535
39720
53800
48860
47895
46330
51355
52745
48945
55790
68485
66810
44415
45910
59150
52470
60720
48265
54520
59030
50000
47110
37500
58340
45215
56555
49965
45265
38975
54265
43355
49960
39370
41365
unlearning time:              6.5283s
Time Cost:                    196.6589s
Hit Ratio and NDCG for top 20 recommendation!
HR@20:0.709359441408622 and  NDCG@20:0.34258831316027694
Selected clients in this round:
[0, 1, 2, 3, 4, 5, 6, 7, 8, 9, 10, 11, 12, 13, 14, 15, 16, 17, 18, 19, 20, 21, 22, 23, 24, 25, 26, 27, 28, 29, 30, 31, 32, 33, 34, 35, 36, 37, 38, 39, 40, 41, 42, 43, 44, 45, 46, 47, 48, 49, 50, 51, 52, 53, 54, 55, 56, 57, 58, 59, 60, 61, 62, 63, 64, 65, 66, 67, 68, 69, 70, 71, 72, 73, 74, 75, 76, 77, 78, 79, 80, 81, 82, 83, 84, 85, 86, 87, 88, 89, 90, 91, 92, 93, 94, 95, 96, 97, 98, 99]
--------------Round 24--------------
48075
55990
40990
56610
49645
56305
52035
66080
57465
47115
53145
48130
45950
49200
50970
50355
62005
63095
60800
37145
41585
54115
37400
48390
54835
57275
54420
38120
49300
41575
40110
51300
52420
50925
44950
47215
48175
54130
46805
43410
56880
41720
58230
51075
44885
46430
58155
38825
51090
50460
49370
42415
41595
37300
40055
40980
47400
54785
42965
44010
43410
50735
42175
68510
49285
56555
51535
39720
53800
48860
47895
46330
51355
52745
48945
55790
68485
66810
44415
45910
59150
52470
60720
48265
54520
59030
50000
47110
37500
58340
45215
56555
49965
45265
38975
54265
43355
49960
39370
41365
unlearning time:              6.7871s
Time Cost:                    196.1591s
Hit Ratio and NDCG for top 20 recommendation!
HR@20:0.717282938676381 and  NDCG@20:0.34377587452246744
Selected clients in this round:
[0, 1, 2, 3, 4, 5, 6, 7, 8, 9, 10, 11, 12, 13, 14, 15, 16, 17, 18, 19, 20, 21, 22, 23, 24, 25, 26, 27, 28, 29, 30, 31, 32, 33, 34, 35, 36, 37, 38, 39, 40, 41, 42, 43, 44, 45, 46, 47, 48, 49, 50, 51, 52, 53, 54, 55, 56, 57, 58, 59, 60, 61, 62, 63, 64, 65, 66, 67, 68, 69, 70, 71, 72, 73, 74, 75, 76, 77, 78, 79, 80, 81, 82, 83, 84, 85, 86, 87, 88, 89, 90, 91, 92, 93, 94, 95, 96, 97, 98, 99]
--------------Round 25--------------
48075
55990
40990
56610
49645
56305
52035
66080
57465
47115
53145
48130
45950
49200
50970
50355
62005
63095
60800
37145
41585
54115
37400
48390
54835
57275
54420
38120
49300
41575
40110
51300
52420
50925
44950
47215
48175
54130
46805
43410
56880
41720
58230
51075
44885
46430
58155
38825
51090
50460
49370
42415
41595
37300
40055
40980
47400
54785
42965
44010
43410
50735
42175
68510
49285
56555
51535
39720
53800
48860
47895
46330
51355
52745
48945
55790
68485
66810
44415
45910
59150
52470
60720
48265
54520
59030
50000
47110
37500
58340
45215
56555
49965
45265
38975
54265
43355
49960
39370
41365
unlearning time:              7.0477s
Time Cost:                    195.4478s
Hit Ratio and NDCG for top 20 recommendation!
HR@20:0.711256830601093 and  NDCG@20:0.341412877600768
Selected clients in this round:
[0, 1, 2, 3, 4, 5, 6, 7, 8, 9, 10, 11, 12, 13, 14, 15, 16, 17, 18, 19, 20, 21, 22, 23, 24, 25, 26, 27, 28, 29, 30, 31, 32, 33, 34, 35, 36, 37, 38, 39, 40, 41, 42, 43, 44, 45, 46, 47, 48, 49, 50, 51, 52, 53, 54, 55, 56, 57, 58, 59, 60, 61, 62, 63, 64, 65, 66, 67, 68, 69, 70, 71, 72, 73, 74, 75, 76, 77, 78, 79, 80, 81, 82, 83, 84, 85, 86, 87, 88, 89, 90, 91, 92, 93, 94, 95, 96, 97, 98, 99]
--------------Round 26--------------
48075
55990
40990
56610
49645
56305
52035
66080
57465
47115
53145
48130
45950
49200
50970
50355
62005
63095
60800
37145
41585
54115
37400
48390
54835
57275
54420
38120
49300
41575
40110
51300
52420
50925
44950
47215
48175
54130
46805
43410
56880
41720
58230
51075
44885
46430
58155
38825
51090
50460
49370
42415
41595
37300
40055
40980
47400
54785
42965
44010
43410
50735
42175
68510
49285
56555
51535
39720
53800
48860
47895
46330
51355
52745
48945
55790
68485
66810
44415
45910
59150
52470
60720
48265
54520
59030
50000
47110
37500
58340
45215
56555
49965
45265
38975
54265
43355
49960
39370
41365
unlearning time:              7.3151s
Time Cost:                    193.9325s
Hit Ratio and NDCG for top 20 recommendation!
HR@20:0.7136703096539163 and  NDCG@20:0.3401159480230572
Selected clients in this round:
[0, 1, 2, 3, 4, 5, 6, 7, 8, 9, 10, 11, 12, 13, 14, 15, 16, 17, 18, 19, 20, 21, 22, 23, 24, 25, 26, 27, 28, 29, 30, 31, 32, 33, 34, 35, 36, 37, 38, 39, 40, 41, 42, 43, 44, 45, 46, 47, 48, 49, 50, 51, 52, 53, 54, 55, 56, 57, 58, 59, 60, 61, 62, 63, 64, 65, 66, 67, 68, 69, 70, 71, 72, 73, 74, 75, 76, 77, 78, 79, 80, 81, 82, 83, 84, 85, 86, 87, 88, 89, 90, 91, 92, 93, 94, 95, 96, 97, 98, 99]
--------------Round 27--------------
48075
55990
40990
56610
49645
56305
52035
66080
57465
47115
53145
48130
45950
49200
50970
50355
62005
63095
60800
37145
41585
54115
37400
48390
54835
57275
54420
38120
49300
41575
40110
51300
52420
50925
44950
47215
48175
54130
46805
43410
56880
41720
58230
51075
44885
46430
58155
38825
51090
50460
49370
42415
41595
37300
40055
40980
47400
54785
42965
44010
43410
50735
42175
68510
49285
56555
51535
39720
53800
48860
47895
46330
51355
52745
48945
55790
68485
66810
44415
45910
59150
52470
60720
48265
54520
59030
50000
47110
37500
58340
45215
56555
49965
45265
38975
54265
43355
49960
39370
41365
unlearning time:              7.5393s
Time Cost:                    195.2037s
Hit Ratio and NDCG for top 20 recommendation!
HR@20:0.7110382513661202 and  NDCG@20:0.34349311290328616
Selected clients in this round:
[0, 1, 2, 3, 4, 5, 6, 7, 8, 9, 10, 11, 12, 13, 14, 15, 16, 17, 18, 19, 20, 21, 22, 23, 24, 25, 26, 27, 28, 29, 30, 31, 32, 33, 34, 35, 36, 37, 38, 39, 40, 41, 42, 43, 44, 45, 46, 47, 48, 49, 50, 51, 52, 53, 54, 55, 56, 57, 58, 59, 60, 61, 62, 63, 64, 65, 66, 67, 68, 69, 70, 71, 72, 73, 74, 75, 76, 77, 78, 79, 80, 81, 82, 83, 84, 85, 86, 87, 88, 89, 90, 91, 92, 93, 94, 95, 96, 97, 98, 99]
--------------Round 28--------------
48075
55990
40990
56610
49645
56305
52035
66080
57465
47115
53145
48130
45950
49200
50970
50355
62005
63095
60800
37145
41585
54115
37400
48390
54835
57275
54420
38120
49300
41575
40110
51300
52420
50925
44950
47215
48175
54130
46805
43410
56880
41720
58230
51075
44885
46430
58155
38825
51090
50460
49370
42415
41595
37300
40055
40980
47400
54785
42965
44010
43410
50735
42175
68510
49285
56555
51535
39720
53800
48860
47895
46330
51355
52745
48945
55790
68485
66810
44415
45910
59150
52470
60720
48265
54520
59030
50000
47110
37500
58340
45215
56555
49965
45265
38975
54265
43355
49960
39370
41365
unlearning time:              7.8217s
Time Cost:                    195.7477s
Hit Ratio and NDCG for top 20 recommendation!
HR@20:0.7168822100789315 and  NDCG@20:0.34317958741375315
Selected clients in this round:
[0, 1, 2, 3, 4, 5, 6, 7, 8, 9, 10, 11, 12, 13, 14, 15, 16, 17, 18, 19, 20, 21, 22, 23, 24, 25, 26, 27, 28, 29, 30, 31, 32, 33, 34, 35, 36, 37, 38, 39, 40, 41, 42, 43, 44, 45, 46, 47, 48, 49, 50, 51, 52, 53, 54, 55, 56, 57, 58, 59, 60, 61, 62, 63, 64, 65, 66, 67, 68, 69, 70, 71, 72, 73, 74, 75, 76, 77, 78, 79, 80, 81, 82, 83, 84, 85, 86, 87, 88, 89, 90, 91, 92, 93, 94, 95, 96, 97, 98, 99]
--------------Round 29--------------
48075
55990
40990
56610
49645
56305
52035
66080
57465
47115
53145
48130
45950
49200
50970
50355
62005
63095
60800
37145
41585
54115
37400
48390
54835
57275
54420
38120
49300
41575
40110
51300
52420
50925
44950
47215
48175
54130
46805
43410
56880
41720
58230
51075
44885
46430
58155
38825
51090
50460
49370
42415
41595
37300
40055
40980
47400
54785
42965
44010
43410
50735
42175
68510
49285
56555
51535
39720
53800
48860
47895
46330
51355
52745
48945
55790
68485
66810
44415
45910
59150
52470
60720
48265
54520
59030
50000
47110
37500
58340
45215
56555
49965
45265
38975
54265
43355
49960
39370
41365
unlearning time:              8.0645s
Time Cost:                    195.8054s
Hit Ratio and NDCG for top 20 recommendation!
HR@20:0.7186308439587127 and  NDCG@20:0.3461245467228924
Selected clients in this round:
[0, 1, 2, 3, 4, 5, 6, 7, 8, 9, 10, 11, 12, 13, 14, 15, 16, 17, 18, 19, 20, 21, 22, 23, 24, 25, 26, 27, 28, 29, 30, 31, 32, 33, 34, 35, 36, 37, 38, 39, 40, 41, 42, 43, 44, 45, 46, 47, 48, 49, 50, 51, 52, 53, 54, 55, 56, 57, 58, 59, 60, 61, 62, 63, 64, 65, 66, 67, 68, 69, 70, 71, 72, 73, 74, 75, 76, 77, 78, 79, 80, 81, 82, 83, 84, 85, 86, 87, 88, 89, 90, 91, 92, 93, 94, 95, 96, 97, 98, 99]
--------------Round 30--------------
48075
55990
40990
56610
49645
56305
52035
66080
57465
47115
53145
48130
45950
49200
50970
50355
62005
63095
60800
37145
41585
54115
37400
48390
54835
57275
54420
38120
49300
41575
40110
51300
52420
50925
44950
47215
48175
54130
46805
43410
56880
41720
58230
51075
44885
46430
58155
38825
51090
50460
49370
42415
41595
37300
40055
40980
47400
54785
42965
44010
43410
50735
42175
68510
49285
56555
51535
39720
53800
48860
47895
46330
51355
52745
48945
55790
68485
66810
44415
45910
59150
52470
60720
48265
54520
59030
50000
47110
37500
58340
45215
56555
49965
45265
38975
54265
43355
49960
39370
41365
unlearning time:              8.3472s
Time Cost:                    196.4575s
Hit Ratio and NDCG for top 20 recommendation!
HR@20:0.7200971463266547 and  NDCG@20:0.34042735579046907
Selected clients in this round:
[0, 1, 2, 3, 4, 5, 6, 7, 8, 9, 10, 11, 12, 13, 14, 15, 16, 17, 18, 19, 20, 21, 22, 23, 24, 25, 26, 27, 28, 29, 30, 31, 32, 33, 34, 35, 36, 37, 38, 39, 40, 41, 42, 43, 44, 45, 46, 47, 48, 49, 50, 51, 52, 53, 54, 55, 56, 57, 58, 59, 60, 61, 62, 63, 64, 65, 66, 67, 68, 69, 70, 71, 72, 73, 74, 75, 76, 77, 78, 79, 80, 81, 82, 83, 84, 85, 86, 87, 88, 89, 90, 91, 92, 93, 94, 95, 96, 97, 98, 99]
--------------Round 31--------------
48075
55990
40990
56610
49645
56305
52035
66080
57465
47115
53145
48130
45950
49200
50970
50355
62005
63095
60800
37145
41585
54115
37400
48390
54835
57275
54420
38120
49300
41575
40110
51300
52420
50925
44950
47215
48175
54130
46805
43410
56880
41720
58230
51075
44885
46430
58155
38825
51090
50460
49370
42415
41595
37300
40055
40980
47400
54785
42965
44010
43410
50735
42175
68510
49285
56555
51535
39720
53800
48860
47895
46330
51355
52745
48945
55790
68485
66810
44415
45910
59150
52470
60720
48265
54520
59030
50000
47110
37500
58340
45215
56555
49965
45265
38975
54265
43355
49960
39370
41365
unlearning time:              8.6280s
Time Cost:                    195.7579s
Hit Ratio and NDCG for top 20 recommendation!
HR@20:0.7169398907103821 and  NDCG@20:0.34393258786698205
Selected clients in this round:
[0, 1, 2, 3, 4, 5, 6, 7, 8, 9, 10, 11, 12, 13, 14, 15, 16, 17, 18, 19, 20, 21, 22, 23, 24, 25, 26, 27, 28, 29, 30, 31, 32, 33, 34, 35, 36, 37, 38, 39, 40, 41, 42, 43, 44, 45, 46, 47, 48, 49, 50, 51, 52, 53, 54, 55, 56, 57, 58, 59, 60, 61, 62, 63, 64, 65, 66, 67, 68, 69, 70, 71, 72, 73, 74, 75, 76, 77, 78, 79, 80, 81, 82, 83, 84, 85, 86, 87, 88, 89, 90, 91, 92, 93, 94, 95, 96, 97, 98, 99]
--------------Round 32--------------
48075
55990
40990
56610
49645
56305
52035
66080
57465
47115
53145
48130
45950
49200
50970
50355
62005
63095
60800
37145
41585
54115
37400
48390
54835
57275
54420
38120
49300
41575
40110
51300
52420
50925
44950
47215
48175
54130
46805
43410
56880
41720
58230
51075
44885
46430
58155
38825
51090
50460
49370
42415
41595
37300
40055
40980
47400
54785
42965
44010
43410
50735
42175
68510
49285
56555
51535
39720
53800
48860
47895
46330
51355
52745
48945
55790
68485
66810
44415
45910
59150
52470
60720
48265
54520
59030
50000
47110
37500
58340
45215
56555
49965
45265
38975
54265
43355
49960
39370
41365
unlearning time:              8.8922s
Time Cost:                    196.2576s
Hit Ratio and NDCG for top 20 recommendation!
HR@20:0.7202367941712201 and  NDCG@20:0.34445255949536746
Selected clients in this round:
[0, 1, 2, 3, 4, 5, 6, 7, 8, 9, 10, 11, 12, 13, 14, 15, 16, 17, 18, 19, 20, 21, 22, 23, 24, 25, 26, 27, 28, 29, 30, 31, 32, 33, 34, 35, 36, 37, 38, 39, 40, 41, 42, 43, 44, 45, 46, 47, 48, 49, 50, 51, 52, 53, 54, 55, 56, 57, 58, 59, 60, 61, 62, 63, 64, 65, 66, 67, 68, 69, 70, 71, 72, 73, 74, 75, 76, 77, 78, 79, 80, 81, 82, 83, 84, 85, 86, 87, 88, 89, 90, 91, 92, 93, 94, 95, 96, 97, 98, 99]
--------------Round 33--------------
48075
55990
40990
56610
49645
56305
52035
66080
57465
47115
53145
48130
45950
49200
50970
50355
62005
63095
60800
37145
41585
54115
37400
48390
54835
57275
54420
38120
49300
41575
40110
51300
52420
50925
44950
47215
48175
54130
46805
43410
56880
41720
58230
51075
44885
46430
58155
38825
51090
50460
49370
42415
41595
37300
40055
40980
47400
54785
42965
44010
43410
50735
42175
68510
49285
56555
51535
39720
53800
48860
47895
46330
51355
52745
48945
55790
68485
66810
44415
45910
59150
52470
60720
48265
54520
59030
50000
47110
37500
58340
45215
56555
49965
45265
38975
54265
43355
49960
39370
41365
unlearning time:              9.1514s
Time Cost:                    198.3886s
Hit Ratio and NDCG for top 20 recommendation!
HR@20:0.7245142683667273 and  NDCG@20:0.3474170883428938
Selected clients in this round:
[0, 1, 2, 3, 4, 5, 6, 7, 8, 9, 10, 11, 12, 13, 14, 15, 16, 17, 18, 19, 20, 21, 22, 23, 24, 25, 26, 27, 28, 29, 30, 31, 32, 33, 34, 35, 36, 37, 38, 39, 40, 41, 42, 43, 44, 45, 46, 47, 48, 49, 50, 51, 52, 53, 54, 55, 56, 57, 58, 59, 60, 61, 62, 63, 64, 65, 66, 67, 68, 69, 70, 71, 72, 73, 74, 75, 76, 77, 78, 79, 80, 81, 82, 83, 84, 85, 86, 87, 88, 89, 90, 91, 92, 93, 94, 95, 96, 97, 98, 99]
--------------Round 34--------------
48075
55990
40990
56610
49645
56305
52035
66080
57465
47115
53145
48130
45950
49200
50970
50355
62005
63095
60800
37145
41585
54115
37400
48390
54835
57275
54420
38120
49300
41575
40110
51300
52420
50925
44950
47215
48175
54130
46805
43410
56880
41720
58230
51075
44885
46430
58155
38825
51090
50460
49370
42415
41595
37300
40055
40980
47400
54785
42965
44010
43410
50735
42175
68510
49285
56555
51535
39720
53800
48860
47895
46330
51355
52745
48945
55790
68485
66810
44415
45910
59150
52470
60720
48265
54520
59030
50000
47110
37500
58340
45215
56555
49965
45265
38975
54265
43355
49960
39370
41365
unlearning time:              9.4595s
Time Cost:                    198.4506s
Hit Ratio and NDCG for top 20 recommendation!
HR@20:0.7141742562234367 and  NDCG@20:0.3441557377874914
Selected clients in this round:
[0, 1, 2, 3, 4, 5, 6, 7, 8, 9, 10, 11, 12, 13, 14, 15, 16, 17, 18, 19, 20, 21, 22, 23, 24, 25, 26, 27, 28, 29, 30, 31, 32, 33, 34, 35, 36, 37, 38, 39, 40, 41, 42, 43, 44, 45, 46, 47, 48, 49, 50, 51, 52, 53, 54, 55, 56, 57, 58, 59, 60, 61, 62, 63, 64, 65, 66, 67, 68, 69, 70, 71, 72, 73, 74, 75, 76, 77, 78, 79, 80, 81, 82, 83, 84, 85, 86, 87, 88, 89, 90, 91, 92, 93, 94, 95, 96, 97, 98, 99]
--------------Round 35--------------
48075
55990
40990
56610
49645
56305
52035
66080
57465
47115
53145
48130
45950
49200
50970
50355
62005
63095
60800
37145
41585
54115
37400
48390
54835
57275
54420
38120
49300
41575
40110
51300
52420
50925
44950
47215
48175
54130
46805
43410
56880
41720
58230
51075
44885
46430
58155
38825
51090
50460
49370
42415
41595
37300
40055
40980
47400
54785
42965
44010
43410
50735
42175
68510
49285
56555
51535
39720
53800
48860
47895
46330
51355
52745
48945
55790
68485
66810
44415
45910
59150
52470
60720
48265
54520
59030
50000
47110
37500
58340
45215
56555
49965
45265
38975
54265
43355
49960
39370
41365
unlearning time:              9.7006s
Save   35
Time Cost:                    298.9653s
Hit Ratio and NDCG for top 20 recommendation!
HR@20:0.7204401942926533 and  NDCG@20:0.3438959709628748
Selected clients in this round:
[0, 1, 2, 3, 4, 5, 6, 7, 8, 9, 10, 11, 12, 13, 14, 15, 16, 17, 18, 19, 20, 21, 22, 23, 24, 25, 26, 27, 28, 29, 30, 31, 32, 33, 34, 35, 36, 37, 38, 39, 40, 41, 42, 43, 44, 45, 46, 47, 48, 49, 50, 51, 52, 53, 54, 55, 56, 57, 58, 59, 60, 61, 62, 63, 64, 65, 66, 67, 68, 69, 70, 71, 72, 73, 74, 75, 76, 77, 78, 79, 80, 81, 82, 83, 84, 85, 86, 87, 88, 89, 90, 91, 92, 93, 94, 95, 96, 97, 98, 99]
--------------Round 36--------------
48075
55990
40990
56610
49645
56305
52035
66080
57465
47115
53145
48130
45950
49200
50970
50355
62005
63095
60800
37145
41585
54115
37400
48390
54835
57275
54420
38120
49300
41575
40110
51300
52420
50925
44950
47215
48175
54130
46805
43410
56880
41720
58230
51075
44885
46430
58155
38825
51090
50460
49370
42415
41595
37300
40055
40980
47400
54785
42965
44010
43410
50735
42175
68510
49285
56555
51535
39720
53800
48860
47895
46330
51355
52745
48945
55790
68485
66810
44415
45910
59150
52470
60720
48265
54520
59030
50000
47110
37500
58340
45215
56555
49965
45265
38975
54265
43355
49960
39370
41365
unlearning time:              9.9757s
Save   36
Time Cost:                    301.2174s
Hit Ratio and NDCG for top 20 recommendation!
HR@20:0.7196933819064967 and  NDCG@20:0.34492531811074617
Selected clients in this round:
[0, 1, 2, 3, 4, 5, 6, 7, 8, 9, 10, 11, 12, 13, 14, 15, 16, 17, 18, 19, 20, 21, 22, 23, 24, 25, 26, 27, 28, 29, 30, 31, 32, 33, 34, 35, 36, 37, 38, 39, 40, 41, 42, 43, 44, 45, 46, 47, 48, 49, 50, 51, 52, 53, 54, 55, 56, 57, 58, 59, 60, 61, 62, 63, 64, 65, 66, 67, 68, 69, 70, 71, 72, 73, 74, 75, 76, 77, 78, 79, 80, 81, 82, 83, 84, 85, 86, 87, 88, 89, 90, 91, 92, 93, 94, 95, 96, 97, 98, 99]
--------------Round 37--------------
48075
55990
40990
56610
49645
56305
52035
66080
57465
47115
53145
48130
45950
49200
50970
50355
62005
63095
60800
37145
41585
54115
37400
48390
54835
57275
54420
38120
49300
41575
40110
51300
52420
50925
44950
47215
48175
54130
46805
43410
56880
41720
58230
51075
44885
46430
58155
38825
51090
50460
49370
42415
41595
37300
40055
40980
47400
54785
42965
44010
43410
50735
42175
68510
49285
56555
51535
39720
53800
48860
47895
46330
51355
52745
48945
55790
68485
66810
44415
45910
59150
52470
60720
48265
54520
59030
50000
47110
37500
58340
45215
56555
49965
45265
38975
54265
43355
49960
39370
41365
unlearning time:              10.2516s
Save   37
Time Cost:                    300.8926s
Hit Ratio and NDCG for top 20 recommendation!
HR@20:0.7141833636915602 and  NDCG@20:0.3447342703684432
Selected clients in this round:
[0, 1, 2, 3, 4, 5, 6, 7, 8, 9, 10, 11, 12, 13, 14, 15, 16, 17, 18, 19, 20, 21, 22, 23, 24, 25, 26, 27, 28, 29, 30, 31, 32, 33, 34, 35, 36, 37, 38, 39, 40, 41, 42, 43, 44, 45, 46, 47, 48, 49, 50, 51, 52, 53, 54, 55, 56, 57, 58, 59, 60, 61, 62, 63, 64, 65, 66, 67, 68, 69, 70, 71, 72, 73, 74, 75, 76, 77, 78, 79, 80, 81, 82, 83, 84, 85, 86, 87, 88, 89, 90, 91, 92, 93, 94, 95, 96, 97, 98, 99]
--------------Round 38--------------
48075
55990
40990
56610
49645
56305
52035
66080
57465
47115
53145
48130
45950
49200
50970
50355
62005
63095
60800
37145
41585
54115
37400
48390
54835
57275
54420
38120
49300
41575
40110
51300
52420
50925
44950
47215
48175
54130
46805
43410
56880
41720
58230
51075
44885
46430
58155
38825
51090
50460
49370
42415
41595
37300
40055
40980
47400
54785
42965
44010
43410
50735
42175
68510
49285
56555
51535
39720
53800
48860
47895
46330
51355
52745
48945
55790
68485
66810
44415
45910
59150
52470
60720
48265
54520
59030
50000
47110
37500
58340
45215
56555
49965
45265
38975
54265
43355
49960
39370
41365
unlearning time:              10.5176s
Save   38
Time Cost:                    300.1869s
Hit Ratio and NDCG for top 20 recommendation!
HR@20:0.7186217364905889 and  NDCG@20:0.34220344003973463
Selected clients in this round:
[0, 1, 2, 3, 4, 5, 6, 7, 8, 9, 10, 11, 12, 13, 14, 15, 16, 17, 18, 19, 20, 21, 22, 23, 24, 25, 26, 27, 28, 29, 30, 31, 32, 33, 34, 35, 36, 37, 38, 39, 40, 41, 42, 43, 44, 45, 46, 47, 48, 49, 50, 51, 52, 53, 54, 55, 56, 57, 58, 59, 60, 61, 62, 63, 64, 65, 66, 67, 68, 69, 70, 71, 72, 73, 74, 75, 76, 77, 78, 79, 80, 81, 82, 83, 84, 85, 86, 87, 88, 89, 90, 91, 92, 93, 94, 95, 96, 97, 98, 99]
--------------Round 39--------------
48075
55990
40990
56610
49645
56305
52035
66080
57465
47115
53145
48130
45950
49200
50970
50355
62005
63095
60800
37145
41585
54115
37400
48390
54835
57275
54420
38120
49300
41575
40110
51300
52420
50925
44950
47215
48175
54130
46805
43410
56880
41720
58230
51075
44885
46430
58155
38825
51090
50460
49370
42415
41595
37300
40055
40980
47400
54785
42965
44010
43410
50735
42175
68510
49285
56555
51535
39720
53800
48860
47895
46330
51355
52745
48945
55790
68485
66810
44415
45910
59150
52470
60720
48265
54520
59030
50000
47110
37500
58340
45215
56555
49965
45265
38975
54265
43355
49960
39370
41365
unlearning time:              10.7747s
Save   39
Time Cost:                    301.8695s
Hit Ratio and NDCG for top 20 recommendation!
HR@20:0.7145233758348511 and  NDCG@20:0.34031183998009823
Selected clients in this round:
[0, 1, 2, 3, 4, 5, 6, 7, 8, 9, 10, 11, 12, 13, 14, 15, 16, 17, 18, 19, 20, 21, 22, 23, 24, 25, 26, 27, 28, 29, 30, 31, 32, 33, 34, 35, 36, 37, 38, 39, 40, 41, 42, 43, 44, 45, 46, 47, 48, 49, 50, 51, 52, 53, 54, 55, 56, 57, 58, 59, 60, 61, 62, 63, 64, 65, 66, 67, 68, 69, 70, 71, 72, 73, 74, 75, 76, 77, 78, 79, 80, 81, 82, 83, 84, 85, 86, 87, 88, 89, 90, 91, 92, 93, 94, 95, 96, 97, 98, 99]
--------------Round 40--------------
48075
55990
40990
56610
49645
56305
52035
66080
57465
47115
53145
48130
45950
49200
50970
50355
62005
63095
60800
37145
41585
54115
37400
48390
54835
57275
54420
38120
49300
41575
40110
51300
52420
50925
44950
47215
48175
54130
46805
43410
56880
41720
58230
51075
44885
46430
58155
38825
51090
50460
49370
42415
41595
37300
40055
40980
47400
54785
42965
44010
43410
50735
42175
68510
49285
56555
51535
39720
53800
48860
47895
46330
51355
52745
48945
55790
68485
66810
44415
45910
59150
52470
60720
48265
54520
59030
50000
47110
37500
58340
45215
56555
49965
45265
38975
54265
43355
49960
39370
41365
unlearning time:              11.0746s
Save   40
Time Cost:                    300.9031s
Hit Ratio and NDCG for top 20 recommendation!
HR@20:0.7139799635701274 and  NDCG@20:0.3401891935650811
Selected clients in this round:
[0, 1, 2, 3, 4, 5, 6, 7, 8, 9, 10, 11, 12, 13, 14, 15, 16, 17, 18, 19, 20, 21, 22, 23, 24, 25, 26, 27, 28, 29, 30, 31, 32, 33, 34, 35, 36, 37, 38, 39, 40, 41, 42, 43, 44, 45, 46, 47, 48, 49, 50, 51, 52, 53, 54, 55, 56, 57, 58, 59, 60, 61, 62, 63, 64, 65, 66, 67, 68, 69, 70, 71, 72, 73, 74, 75, 76, 77, 78, 79, 80, 81, 82, 83, 84, 85, 86, 87, 88, 89, 90, 91, 92, 93, 94, 95, 96, 97, 98, 99]
=================End==================
Total Time Cost:              10511.5786s
[]
init fedtask...done
target_item = 2248 | atk_method = targetPromo
init clients...MAX POS IDX: 1003
MAX POS IDX: 741
MAX POS IDX: 781
MAX POS IDX: 710
MAX POS IDX: 660
MAX POS IDX: 1285
MAX POS IDX: 1210
MAX POS IDX: 1015
MAX POS IDX: 1301
MAX POS IDX: 773
MAX POS IDX: 665
MAX POS IDX: 1008
MAX POS IDX: 507
MAX POS IDX: 824
MAX POS IDX: 884
MAX POS IDX: 999
MAX POS IDX: 1322
MAX POS IDX: 607
MAX POS IDX: 821
MAX POS IDX: 981
MAX POS IDX: 553
MAX POS IDX: 1215
MAX POS IDX: 1049
MAX POS IDX: 1742
MAX POS IDX: 1077
MAX POS IDX: 1257
MAX POS IDX: 1270
MAX POS IDX: 1221
MAX POS IDX: 525
MAX POS IDX: 864
MAX POS IDX: 818
MAX POS IDX: 623
MAX POS IDX: 1849
MAX POS IDX: 1151
MAX POS IDX: 804
MAX POS IDX: 843
MAX POS IDX: 1168
MAX POS IDX: 400
MAX POS IDX: 1175
MAX POS IDX: 841
MAX POS IDX: 908
MAX POS IDX: 794
MAX POS IDX: 922
MAX POS IDX: 549
MAX POS IDX: 670
MAX POS IDX: 1215
MAX POS IDX: 836
MAX POS IDX: 887
MAX POS IDX: 913
MAX POS IDX: 788
MAX POS IDX: 963
MAX POS IDX: 892
MAX POS IDX: 609
MAX POS IDX: 793
MAX POS IDX: 1225
MAX POS IDX: 1239
MAX POS IDX: 821
MAX POS IDX: 466
MAX POS IDX: 1114
MAX POS IDX: 914
MAX POS IDX: 719
MAX POS IDX: 902
MAX POS IDX: 1259
MAX POS IDX: 639
MAX POS IDX: 857
MAX POS IDX: 2313
MAX POS IDX: 836
MAX POS IDX: 1594
MAX POS IDX: 838
MAX POS IDX: 881
MAX POS IDX: 1018
MAX POS IDX: 824
MAX POS IDX: 1037
MAX POS IDX: 684
MAX POS IDX: 1219
MAX POS IDX: 728
MAX POS IDX: 1017
MAX POS IDX: 683
MAX POS IDX: 527
MAX POS IDX: 1242
MAX POS IDX: 677
MAX POS IDX: 970
MAX POS IDX: 1517
MAX POS IDX: 851
MAX POS IDX: 605
MAX POS IDX: 783
MAX POS IDX: 458
MAX POS IDX: 742
MAX POS IDX: 1157
MAX POS IDX: 835
init server...fedtasksave/movielens1m_cnum100_dist0_skew0_seed0/CFRU_NCF_Mu8_R40_P1.00_alpha0.5_seed0_targetPromo/record
done
--------------Round 0--------------
53145
48130
45950
49200
50970
50355
62005
63095
60800
37145
41585
54115
37400
48390
54835
57275
54420
38120
49300
41575
40110
51300
52420
50925
44950
47215
48175
54130
46805
43410
56880
41720
58230
51075
44885
46430
58155
38825
51090
50460
49370
42415
41595
37300
40055
40980
47400
54785
42965
44010
43410
50735
42175
68510
49285
56555
51535
39720
53800
48860
47895
46330
51355
52745
48945
55790
68485
66810
44415
45910
59150
52470
60720
48265
54520
59030
50000
47110
37500
58340
45215
56555
49965
45265
38975
54265
43355
49960
39370
41365
unlearning time:              0.3037s
Time Cost:                    158.3230s
Hit Ratio and NDCG for top 20 recommendation!
HR@20:0.6092319368548875 and  NDCG@20:0.2787559239710961
Selected clients in this round:
[0, 1, 2, 3, 4, 5, 6, 7, 8, 9, 10, 11, 12, 13, 14, 15, 16, 17, 18, 19, 20, 21, 22, 23, 24, 25, 26, 27, 28, 29, 30, 31, 32, 33, 34, 35, 36, 37, 38, 39, 40, 41, 42, 43, 44, 45, 46, 47, 48, 49, 50, 51, 52, 53, 54, 55, 56, 57, 58, 59, 60, 61, 62, 63, 64, 65, 66, 67, 68, 69, 70, 71, 72, 73, 74, 75, 76, 77, 78, 79, 80, 81, 82, 83, 84, 85, 86, 87, 88, 89]
--------------Round 1--------------
53145
48130
45950
49200
50970
50355
62005
63095
60800
37145
41585
54115
37400
48390
54835
57275
54420
38120
49300
41575
40110
51300
52420
50925
44950
47215
48175
54130
46805
43410
56880
41720
58230
51075
44885
46430
58155
38825
51090
50460
49370
42415
41595
37300
40055
40980
47400
54785
42965
44010
43410
50735
42175
68510
49285
56555
51535
39720
53800
48860
47895
46330
51355
52745
48945
55790
68485
66810
44415
45910
59150
52470
60720
48265
54520
59030
50000
47110
37500
58340
45215
56555
49965
45265
38975
54265
43355
49960
39370
41365
unlearning time:              0.5688s
Time Cost:                    156.1512s
Hit Ratio and NDCG for top 20 recommendation!
HR@20:0.6216848816029142 and  NDCG@20:0.28815200178881456
Selected clients in this round:
[0, 1, 2, 3, 4, 5, 6, 7, 8, 9, 10, 11, 12, 13, 14, 15, 16, 17, 18, 19, 20, 21, 22, 23, 24, 25, 26, 27, 28, 29, 30, 31, 32, 33, 34, 35, 36, 37, 38, 39, 40, 41, 42, 43, 44, 45, 46, 47, 48, 49, 50, 51, 52, 53, 54, 55, 56, 57, 58, 59, 60, 61, 62, 63, 64, 65, 66, 67, 68, 69, 70, 71, 72, 73, 74, 75, 76, 77, 78, 79, 80, 81, 82, 83, 84, 85, 86, 87, 88, 89]
--------------Round 2--------------
53145
48130
45950
49200
50970
50355
62005
63095
60800
37145
41585
54115
37400
48390
54835
57275
54420
38120
49300
41575
40110
51300
52420
50925
44950
47215
48175
54130
46805
43410
56880
41720
58230
51075
44885
46430
58155
38825
51090
50460
49370
42415
41595
37300
40055
40980
47400
54785
42965
44010
43410
50735
42175
68510
49285
56555
51535
39720
53800
48860
47895
46330
51355
52745
48945
55790
68485
66810
44415
45910
59150
52470
60720
48265
54520
59030
50000
47110
37500
58340
45215
56555
49965
45265
38975
54265
43355
49960
39370
41365
unlearning time:              0.8394s
Time Cost:                    156.7586s
Hit Ratio and NDCG for top 20 recommendation!
HR@20:0.6395598057073465 and  NDCG@20:0.29770573131103595
Selected clients in this round:
[0, 1, 2, 3, 4, 5, 6, 7, 8, 9, 10, 11, 12, 13, 14, 15, 16, 17, 18, 19, 20, 21, 22, 23, 24, 25, 26, 27, 28, 29, 30, 31, 32, 33, 34, 35, 36, 37, 38, 39, 40, 41, 42, 43, 44, 45, 46, 47, 48, 49, 50, 51, 52, 53, 54, 55, 56, 57, 58, 59, 60, 61, 62, 63, 64, 65, 66, 67, 68, 69, 70, 71, 72, 73, 74, 75, 76, 77, 78, 79, 80, 81, 82, 83, 84, 85, 86, 87, 88, 89]
--------------Round 3--------------
53145
48130
45950
49200
50970
50355
62005
63095
60800
37145
41585
54115
37400
48390
54835
57275
54420
38120
49300
41575
40110
51300
52420
50925
44950
47215
48175
54130
46805
43410
56880
41720
58230
51075
44885
46430
58155
38825
51090
50460
49370
42415
41595
37300
40055
40980
47400
54785
42965
44010
43410
50735
42175
68510
49285
56555
51535
39720
53800
48860
47895
46330
51355
52745
48945
55790
68485
66810
44415
45910
59150
52470
60720
48265
54520
59030
50000
47110
37500
58340
45215
56555
49965
45265
38975
54265
43355
49960
39370
41365
unlearning time:              1.1175s
Time Cost:                    156.6487s
Hit Ratio and NDCG for top 20 recommendation!
HR@20:0.6681754705525199 and  NDCG@20:0.3081643828317693
Selected clients in this round:
[0, 1, 2, 3, 4, 5, 6, 7, 8, 9, 10, 11, 12, 13, 14, 15, 16, 17, 18, 19, 20, 21, 22, 23, 24, 25, 26, 27, 28, 29, 30, 31, 32, 33, 34, 35, 36, 37, 38, 39, 40, 41, 42, 43, 44, 45, 46, 47, 48, 49, 50, 51, 52, 53, 54, 55, 56, 57, 58, 59, 60, 61, 62, 63, 64, 65, 66, 67, 68, 69, 70, 71, 72, 73, 74, 75, 76, 77, 78, 79, 80, 81, 82, 83, 84, 85, 86, 87, 88, 89]
--------------Round 4--------------
53145
48130
45950
49200
50970
50355
62005
63095
60800
37145
41585
54115
37400
48390
54835
57275
54420
38120
49300
41575
40110
51300
52420
50925
44950
47215
48175
54130
46805
43410
56880
41720
58230
51075
44885
46430
58155
38825
51090
50460
49370
42415
41595
37300
40055
40980
47400
54785
42965
44010
43410
50735
42175
68510
49285
56555
51535
39720
53800
48860
47895
46330
51355
52745
48945
55790
68485
66810
44415
45910
59150
52470
60720
48265
54520
59030
50000
47110
37500
58340
45215
56555
49965
45265
38975
54265
43355
49960
39370
41365
unlearning time:              1.3753s
Time Cost:                    157.9249s
Hit Ratio and NDCG for top 20 recommendation!
HR@20:0.679143897996357 and  NDCG@20:0.3144978153752754
Selected clients in this round:
[0, 1, 2, 3, 4, 5, 6, 7, 8, 9, 10, 11, 12, 13, 14, 15, 16, 17, 18, 19, 20, 21, 22, 23, 24, 25, 26, 27, 28, 29, 30, 31, 32, 33, 34, 35, 36, 37, 38, 39, 40, 41, 42, 43, 44, 45, 46, 47, 48, 49, 50, 51, 52, 53, 54, 55, 56, 57, 58, 59, 60, 61, 62, 63, 64, 65, 66, 67, 68, 69, 70, 71, 72, 73, 74, 75, 76, 77, 78, 79, 80, 81, 82, 83, 84, 85, 86, 87, 88, 89]
--------------Round 5--------------
53145
48130
45950
49200
50970
50355
62005
63095
60800
37145
41585
54115
37400
48390
54835
57275
54420
38120
49300
41575
40110
51300
52420
50925
44950
47215
48175
54130
46805
43410
56880
41720
58230
51075
44885
46430
58155
38825
51090
50460
49370
42415
41595
37300
40055
40980
47400
54785
42965
44010
43410
50735
42175
68510
49285
56555
51535
39720
53800
48860
47895
46330
51355
52745
48945
55790
68485
66810
44415
45910
59150
52470
60720
48265
54520
59030
50000
47110
37500
58340
45215
56555
49965
45265
38975
54265
43355
49960
39370
41365
unlearning time:              1.6484s
Time Cost:                    157.9373s
Hit Ratio and NDCG for top 20 recommendation!
HR@20:0.688697632058288 and  NDCG@20:0.3204783435770031
Selected clients in this round:
[0, 1, 2, 3, 4, 5, 6, 7, 8, 9, 10, 11, 12, 13, 14, 15, 16, 17, 18, 19, 20, 21, 22, 23, 24, 25, 26, 27, 28, 29, 30, 31, 32, 33, 34, 35, 36, 37, 38, 39, 40, 41, 42, 43, 44, 45, 46, 47, 48, 49, 50, 51, 52, 53, 54, 55, 56, 57, 58, 59, 60, 61, 62, 63, 64, 65, 66, 67, 68, 69, 70, 71, 72, 73, 74, 75, 76, 77, 78, 79, 80, 81, 82, 83, 84, 85, 86, 87, 88, 89]
--------------Round 6--------------
53145
48130
45950
49200
50970
50355
62005
63095
60800
37145
41585
54115
37400
48390
54835
57275
54420
38120
49300
41575
40110
51300
52420
50925
44950
47215
48175
54130
46805
43410
56880
41720
58230
51075
44885
46430
58155
38825
51090
50460
49370
42415
41595
37300
40055
40980
47400
54785
42965
44010
43410
50735
42175
68510
49285
56555
51535
39720
53800
48860
47895
46330
51355
52745
48945
55790
68485
66810
44415
45910
59150
52470
60720
48265
54520
59030
50000
47110
37500
58340
45215
56555
49965
45265
38975
54265
43355
49960
39370
41365
unlearning time:              1.9128s
Time Cost:                    158.9641s
Hit Ratio and NDCG for top 20 recommendation!
HR@20:0.7021797207043105 and  NDCG@20:0.32775448514730254
Selected clients in this round:
[0, 1, 2, 3, 4, 5, 6, 7, 8, 9, 10, 11, 12, 13, 14, 15, 16, 17, 18, 19, 20, 21, 22, 23, 24, 25, 26, 27, 28, 29, 30, 31, 32, 33, 34, 35, 36, 37, 38, 39, 40, 41, 42, 43, 44, 45, 46, 47, 48, 49, 50, 51, 52, 53, 54, 55, 56, 57, 58, 59, 60, 61, 62, 63, 64, 65, 66, 67, 68, 69, 70, 71, 72, 73, 74, 75, 76, 77, 78, 79, 80, 81, 82, 83, 84, 85, 86, 87, 88, 89]
--------------Round 7--------------
53145
48130
45950
49200
50970
50355
62005
63095
60800
37145
41585
54115
37400
48390
54835
57275
54420
38120
49300
41575
40110
51300
52420
50925
44950
47215
48175
54130
46805
43410
56880
41720
58230
51075
44885
46430
58155
38825
51090
50460
49370
42415
41595
37300
40055
40980
47400
54785
42965
44010
43410
50735
42175
68510
49285
56555
51535
39720
53800
48860
47895
46330
51355
52745
48945
55790
68485
66810
44415
45910
59150
52470
60720
48265
54520
59030
50000
47110
37500
58340
45215
56555
49965
45265
38975
54265
43355
49960
39370
41365
unlearning time:              2.1859s
Time Cost:                    159.0327s
Hit Ratio and NDCG for top 20 recommendation!
HR@20:0.7066545233758348 and  NDCG@20:0.3355368877559783
Selected clients in this round:
[0, 1, 2, 3, 4, 5, 6, 7, 8, 9, 10, 11, 12, 13, 14, 15, 16, 17, 18, 19, 20, 21, 22, 23, 24, 25, 26, 27, 28, 29, 30, 31, 32, 33, 34, 35, 36, 37, 38, 39, 40, 41, 42, 43, 44, 45, 46, 47, 48, 49, 50, 51, 52, 53, 54, 55, 56, 57, 58, 59, 60, 61, 62, 63, 64, 65, 66, 67, 68, 69, 70, 71, 72, 73, 74, 75, 76, 77, 78, 79, 80, 81, 82, 83, 84, 85, 86, 87, 88, 89]
--------------Round 8--------------
53145
48130
45950
49200
50970
50355
62005
63095
60800
37145
41585
54115
37400
48390
54835
57275
54420
38120
49300
41575
40110
51300
52420
50925
44950
47215
48175
54130
46805
43410
56880
41720
58230
51075
44885
46430
58155
38825
51090
50460
49370
42415
41595
37300
40055
40980
47400
54785
42965
44010
43410
50735
42175
68510
49285
56555
51535
39720
53800
48860
47895
46330
51355
52745
48945
55790
68485
66810
44415
45910
59150
52470
60720
48265
54520
59030
50000
47110
37500
58340
45215
56555
49965
45265
38975
54265
43355
49960
39370
41365
unlearning time:              2.4576s
Time Cost:                    159.8256s
Hit Ratio and NDCG for top 20 recommendation!
HR@20:0.7118123861566485 and  NDCG@20:0.33215236818543226
Selected clients in this round:
[0, 1, 2, 3, 4, 5, 6, 7, 8, 9, 10, 11, 12, 13, 14, 15, 16, 17, 18, 19, 20, 21, 22, 23, 24, 25, 26, 27, 28, 29, 30, 31, 32, 33, 34, 35, 36, 37, 38, 39, 40, 41, 42, 43, 44, 45, 46, 47, 48, 49, 50, 51, 52, 53, 54, 55, 56, 57, 58, 59, 60, 61, 62, 63, 64, 65, 66, 67, 68, 69, 70, 71, 72, 73, 74, 75, 76, 77, 78, 79, 80, 81, 82, 83, 84, 85, 86, 87, 88, 89]
--------------Round 9--------------
53145
48130
45950
49200
50970
50355
62005
63095
60800
37145
41585
54115
37400
48390
54835
57275
54420
38120
49300
41575
40110
51300
52420
50925
44950
47215
48175
54130
46805
43410
56880
41720
58230
51075
44885
46430
58155
38825
51090
50460
49370
42415
41595
37300
40055
40980
47400
54785
42965
44010
43410
50735
42175
68510
49285
56555
51535
39720
53800
48860
47895
46330
51355
52745
48945
55790
68485
66810
44415
45910
59150
52470
60720
48265
54520
59030
50000
47110
37500
58340
45215
56555
49965
45265
38975
54265
43355
49960
39370
41365
unlearning time:              2.7285s
Time Cost:                    160.1464s
Hit Ratio and NDCG for top 20 recommendation!
HR@20:0.7123800850030357 and  NDCG@20:0.33763553560766413
Selected clients in this round:
[0, 1, 2, 3, 4, 5, 6, 7, 8, 9, 10, 11, 12, 13, 14, 15, 16, 17, 18, 19, 20, 21, 22, 23, 24, 25, 26, 27, 28, 29, 30, 31, 32, 33, 34, 35, 36, 37, 38, 39, 40, 41, 42, 43, 44, 45, 46, 47, 48, 49, 50, 51, 52, 53, 54, 55, 56, 57, 58, 59, 60, 61, 62, 63, 64, 65, 66, 67, 68, 69, 70, 71, 72, 73, 74, 75, 76, 77, 78, 79, 80, 81, 82, 83, 84, 85, 86, 87, 88, 89]
--------------Round 10--------------
53145
48130
45950
49200
50970
50355
62005
63095
60800
37145
41585
54115
37400
48390
54835
57275
54420
38120
49300
41575
40110
51300
52420
50925
44950
47215
48175
54130
46805
43410
56880
41720
58230
51075
44885
46430
58155
38825
51090
50460
49370
42415
41595
37300
40055
40980
47400
54785
42965
44010
43410
50735
42175
68510
49285
56555
51535
39720
53800
48860
47895
46330
51355
52745
48945
55790
68485
66810
44415
45910
59150
52470
60720
48265
54520
59030
50000
47110
37500
58340
45215
56555
49965
45265
38975
54265
43355
49960
39370
41365
unlearning time:              2.9954s
Time Cost:                    160.7374s
Hit Ratio and NDCG for top 20 recommendation!
HR@20:0.7035640558591376 and  NDCG@20:0.33304979077420305
Selected clients in this round:
[0, 1, 2, 3, 4, 5, 6, 7, 8, 9, 10, 11, 12, 13, 14, 15, 16, 17, 18, 19, 20, 21, 22, 23, 24, 25, 26, 27, 28, 29, 30, 31, 32, 33, 34, 35, 36, 37, 38, 39, 40, 41, 42, 43, 44, 45, 46, 47, 48, 49, 50, 51, 52, 53, 54, 55, 56, 57, 58, 59, 60, 61, 62, 63, 64, 65, 66, 67, 68, 69, 70, 71, 72, 73, 74, 75, 76, 77, 78, 79, 80, 81, 82, 83, 84, 85, 86, 87, 88, 89]
--------------Round 11--------------
53145
48130
45950
49200
50970
50355
62005
63095
60800
37145
41585
54115
37400
48390
54835
57275
54420
38120
49300
41575
40110
51300
52420
50925
44950
47215
48175
54130
46805
43410
56880
41720
58230
51075
44885
46430
58155
38825
51090
50460
49370
42415
41595
37300
40055
40980
47400
54785
42965
44010
43410
50735
42175
68510
49285
56555
51535
39720
53800
48860
47895
46330
51355
52745
48945
55790
68485
66810
44415
45910
59150
52470
60720
48265
54520
59030
50000
47110
37500
58340
45215
56555
49965
45265
38975
54265
43355
49960
39370
41365
unlearning time:              3.2708s
Time Cost:                    160.5559s
Hit Ratio and NDCG for top 20 recommendation!
HR@20:0.7101608986035212 and  NDCG@20:0.33597722395355134
Selected clients in this round:
[0, 1, 2, 3, 4, 5, 6, 7, 8, 9, 10, 11, 12, 13, 14, 15, 16, 17, 18, 19, 20, 21, 22, 23, 24, 25, 26, 27, 28, 29, 30, 31, 32, 33, 34, 35, 36, 37, 38, 39, 40, 41, 42, 43, 44, 45, 46, 47, 48, 49, 50, 51, 52, 53, 54, 55, 56, 57, 58, 59, 60, 61, 62, 63, 64, 65, 66, 67, 68, 69, 70, 71, 72, 73, 74, 75, 76, 77, 78, 79, 80, 81, 82, 83, 84, 85, 86, 87, 88, 89]
--------------Round 12--------------
53145
48130
45950
49200
50970
50355
62005
63095
60800
37145
41585
54115
37400
48390
54835
57275
54420
38120
49300
41575
40110
51300
52420
50925
44950
47215
48175
54130
46805
43410
56880
41720
58230
51075
44885
46430
58155
38825
51090
50460
49370
42415
41595
37300
40055
40980
47400
54785
42965
44010
43410
50735
42175
68510
49285
56555
51535
39720
53800
48860
47895
46330
51355
52745
48945
55790
68485
66810
44415
45910
59150
52470
60720
48265
54520
59030
50000
47110
37500
58340
45215
56555
49965
45265
38975
54265
43355
49960
39370
41365
unlearning time:              3.5400s
Time Cost:                    162.2933s
Hit Ratio and NDCG for top 20 recommendation!
HR@20:0.7121554341226469 and  NDCG@20:0.33736065937776616
Selected clients in this round:
[0, 1, 2, 3, 4, 5, 6, 7, 8, 9, 10, 11, 12, 13, 14, 15, 16, 17, 18, 19, 20, 21, 22, 23, 24, 25, 26, 27, 28, 29, 30, 31, 32, 33, 34, 35, 36, 37, 38, 39, 40, 41, 42, 43, 44, 45, 46, 47, 48, 49, 50, 51, 52, 53, 54, 55, 56, 57, 58, 59, 60, 61, 62, 63, 64, 65, 66, 67, 68, 69, 70, 71, 72, 73, 74, 75, 76, 77, 78, 79, 80, 81, 82, 83, 84, 85, 86, 87, 88, 89]
--------------Round 13--------------
53145
48130
45950
49200
50970
50355
62005
63095
60800
37145
41585
54115
37400
48390
54835
57275
54420
38120
49300
41575
40110
51300
52420
50925
44950
47215
48175
54130
46805
43410
56880
41720
58230
51075
44885
46430
58155
38825
51090
50460
49370
42415
41595
37300
40055
40980
47400
54785
42965
44010
43410
50735
42175
68510
49285
56555
51535
39720
53800
48860
47895
46330
51355
52745
48945
55790
68485
66810
44415
45910
59150
52470
60720
48265
54520
59030
50000
47110
37500
58340
45215
56555
49965
45265
38975
54265
43355
49960
39370
41365
unlearning time:              3.7927s
Time Cost:                    162.0044s
Hit Ratio and NDCG for top 20 recommendation!
HR@20:0.7158591378263509 and  NDCG@20:0.3379872826695938
Selected clients in this round:
[0, 1, 2, 3, 4, 5, 6, 7, 8, 9, 10, 11, 12, 13, 14, 15, 16, 17, 18, 19, 20, 21, 22, 23, 24, 25, 26, 27, 28, 29, 30, 31, 32, 33, 34, 35, 36, 37, 38, 39, 40, 41, 42, 43, 44, 45, 46, 47, 48, 49, 50, 51, 52, 53, 54, 55, 56, 57, 58, 59, 60, 61, 62, 63, 64, 65, 66, 67, 68, 69, 70, 71, 72, 73, 74, 75, 76, 77, 78, 79, 80, 81, 82, 83, 84, 85, 86, 87, 88, 89]
--------------Round 14--------------
53145
48130
45950
49200
50970
50355
62005
63095
60800
37145
41585
54115
37400
48390
54835
57275
54420
38120
49300
41575
40110
51300
52420
50925
44950
47215
48175
54130
46805
43410
56880
41720
58230
51075
44885
46430
58155
38825
51090
50460
49370
42415
41595
37300
40055
40980
47400
54785
42965
44010
43410
50735
42175
68510
49285
56555
51535
39720
53800
48860
47895
46330
51355
52745
48945
55790
68485
66810
44415
45910
59150
52470
60720
48265
54520
59030
50000
47110
37500
58340
45215
56555
49965
45265
38975
54265
43355
49960
39370
41365
unlearning time:              4.0750s
Time Cost:                    163.2369s
Hit Ratio and NDCG for top 20 recommendation!
HR@20:0.7077777777777776 and  NDCG@20:0.3399166129336829
Selected clients in this round:
[0, 1, 2, 3, 4, 5, 6, 7, 8, 9, 10, 11, 12, 13, 14, 15, 16, 17, 18, 19, 20, 21, 22, 23, 24, 25, 26, 27, 28, 29, 30, 31, 32, 33, 34, 35, 36, 37, 38, 39, 40, 41, 42, 43, 44, 45, 46, 47, 48, 49, 50, 51, 52, 53, 54, 55, 56, 57, 58, 59, 60, 61, 62, 63, 64, 65, 66, 67, 68, 69, 70, 71, 72, 73, 74, 75, 76, 77, 78, 79, 80, 81, 82, 83, 84, 85, 86, 87, 88, 89]
--------------Round 15--------------
53145
48130
45950
49200
50970
50355
62005
63095
60800
37145
41585
54115
37400
48390
54835
57275
54420
38120
49300
41575
40110
51300
52420
50925
44950
47215
48175
54130
46805
43410
56880
41720
58230
51075
44885
46430
58155
38825
51090
50460
49370
42415
41595
37300
40055
40980
47400
54785
42965
44010
43410
50735
42175
68510
49285
56555
51535
39720
53800
48860
47895
46330
51355
52745
48945
55790
68485
66810
44415
45910
59150
52470
60720
48265
54520
59030
50000
47110
37500
58340
45215
56555
49965
45265
38975
54265
43355
49960
39370
41365
unlearning time:              4.3285s
Time Cost:                    162.2742s
Hit Ratio and NDCG for top 20 recommendation!
HR@20:0.7136460230722526 and  NDCG@20:0.33963890855106854
Selected clients in this round:
[0, 1, 2, 3, 4, 5, 6, 7, 8, 9, 10, 11, 12, 13, 14, 15, 16, 17, 18, 19, 20, 21, 22, 23, 24, 25, 26, 27, 28, 29, 30, 31, 32, 33, 34, 35, 36, 37, 38, 39, 40, 41, 42, 43, 44, 45, 46, 47, 48, 49, 50, 51, 52, 53, 54, 55, 56, 57, 58, 59, 60, 61, 62, 63, 64, 65, 66, 67, 68, 69, 70, 71, 72, 73, 74, 75, 76, 77, 78, 79, 80, 81, 82, 83, 84, 85, 86, 87, 88, 89]
--------------Round 16--------------
53145
48130
45950
49200
50970
50355
62005
63095
60800
37145
41585
54115
37400
48390
54835
57275
54420
38120
49300
41575
40110
51300
52420
50925
44950
47215
48175
54130
46805
43410
56880
41720
58230
51075
44885
46430
58155
38825
51090
50460
49370
42415
41595
37300
40055
40980
47400
54785
42965
44010
43410
50735
42175
68510
49285
56555
51535
39720
53800
48860
47895
46330
51355
52745
48945
55790
68485
66810
44415
45910
59150
52470
60720
48265
54520
59030
50000
47110
37500
58340
45215
56555
49965
45265
38975
54265
43355
49960
39370
41365
unlearning time:              4.6045s
Time Cost:                    163.9596s
Hit Ratio and NDCG for top 20 recommendation!
HR@20:0.7177200971463265 and  NDCG@20:0.34268682250116433
Selected clients in this round:
[0, 1, 2, 3, 4, 5, 6, 7, 8, 9, 10, 11, 12, 13, 14, 15, 16, 17, 18, 19, 20, 21, 22, 23, 24, 25, 26, 27, 28, 29, 30, 31, 32, 33, 34, 35, 36, 37, 38, 39, 40, 41, 42, 43, 44, 45, 46, 47, 48, 49, 50, 51, 52, 53, 54, 55, 56, 57, 58, 59, 60, 61, 62, 63, 64, 65, 66, 67, 68, 69, 70, 71, 72, 73, 74, 75, 76, 77, 78, 79, 80, 81, 82, 83, 84, 85, 86, 87, 88, 89]
--------------Round 17--------------
53145
48130
45950
49200
50970
50355
62005
63095
60800
37145
41585
54115
37400
48390
54835
57275
54420
38120
49300
41575
40110
51300
52420
50925
44950
47215
48175
54130
46805
43410
56880
41720
58230
51075
44885
46430
58155
38825
51090
50460
49370
42415
41595
37300
40055
40980
47400
54785
42965
44010
43410
50735
42175
68510
49285
56555
51535
39720
53800
48860
47895
46330
51355
52745
48945
55790
68485
66810
44415
45910
59150
52470
60720
48265
54520
59030
50000
47110
37500
58340
45215
56555
49965
45265
38975
54265
43355
49960
39370
41365
unlearning time:              4.8778s
Time Cost:                    163.5063s
Hit Ratio and NDCG for top 20 recommendation!
HR@20:0.7168943533697634 and  NDCG@20:0.3406590531543111
Selected clients in this round:
[0, 1, 2, 3, 4, 5, 6, 7, 8, 9, 10, 11, 12, 13, 14, 15, 16, 17, 18, 19, 20, 21, 22, 23, 24, 25, 26, 27, 28, 29, 30, 31, 32, 33, 34, 35, 36, 37, 38, 39, 40, 41, 42, 43, 44, 45, 46, 47, 48, 49, 50, 51, 52, 53, 54, 55, 56, 57, 58, 59, 60, 61, 62, 63, 64, 65, 66, 67, 68, 69, 70, 71, 72, 73, 74, 75, 76, 77, 78, 79, 80, 81, 82, 83, 84, 85, 86, 87, 88, 89]
--------------Round 18--------------
53145
48130
45950
49200
50970
50355
62005
63095
60800
37145
41585
54115
37400
48390
54835
57275
54420
38120
49300
41575
40110
51300
52420
50925
44950
47215
48175
54130
46805
43410
56880
41720
58230
51075
44885
46430
58155
38825
51090
50460
49370
42415
41595
37300
40055
40980
47400
54785
42965
44010
43410
50735
42175
68510
49285
56555
51535
39720
53800
48860
47895
46330
51355
52745
48945
55790
68485
66810
44415
45910
59150
52470
60720
48265
54520
59030
50000
47110
37500
58340
45215
56555
49965
45265
38975
54265
43355
49960
39370
41365
unlearning time:              5.1365s
Time Cost:                    165.1991s
Hit Ratio and NDCG for top 20 recommendation!
HR@20:0.7169732847601703 and  NDCG@20:0.34079817831711406
Selected clients in this round:
[0, 1, 2, 3, 4, 5, 6, 7, 8, 9, 10, 11, 12, 13, 14, 15, 16, 17, 18, 19, 20, 21, 22, 23, 24, 25, 26, 27, 28, 29, 30, 31, 32, 33, 34, 35, 36, 37, 38, 39, 40, 41, 42, 43, 44, 45, 46, 47, 48, 49, 50, 51, 52, 53, 54, 55, 56, 57, 58, 59, 60, 61, 62, 63, 64, 65, 66, 67, 68, 69, 70, 71, 72, 73, 74, 75, 76, 77, 78, 79, 80, 81, 82, 83, 84, 85, 86, 87, 88, 89]
--------------Round 19--------------
53145
48130
45950
49200
50970
50355
62005
63095
60800
37145
41585
54115
37400
48390
54835
57275
54420
38120
49300
41575
40110
51300
52420
50925
44950
47215
48175
54130
46805
43410
56880
41720
58230
51075
44885
46430
58155
38825
51090
50460
49370
42415
41595
37300
40055
40980
47400
54785
42965
44010
43410
50735
42175
68510
49285
56555
51535
39720
53800
48860
47895
46330
51355
52745
48945
55790
68485
66810
44415
45910
59150
52470
60720
48265
54520
59030
50000
47110
37500
58340
45215
56555
49965
45265
38975
54265
43355
49960
39370
41365
unlearning time:              5.4545s
Time Cost:                    165.3856s
Hit Ratio and NDCG for top 20 recommendation!
HR@20:0.7232392228293866 and  NDCG@20:0.34416139371639304
Selected clients in this round:
[0, 1, 2, 3, 4, 5, 6, 7, 8, 9, 10, 11, 12, 13, 14, 15, 16, 17, 18, 19, 20, 21, 22, 23, 24, 25, 26, 27, 28, 29, 30, 31, 32, 33, 34, 35, 36, 37, 38, 39, 40, 41, 42, 43, 44, 45, 46, 47, 48, 49, 50, 51, 52, 53, 54, 55, 56, 57, 58, 59, 60, 61, 62, 63, 64, 65, 66, 67, 68, 69, 70, 71, 72, 73, 74, 75, 76, 77, 78, 79, 80, 81, 82, 83, 84, 85, 86, 87, 88, 89]
--------------Round 20--------------
53145
48130
45950
49200
50970
50355
62005
63095
60800
37145
41585
54115
37400
48390
54835
57275
54420
38120
49300
41575
40110
51300
52420
50925
44950
47215
48175
54130
46805
43410
56880
41720
58230
51075
44885
46430
58155
38825
51090
50460
49370
42415
41595
37300
40055
40980
47400
54785
42965
44010
43410
50735
42175
68510
49285
56555
51535
39720
53800
48860
47895
46330
51355
52745
48945
55790
68485
66810
44415
45910
59150
52470
60720
48265
54520
59030
50000
47110
37500
58340
45215
56555
49965
45265
38975
54265
43355
49960
39370
41365
unlearning time:              5.7293s
Time Cost:                    166.1177s
Hit Ratio and NDCG for top 20 recommendation!
HR@20:0.7232331511839707 and  NDCG@20:0.34726099132361166
Selected clients in this round:
[0, 1, 2, 3, 4, 5, 6, 7, 8, 9, 10, 11, 12, 13, 14, 15, 16, 17, 18, 19, 20, 21, 22, 23, 24, 25, 26, 27, 28, 29, 30, 31, 32, 33, 34, 35, 36, 37, 38, 39, 40, 41, 42, 43, 44, 45, 46, 47, 48, 49, 50, 51, 52, 53, 54, 55, 56, 57, 58, 59, 60, 61, 62, 63, 64, 65, 66, 67, 68, 69, 70, 71, 72, 73, 74, 75, 76, 77, 78, 79, 80, 81, 82, 83, 84, 85, 86, 87, 88, 89]
--------------Round 21--------------
53145
48130
45950
49200
50970
50355
62005
63095
60800
37145
41585
54115
37400
48390
54835
57275
54420
38120
49300
41575
40110
51300
52420
50925
44950
47215
48175
54130
46805
43410
56880
41720
58230
51075
44885
46430
58155
38825
51090
50460
49370
42415
41595
37300
40055
40980
47400
54785
42965
44010
43410
50735
42175
68510
49285
56555
51535
39720
53800
48860
47895
46330
51355
52745
48945
55790
68485
66810
44415
45910
59150
52470
60720
48265
54520
59030
50000
47110
37500
58340
45215
56555
49965
45265
38975
54265
43355
49960
39370
41365
unlearning time:              6.0305s
Time Cost:                    170.0719s
Hit Ratio and NDCG for top 20 recommendation!
HR@20:0.7221129326047356 and  NDCG@20:0.3510585817447302
Selected clients in this round:
[0, 1, 2, 3, 4, 5, 6, 7, 8, 9, 10, 11, 12, 13, 14, 15, 16, 17, 18, 19, 20, 21, 22, 23, 24, 25, 26, 27, 28, 29, 30, 31, 32, 33, 34, 35, 36, 37, 38, 39, 40, 41, 42, 43, 44, 45, 46, 47, 48, 49, 50, 51, 52, 53, 54, 55, 56, 57, 58, 59, 60, 61, 62, 63, 64, 65, 66, 67, 68, 69, 70, 71, 72, 73, 74, 75, 76, 77, 78, 79, 80, 81, 82, 83, 84, 85, 86, 87, 88, 89]
--------------Round 22--------------
53145
48130
45950
49200
50970
50355
62005
63095
60800
37145
41585
54115
37400
48390
54835
57275
54420
38120
49300
41575
40110
51300
52420
50925
44950
47215
48175
54130
46805
43410
56880
41720
58230
51075
44885
46430
58155
38825
51090
50460
49370
42415
41595
37300
40055
40980
47400
54785
42965
44010
43410
50735
42175
68510
49285
56555
51535
39720
53800
48860
47895
46330
51355
52745
48945
55790
68485
66810
44415
45910
59150
52470
60720
48265
54520
59030
50000
47110
37500
58340
45215
56555
49965
45265
38975
54265
43355
49960
39370
41365
unlearning time:              6.2949s
Time Cost:                    168.5097s
Hit Ratio and NDCG for top 20 recommendation!
HR@20:0.7235701275045537 and  NDCG@20:0.3452190771839928
Selected clients in this round:
[0, 1, 2, 3, 4, 5, 6, 7, 8, 9, 10, 11, 12, 13, 14, 15, 16, 17, 18, 19, 20, 21, 22, 23, 24, 25, 26, 27, 28, 29, 30, 31, 32, 33, 34, 35, 36, 37, 38, 39, 40, 41, 42, 43, 44, 45, 46, 47, 48, 49, 50, 51, 52, 53, 54, 55, 56, 57, 58, 59, 60, 61, 62, 63, 64, 65, 66, 67, 68, 69, 70, 71, 72, 73, 74, 75, 76, 77, 78, 79, 80, 81, 82, 83, 84, 85, 86, 87, 88, 89]
--------------Round 23--------------
53145
48130
45950
49200
50970
50355
62005
63095
60800
37145
41585
54115
37400
48390
54835
57275
54420
38120
49300
41575
40110
51300
52420
50925
44950
47215
48175
54130
46805
43410
56880
41720
58230
51075
44885
46430
58155
38825
51090
50460
49370
42415
41595
37300
40055
40980
47400
54785
42965
44010
43410
50735
42175
68510
49285
56555
51535
39720
53800
48860
47895
46330
51355
52745
48945
55790
68485
66810
44415
45910
59150
52470
60720
48265
54520
59030
50000
47110
37500
58340
45215
56555
49965
45265
38975
54265
43355
49960
39370
41365
unlearning time:              6.5406s
Time Cost:                    167.3033s
Hit Ratio and NDCG for top 20 recommendation!
HR@20:0.7194687310261083 and  NDCG@20:0.34837181673305134
Selected clients in this round:
[0, 1, 2, 3, 4, 5, 6, 7, 8, 9, 10, 11, 12, 13, 14, 15, 16, 17, 18, 19, 20, 21, 22, 23, 24, 25, 26, 27, 28, 29, 30, 31, 32, 33, 34, 35, 36, 37, 38, 39, 40, 41, 42, 43, 44, 45, 46, 47, 48, 49, 50, 51, 52, 53, 54, 55, 56, 57, 58, 59, 60, 61, 62, 63, 64, 65, 66, 67, 68, 69, 70, 71, 72, 73, 74, 75, 76, 77, 78, 79, 80, 81, 82, 83, 84, 85, 86, 87, 88, 89]
--------------Round 24--------------
53145
48130
45950
49200
50970
50355
62005
63095
60800
37145
41585
54115
37400
48390
54835
57275
54420
38120
49300
41575
40110
51300
52420
50925
44950
47215
48175
54130
46805
43410
56880
41720
58230
51075
44885
46430
58155
38825
51090
50460
49370
42415
41595
37300
40055
40980
47400
54785
42965
44010
43410
50735
42175
68510
49285
56555
51535
39720
53800
48860
47895
46330
51355
52745
48945
55790
68485
66810
44415
45910
59150
52470
60720
48265
54520
59030
50000
47110
37500
58340
45215
56555
49965
45265
38975
54265
43355
49960
39370
41365
unlearning time:              6.8476s
Time Cost:                    168.5388s
Hit Ratio and NDCG for top 20 recommendation!
HR@20:0.7267243472981176 and  NDCG@20:0.346219753734459
Selected clients in this round:
[0, 1, 2, 3, 4, 5, 6, 7, 8, 9, 10, 11, 12, 13, 14, 15, 16, 17, 18, 19, 20, 21, 22, 23, 24, 25, 26, 27, 28, 29, 30, 31, 32, 33, 34, 35, 36, 37, 38, 39, 40, 41, 42, 43, 44, 45, 46, 47, 48, 49, 50, 51, 52, 53, 54, 55, 56, 57, 58, 59, 60, 61, 62, 63, 64, 65, 66, 67, 68, 69, 70, 71, 72, 73, 74, 75, 76, 77, 78, 79, 80, 81, 82, 83, 84, 85, 86, 87, 88, 89]
--------------Round 25--------------
53145
48130
45950
49200
50970
50355
62005
63095
60800
37145
41585
54115
37400
48390
54835
57275
54420
38120
49300
41575
40110
51300
52420
50925
44950
47215
48175
54130
46805
43410
56880
41720
58230
51075
44885
46430
58155
38825
51090
50460
49370
42415
41595
37300
40055
40980
47400
54785
42965
44010
43410
50735
42175
68510
49285
56555
51535
39720
53800
48860
47895
46330
51355
52745
48945
55790
68485
66810
44415
45910
59150
52470
60720
48265
54520
59030
50000
47110
37500
58340
45215
56555
49965
45265
38975
54265
43355
49960
39370
41365
unlearning time:              7.0855s
Time Cost:                    168.3836s
Hit Ratio and NDCG for top 20 recommendation!
HR@20:0.72396174863388 and  NDCG@20:0.34827749053286206
Selected clients in this round:
[0, 1, 2, 3, 4, 5, 6, 7, 8, 9, 10, 11, 12, 13, 14, 15, 16, 17, 18, 19, 20, 21, 22, 23, 24, 25, 26, 27, 28, 29, 30, 31, 32, 33, 34, 35, 36, 37, 38, 39, 40, 41, 42, 43, 44, 45, 46, 47, 48, 49, 50, 51, 52, 53, 54, 55, 56, 57, 58, 59, 60, 61, 62, 63, 64, 65, 66, 67, 68, 69, 70, 71, 72, 73, 74, 75, 76, 77, 78, 79, 80, 81, 82, 83, 84, 85, 86, 87, 88, 89]
--------------Round 26--------------
53145
48130
45950
49200
50970
50355
62005
63095
60800
37145
41585
54115
37400
48390
54835
57275
54420
38120
49300
41575
40110
51300
52420
50925
44950
47215
48175
54130
46805
43410
56880
41720
58230
51075
44885
46430
58155
38825
51090
50460
49370
42415
41595
37300
40055
40980
47400
54785
42965
44010
43410
50735
42175
68510
49285
56555
51535
39720
53800
48860
47895
46330
51355
52745
48945
55790
68485
66810
44415
45910
59150
52470
60720
48265
54520
59030
50000
47110
37500
58340
45215
56555
49965
45265
38975
54265
43355
49960
39370
41365
unlearning time:              7.3483s
Time Cost:                    168.4746s
Hit Ratio and NDCG for top 20 recommendation!
HR@20:0.7248633879781416 and  NDCG@20:0.34635398584606925
Selected clients in this round:
[0, 1, 2, 3, 4, 5, 6, 7, 8, 9, 10, 11, 12, 13, 14, 15, 16, 17, 18, 19, 20, 21, 22, 23, 24, 25, 26, 27, 28, 29, 30, 31, 32, 33, 34, 35, 36, 37, 38, 39, 40, 41, 42, 43, 44, 45, 46, 47, 48, 49, 50, 51, 52, 53, 54, 55, 56, 57, 58, 59, 60, 61, 62, 63, 64, 65, 66, 67, 68, 69, 70, 71, 72, 73, 74, 75, 76, 77, 78, 79, 80, 81, 82, 83, 84, 85, 86, 87, 88, 89]
--------------Round 27--------------
53145
48130
45950
49200
50970
50355
62005
63095
60800
37145
41585
54115
37400
48390
54835
57275
54420
38120
49300
41575
40110
51300
52420
50925
44950
47215
48175
54130
46805
43410
56880
41720
58230
51075
44885
46430
58155
38825
51090
50460
49370
42415
41595
37300
40055
40980
47400
54785
42965
44010
43410
50735
42175
68510
49285
56555
51535
39720
53800
48860
47895
46330
51355
52745
48945
55790
68485
66810
44415
45910
59150
52470
60720
48265
54520
59030
50000
47110
37500
58340
45215
56555
49965
45265
38975
54265
43355
49960
39370
41365
unlearning time:              7.6054s
Time Cost:                    168.8624s
Hit Ratio and NDCG for top 20 recommendation!
HR@20:0.7237795992714026 and  NDCG@20:0.3491804932287484
Selected clients in this round:
[0, 1, 2, 3, 4, 5, 6, 7, 8, 9, 10, 11, 12, 13, 14, 15, 16, 17, 18, 19, 20, 21, 22, 23, 24, 25, 26, 27, 28, 29, 30, 31, 32, 33, 34, 35, 36, 37, 38, 39, 40, 41, 42, 43, 44, 45, 46, 47, 48, 49, 50, 51, 52, 53, 54, 55, 56, 57, 58, 59, 60, 61, 62, 63, 64, 65, 66, 67, 68, 69, 70, 71, 72, 73, 74, 75, 76, 77, 78, 79, 80, 81, 82, 83, 84, 85, 86, 87, 88, 89]
--------------Round 28--------------
53145
48130
45950
49200
50970
50355
62005
63095
60800
37145
41585
54115
37400
48390
54835
57275
54420
38120
49300
41575
40110
51300
52420
50925
44950
47215
48175
54130
46805
43410
56880
41720
58230
51075
44885
46430
58155
38825
51090
50460
49370
42415
41595
37300
40055
40980
47400
54785
42965
44010
43410
50735
42175
68510
49285
56555
51535
39720
53800
48860
47895
46330
51355
52745
48945
55790
68485
66810
44415
45910
59150
52470
60720
48265
54520
59030
50000
47110
37500
58340
45215
56555
49965
45265
38975
54265
43355
49960
39370
41365
unlearning time:              7.8788s
Time Cost:                    168.4206s
Hit Ratio and NDCG for top 20 recommendation!
HR@20:0.7190163934426228 and  NDCG@20:0.34558166881873065
Selected clients in this round:
[0, 1, 2, 3, 4, 5, 6, 7, 8, 9, 10, 11, 12, 13, 14, 15, 16, 17, 18, 19, 20, 21, 22, 23, 24, 25, 26, 27, 28, 29, 30, 31, 32, 33, 34, 35, 36, 37, 38, 39, 40, 41, 42, 43, 44, 45, 46, 47, 48, 49, 50, 51, 52, 53, 54, 55, 56, 57, 58, 59, 60, 61, 62, 63, 64, 65, 66, 67, 68, 69, 70, 71, 72, 73, 74, 75, 76, 77, 78, 79, 80, 81, 82, 83, 84, 85, 86, 87, 88, 89]
--------------Round 29--------------
53145
48130
45950
49200
50970
50355
62005
63095
60800
37145
41585
54115
37400
48390
54835
57275
54420
38120
49300
41575
40110
51300
52420
50925
44950
47215
48175
54130
46805
43410
56880
41720
58230
51075
44885
46430
58155
38825
51090
50460
49370
42415
41595
37300
40055
40980
47400
54785
42965
44010
43410
50735
42175
68510
49285
56555
51535
39720
53800
48860
47895
46330
51355
52745
48945
55790
68485
66810
44415
45910
59150
52470
60720
48265
54520
59030
50000
47110
37500
58340
45215
56555
49965
45265
38975
54265
43355
49960
39370
41365
unlearning time:              8.1482s
Time Cost:                    169.0526s
Hit Ratio and NDCG for top 20 recommendation!
HR@20:0.7197298117789919 and  NDCG@20:0.343623202033252
Selected clients in this round:
[0, 1, 2, 3, 4, 5, 6, 7, 8, 9, 10, 11, 12, 13, 14, 15, 16, 17, 18, 19, 20, 21, 22, 23, 24, 25, 26, 27, 28, 29, 30, 31, 32, 33, 34, 35, 36, 37, 38, 39, 40, 41, 42, 43, 44, 45, 46, 47, 48, 49, 50, 51, 52, 53, 54, 55, 56, 57, 58, 59, 60, 61, 62, 63, 64, 65, 66, 67, 68, 69, 70, 71, 72, 73, 74, 75, 76, 77, 78, 79, 80, 81, 82, 83, 84, 85, 86, 87, 88, 89]
--------------Round 30--------------
53145
48130
45950
49200
50970
50355
62005
63095
60800
37145
41585
54115
37400
48390
54835
57275
54420
38120
49300
41575
40110
51300
52420
50925
44950
47215
48175
54130
46805
43410
56880
41720
58230
51075
44885
46430
58155
38825
51090
50460
49370
42415
41595
37300
40055
40980
47400
54785
42965
44010
43410
50735
42175
68510
49285
56555
51535
39720
53800
48860
47895
46330
51355
52745
48945
55790
68485
66810
44415
45910
59150
52470
60720
48265
54520
59030
50000
47110
37500
58340
45215
56555
49965
45265
38975
54265
43355
49960
39370
41365
unlearning time:              8.4406s
Time Cost:                    169.3267s
Hit Ratio and NDCG for top 20 recommendation!
HR@20:0.7164025500910747 and  NDCG@20:0.34698777371833345
Selected clients in this round:
[0, 1, 2, 3, 4, 5, 6, 7, 8, 9, 10, 11, 12, 13, 14, 15, 16, 17, 18, 19, 20, 21, 22, 23, 24, 25, 26, 27, 28, 29, 30, 31, 32, 33, 34, 35, 36, 37, 38, 39, 40, 41, 42, 43, 44, 45, 46, 47, 48, 49, 50, 51, 52, 53, 54, 55, 56, 57, 58, 59, 60, 61, 62, 63, 64, 65, 66, 67, 68, 69, 70, 71, 72, 73, 74, 75, 76, 77, 78, 79, 80, 81, 82, 83, 84, 85, 86, 87, 88, 89]
--------------Round 31--------------
53145
48130
45950
49200
50970
50355
62005
63095
60800
37145
41585
54115
37400
48390
54835
57275
54420
38120
49300
41575
40110
51300
52420
50925
44950
47215
48175
54130
46805
43410
56880
41720
58230
51075
44885
46430
58155
38825
51090
50460
49370
42415
41595
37300
40055
40980
47400
54785
42965
44010
43410
50735
42175
68510
49285
56555
51535
39720
53800
48860
47895
46330
51355
52745
48945
55790
68485
66810
44415
45910
59150
52470
60720
48265
54520
59030
50000
47110
37500
58340
45215
56555
49965
45265
38975
54265
43355
49960
39370
41365
unlearning time:              8.7183s
Time Cost:                    169.9704s
Hit Ratio and NDCG for top 20 recommendation!
HR@20:0.7190133576199151 and  NDCG@20:0.3475023868362053
Selected clients in this round:
[0, 1, 2, 3, 4, 5, 6, 7, 8, 9, 10, 11, 12, 13, 14, 15, 16, 17, 18, 19, 20, 21, 22, 23, 24, 25, 26, 27, 28, 29, 30, 31, 32, 33, 34, 35, 36, 37, 38, 39, 40, 41, 42, 43, 44, 45, 46, 47, 48, 49, 50, 51, 52, 53, 54, 55, 56, 57, 58, 59, 60, 61, 62, 63, 64, 65, 66, 67, 68, 69, 70, 71, 72, 73, 74, 75, 76, 77, 78, 79, 80, 81, 82, 83, 84, 85, 86, 87, 88, 89]
--------------Round 32--------------
53145
48130
45950
49200
50970
50355
62005
63095
60800
37145
41585
54115
37400
48390
54835
57275
54420
38120
49300
41575
40110
51300
52420
50925
44950
47215
48175
54130
46805
43410
56880
41720
58230
51075
44885
46430
58155
38825
51090
50460
49370
42415
41595
37300
40055
40980
47400
54785
42965
44010
43410
50735
42175
68510
49285
56555
51535
39720
53800
48860
47895
46330
51355
52745
48945
55790
68485
66810
44415
45910
59150
52470
60720
48265
54520
59030
50000
47110
37500
58340
45215
56555
49965
45265
38975
54265
43355
49960
39370
41365
unlearning time:              8.9558s
Time Cost:                    170.2750s
Hit Ratio and NDCG for top 20 recommendation!
HR@20:0.7263539769277473 and  NDCG@20:0.3482137958480599
Selected clients in this round:
[0, 1, 2, 3, 4, 5, 6, 7, 8, 9, 10, 11, 12, 13, 14, 15, 16, 17, 18, 19, 20, 21, 22, 23, 24, 25, 26, 27, 28, 29, 30, 31, 32, 33, 34, 35, 36, 37, 38, 39, 40, 41, 42, 43, 44, 45, 46, 47, 48, 49, 50, 51, 52, 53, 54, 55, 56, 57, 58, 59, 60, 61, 62, 63, 64, 65, 66, 67, 68, 69, 70, 71, 72, 73, 74, 75, 76, 77, 78, 79, 80, 81, 82, 83, 84, 85, 86, 87, 88, 89]
--------------Round 33--------------
53145
48130
45950
49200
50970
50355
62005
63095
60800
37145
41585
54115
37400
48390
54835
57275
54420
38120
49300
41575
40110
51300
52420
50925
44950
47215
48175
54130
46805
43410
56880
41720
58230
51075
44885
46430
58155
38825
51090
50460
49370
42415
41595
37300
40055
40980
47400
54785
42965
44010
43410
50735
42175
68510
49285
56555
51535
39720
53800
48860
47895
46330
51355
52745
48945
55790
68485
66810
44415
45910
59150
52470
60720
48265
54520
59030
50000
47110
37500
58340
45215
56555
49965
45265
38975
54265
43355
49960
39370
41365
unlearning time:              9.2688s
Time Cost:                    171.1563s
Hit Ratio and NDCG for top 20 recommendation!
HR@20:0.7311748633879783 and  NDCG@20:0.3491802364768532
Selected clients in this round:
[0, 1, 2, 3, 4, 5, 6, 7, 8, 9, 10, 11, 12, 13, 14, 15, 16, 17, 18, 19, 20, 21, 22, 23, 24, 25, 26, 27, 28, 29, 30, 31, 32, 33, 34, 35, 36, 37, 38, 39, 40, 41, 42, 43, 44, 45, 46, 47, 48, 49, 50, 51, 52, 53, 54, 55, 56, 57, 58, 59, 60, 61, 62, 63, 64, 65, 66, 67, 68, 69, 70, 71, 72, 73, 74, 75, 76, 77, 78, 79, 80, 81, 82, 83, 84, 85, 86, 87, 88, 89]
--------------Round 34--------------
53145
48130
45950
49200
50970
50355
62005
63095
60800
37145
41585
54115
37400
48390
54835
57275
54420
38120
49300
41575
40110
51300
52420
50925
44950
47215
48175
54130
46805
43410
56880
41720
58230
51075
44885
46430
58155
38825
51090
50460
49370
42415
41595
37300
40055
40980
47400
54785
42965
44010
43410
50735
42175
68510
49285
56555
51535
39720
53800
48860
47895
46330
51355
52745
48945
55790
68485
66810
44415
45910
59150
52470
60720
48265
54520
59030
50000
47110
37500
58340
45215
56555
49965
45265
38975
54265
43355
49960
39370
41365
unlearning time:              9.5230s
Time Cost:                    172.5554s
Hit Ratio and NDCG for top 20 recommendation!
HR@20:0.7222890103217973 and  NDCG@20:0.34920702089772926
Selected clients in this round:
[0, 1, 2, 3, 4, 5, 6, 7, 8, 9, 10, 11, 12, 13, 14, 15, 16, 17, 18, 19, 20, 21, 22, 23, 24, 25, 26, 27, 28, 29, 30, 31, 32, 33, 34, 35, 36, 37, 38, 39, 40, 41, 42, 43, 44, 45, 46, 47, 48, 49, 50, 51, 52, 53, 54, 55, 56, 57, 58, 59, 60, 61, 62, 63, 64, 65, 66, 67, 68, 69, 70, 71, 72, 73, 74, 75, 76, 77, 78, 79, 80, 81, 82, 83, 84, 85, 86, 87, 88, 89]
--------------Round 35--------------
53145
48130
45950
49200
50970
50355
62005
63095
60800
37145
41585
54115
37400
48390
54835
57275
54420
38120
49300
41575
40110
51300
52420
50925
44950
47215
48175
54130
46805
43410
56880
41720
58230
51075
44885
46430
58155
38825
51090
50460
49370
42415
41595
37300
40055
40980
47400
54785
42965
44010
43410
50735
42175
68510
49285
56555
51535
39720
53800
48860
47895
46330
51355
52745
48945
55790
68485
66810
44415
45910
59150
52470
60720
48265
54520
59030
50000
47110
37500
58340
45215
56555
49965
45265
38975
54265
43355
49960
39370
41365
unlearning time:              9.8074s
Save   35
Time Cost:                    223.0862s
Hit Ratio and NDCG for top 20 recommendation!
HR@20:0.7296023072252578 and  NDCG@20:0.3512070970610107
Selected clients in this round:
[0, 1, 2, 3, 4, 5, 6, 7, 8, 9, 10, 11, 12, 13, 14, 15, 16, 17, 18, 19, 20, 21, 22, 23, 24, 25, 26, 27, 28, 29, 30, 31, 32, 33, 34, 35, 36, 37, 38, 39, 40, 41, 42, 43, 44, 45, 46, 47, 48, 49, 50, 51, 52, 53, 54, 55, 56, 57, 58, 59, 60, 61, 62, 63, 64, 65, 66, 67, 68, 69, 70, 71, 72, 73, 74, 75, 76, 77, 78, 79, 80, 81, 82, 83, 84, 85, 86, 87, 88, 89]
--------------Round 36--------------
53145
48130
45950
49200
50970
50355
62005
63095
60800
37145
41585
54115
37400
48390
54835
57275
54420
38120
49300
41575
40110
51300
52420
50925
44950
47215
48175
54130
46805
43410
56880
41720
58230
51075
44885
46430
58155
38825
51090
50460
49370
42415
41595
37300
40055
40980
47400
54785
42965
44010
43410
50735
42175
68510
49285
56555
51535
39720
53800
48860
47895
46330
51355
52745
48945
55790
68485
66810
44415
45910
59150
52470
60720
48265
54520
59030
50000
47110
37500
58340
45215
56555
49965
45265
38975
54265
43355
49960
39370
41365
unlearning time:              10.0417s
Save   36
Time Cost:                    222.8688s
Hit Ratio and NDCG for top 20 recommendation!
HR@20:0.7279356405585912 and  NDCG@20:0.3475849889338806
Selected clients in this round:
[0, 1, 2, 3, 4, 5, 6, 7, 8, 9, 10, 11, 12, 13, 14, 15, 16, 17, 18, 19, 20, 21, 22, 23, 24, 25, 26, 27, 28, 29, 30, 31, 32, 33, 34, 35, 36, 37, 38, 39, 40, 41, 42, 43, 44, 45, 46, 47, 48, 49, 50, 51, 52, 53, 54, 55, 56, 57, 58, 59, 60, 61, 62, 63, 64, 65, 66, 67, 68, 69, 70, 71, 72, 73, 74, 75, 76, 77, 78, 79, 80, 81, 82, 83, 84, 85, 86, 87, 88, 89]
--------------Round 37--------------
53145
48130
45950
49200
50970
50355
62005
63095
60800
37145
41585
54115
37400
48390
54835
57275
54420
38120
49300
41575
40110
51300
52420
50925
44950
47215
48175
54130
46805
43410
56880
41720
58230
51075
44885
46430
58155
38825
51090
50460
49370
42415
41595
37300
40055
40980
47400
54785
42965
44010
43410
50735
42175
68510
49285
56555
51535
39720
53800
48860
47895
46330
51355
52745
48945
55790
68485
66810
44415
45910
59150
52470
60720
48265
54520
59030
50000
47110
37500
58340
45215
56555
49965
45265
38975
54265
43355
49960
39370
41365
unlearning time:              10.3079s
Save   37
Time Cost:                    222.9598s
Hit Ratio and NDCG for top 20 recommendation!
HR@20:0.7224468731026106 and  NDCG@20:0.3504270607086876
Selected clients in this round:
[0, 1, 2, 3, 4, 5, 6, 7, 8, 9, 10, 11, 12, 13, 14, 15, 16, 17, 18, 19, 20, 21, 22, 23, 24, 25, 26, 27, 28, 29, 30, 31, 32, 33, 34, 35, 36, 37, 38, 39, 40, 41, 42, 43, 44, 45, 46, 47, 48, 49, 50, 51, 52, 53, 54, 55, 56, 57, 58, 59, 60, 61, 62, 63, 64, 65, 66, 67, 68, 69, 70, 71, 72, 73, 74, 75, 76, 77, 78, 79, 80, 81, 82, 83, 84, 85, 86, 87, 88, 89]
--------------Round 38--------------
53145
48130
45950
49200
50970
50355
62005
63095
60800
37145
41585
54115
37400
48390
54835
57275
54420
38120
49300
41575
40110
51300
52420
50925
44950
47215
48175
54130
46805
43410
56880
41720
58230
51075
44885
46430
58155
38825
51090
50460
49370
42415
41595
37300
40055
40980
47400
54785
42965
44010
43410
50735
42175
68510
49285
56555
51535
39720
53800
48860
47895
46330
51355
52745
48945
55790
68485
66810
44415
45910
59150
52470
60720
48265
54520
59030
50000
47110
37500
58340
45215
56555
49965
45265
38975
54265
43355
49960
39370
41365
unlearning time:              10.6156s
Save   38
Time Cost:                    224.3106s
Hit Ratio and NDCG for top 20 recommendation!
HR@20:0.7243260473588344 and  NDCG@20:0.35062009222141666
Selected clients in this round:
[0, 1, 2, 3, 4, 5, 6, 7, 8, 9, 10, 11, 12, 13, 14, 15, 16, 17, 18, 19, 20, 21, 22, 23, 24, 25, 26, 27, 28, 29, 30, 31, 32, 33, 34, 35, 36, 37, 38, 39, 40, 41, 42, 43, 44, 45, 46, 47, 48, 49, 50, 51, 52, 53, 54, 55, 56, 57, 58, 59, 60, 61, 62, 63, 64, 65, 66, 67, 68, 69, 70, 71, 72, 73, 74, 75, 76, 77, 78, 79, 80, 81, 82, 83, 84, 85, 86, 87, 88, 89]
--------------Round 39--------------
53145
48130
45950
49200
50970
50355
62005
63095
60800
37145
41585
54115
37400
48390
54835
57275
54420
38120
49300
41575
40110
51300
52420
50925
44950
47215
48175
54130
46805
43410
56880
41720
58230
51075
44885
46430
58155
38825
51090
50460
49370
42415
41595
37300
40055
40980
47400
54785
42965
44010
43410
50735
42175
68510
49285
56555
51535
39720
53800
48860
47895
46330
51355
52745
48945
55790
68485
66810
44415
45910
59150
52470
60720
48265
54520
59030
50000
47110
37500
58340
45215
56555
49965
45265
38975
54265
43355
49960
39370
41365
unlearning time:              10.8392s
Save   39
Time Cost:                    225.7086s
Hit Ratio and NDCG for top 20 recommendation!
HR@20:0.7255828779599269 and  NDCG@20:0.35311694270008687
Selected clients in this round:
[0, 1, 2, 3, 4, 5, 6, 7, 8, 9, 10, 11, 12, 13, 14, 15, 16, 17, 18, 19, 20, 21, 22, 23, 24, 25, 26, 27, 28, 29, 30, 31, 32, 33, 34, 35, 36, 37, 38, 39, 40, 41, 42, 43, 44, 45, 46, 47, 48, 49, 50, 51, 52, 53, 54, 55, 56, 57, 58, 59, 60, 61, 62, 63, 64, 65, 66, 67, 68, 69, 70, 71, 72, 73, 74, 75, 76, 77, 78, 79, 80, 81, 82, 83, 84, 85, 86, 87, 88, 89]
--------------Round 40--------------
53145
48130
45950
49200
50970
50355
62005
63095
60800
37145
41585
54115
37400
48390
54835
57275
54420
38120
49300
41575
40110
51300
52420
50925
44950
47215
48175
54130
46805
43410
56880
41720
58230
51075
44885
46430
58155
38825
51090
50460
49370
42415
41595
37300
40055
40980
47400
54785
42965
44010
43410
50735
42175
68510
49285
56555
51535
39720
53800
48860
47895
46330
51355
52745
48945
55790
68485
66810
44415
45910
59150
52470
60720
48265
54520
59030
50000
47110
37500
58340
45215
56555
49965
45265
38975
54265
43355
49960
39370
41365
unlearning time:              11.1116s
Save   40
Time Cost:                    224.7215s
Hit Ratio and NDCG for top 20 recommendation!
HR@20:0.7244565877352763 and  NDCG@20:0.34953790743688595
Selected clients in this round:
[0, 1, 2, 3, 4, 5, 6, 7, 8, 9, 10, 11, 12, 13, 14, 15, 16, 17, 18, 19, 20, 21, 22, 23, 24, 25, 26, 27, 28, 29, 30, 31, 32, 33, 34, 35, 36, 37, 38, 39, 40, 41, 42, 43, 44, 45, 46, 47, 48, 49, 50, 51, 52, 53, 54, 55, 56, 57, 58, 59, 60, 61, 62, 63, 64, 65, 66, 67, 68, 69, 70, 71, 72, 73, 74, 75, 76, 77, 78, 79, 80, 81, 82, 83, 84, 85, 86, 87, 88, 89]
=================End==================
Total Time Cost:              9080.6385s
[]
  $ /home/u4996812/miniconda3/envs/poison-fru-sok/bin/python3 main.py --task movielens1m_cnum100_dist0_skew0_seed0 --model NCF --algorithm CFRU --atk_method none --mode unlearn --forget_frac 0.0 --num_rounds 40 --topN 20 --S1 8 --proportion 1.0 --alpha 0.5 --seed 0 --num_epochs 5 --batch_size 512 --num_ng 4 --learning_rate 0.01 --server_gpu_id 0 --target_item -1
  [clean] seed=0: HR=0.7855 ER=0.0000 target_item=2248
  $ /home/u4996812/miniconda3/envs/poison-fru-sok/bin/python3 main.py --task movielens1m_cnum100_dist0_skew0_seed0 --model NCF --algorithm CFRU --atk_method targetPromo --mode unlearn --forget_frac 1.0 --num_rounds 40 --topN 20 --S1 8 --proportion 1.0 --alpha 0.5 --seed 0 --num_epochs 5 --batch_size 512 --num_ng 4 --learning_rate 0.01 --server_gpu_id 0 --target_item -1
  $ /home/u4996812/miniconda3/envs/poison-fru-sok/bin/python3 main.py --task movielens1m_cnum100_dist0_skew0_seed0 --model NCF --algorithm CFRU --atk_method targetPromo --mode retrain --forget_frac 1.0 --num_rounds 40 --topN 20 --S1 8 --proportion 1.0 --alpha 0.5 --seed 0 --num_epochs 5 --batch_size 512 --num_ng 4 --learning_rate 0.01 --server_gpu_id 0 --target_item -1
  -> seed=0 frac=1.0: ER clean=0.000 poison=0.000 retain=0.000 unlearn=0.000 | HR clean=0.785 poison=0.781  [checkpointed]
done; +1 new rows, 1 total -> /home/u4996812/poison-fru-sok-h100/data/smoke_targetPromo.csv
=== smoke result (look for ER poison >> ER clean) ===
anchor,method,seed,forget_frac,attack_saturated,target_item,hr_clean,hr_poison,hr_retain,hr_unlearned,ndcg_clean,ndcg_poison,ndcg_retain,ndcg_unlearned,er_clean,er_poison,er_retain,er_unlearned
CFRU-targetPromo-ML1M-NCF,CFRU,0,1.0,0,2248,0.7854735883424411,0.7811748633879778,0.7852519732847597,0.7830176077717057,0.3928278414152046,0.3924692777920337,0.4023326418492546,0.3920029384834308,0.0,0.0,0.0,0.0
