init fedtask...done
init clients...MAX POS IDX: 724
MAX POS IDX: 954
MAX POS IDX: 693
MAX POS IDX: 966
MAX POS IDX: 564
MAX POS IDX: 1143
MAX POS IDX: 1343
MAX POS IDX: 1520
MAX POS IDX: 730
MAX POS IDX: 799
MAX POS IDX: 1003
MAX POS IDX: 741
MAX POS IDX: 781
MAX POS IDX: 710
MAX POS IDX: 660
MAX POS IDX: 1285
MAX POS IDX: 1210
MAX POS IDX: 1015
MAX POS IDX: 1301
MAX POS IDX: 773
MAX POS IDX: 665
MAX POS IDX: 1008
MAX POS IDX: 507
MAX POS IDX: 824
MAX POS IDX: 884
MAX POS IDX: 999
MAX POS IDX: 1322
MAX POS IDX: 607
MAX POS IDX: 821
MAX POS IDX: 981
MAX POS IDX: 553
MAX POS IDX: 1215
MAX POS IDX: 1049
MAX POS IDX: 1742
MAX POS IDX: 1077
MAX POS IDX: 1257
MAX POS IDX: 1270
MAX POS IDX: 1221
MAX POS IDX: 525
MAX POS IDX: 864
MAX POS IDX: 818
MAX POS IDX: 623
MAX POS IDX: 1849
MAX POS IDX: 1151
MAX POS IDX: 804
MAX POS IDX: 843
MAX POS IDX: 1168
MAX POS IDX: 400
MAX POS IDX: 1175
MAX POS IDX: 841
MAX POS IDX: 908
MAX POS IDX: 794
MAX POS IDX: 922
MAX POS IDX: 549
MAX POS IDX: 670
MAX POS IDX: 1215
MAX POS IDX: 836
MAX POS IDX: 887
MAX POS IDX: 913
MAX POS IDX: 788
MAX POS IDX: 963
MAX POS IDX: 892
MAX POS IDX: 609
MAX POS IDX: 793
MAX POS IDX: 1225
MAX POS IDX: 1239
MAX POS IDX: 821
MAX POS IDX: 466
MAX POS IDX: 1114
MAX POS IDX: 914
MAX POS IDX: 719
MAX POS IDX: 902
MAX POS IDX: 1259
MAX POS IDX: 639
MAX POS IDX: 857
MAX POS IDX: 2313
MAX POS IDX: 836
MAX POS IDX: 1594
MAX POS IDX: 838
MAX POS IDX: 881
MAX POS IDX: 1018
MAX POS IDX: 824
MAX POS IDX: 1037
MAX POS IDX: 684
MAX POS IDX: 1219
MAX POS IDX: 728
MAX POS IDX: 1017
MAX POS IDX: 683
MAX POS IDX: 527
MAX POS IDX: 1242
MAX POS IDX: 677
MAX POS IDX: 970
MAX POS IDX: 1517
MAX POS IDX: 851
MAX POS IDX: 605
MAX POS IDX: 783
MAX POS IDX: 458
MAX POS IDX: 742
MAX POS IDX: 1157
MAX POS IDX: 835
init server...fedtasksave/movielens1m_cnum100_dist0_skew0_seed0/CFRU_NCF_Mu8_R40_P1.00_alpha0.5_seed0_none/record
done
--------------Round 0--------------
48075
55990
40990
56610
49645
56305
52035
66080
57465
47115
53145
48130
45950
49200
50970
50355
62005
63095
60800
37145
41585
54115
37400
48390
54835
57275
54420
38120
49300
41575
40110
51300
52420
50925
44950
47215
48175
54130
46805
43410
56880
41720
58230
51075
44885
46430
58155
38825
51090
50460
49370
42415
41595
37300
40055
40980
47400
54785
42965
44010
43410
50735
42175
68510
49285
56555
51535
39720
53800
48860
47895
46330
51355
52745
48945
55790
68485
66810
44415
45910
59150
52470
60720
48265
54520
59030
50000
47110
37500
58340
45215
56555
49965
45265
38975
54265
43355
49960
39370
41365
Time Cost:                    238.2117s
Hit Ratio and NDCG for top 20 recommendation!
HR@20:0.6084335154826958 and  NDCG@20:0.2832240447207795
Selected clients in this round:
[0, 1, 2, 3, 4, 5, 6, 7, 8, 9, 10, 11, 12, 13, 14, 15, 16, 17, 18, 19, 20, 21, 22, 23, 24, 25, 26, 27, 28, 29, 30, 31, 32, 33, 34, 35, 36, 37, 38, 39, 40, 41, 42, 43, 44, 45, 46, 47, 48, 49, 50, 51, 52, 53, 54, 55, 56, 57, 58, 59, 60, 61, 62, 63, 64, 65, 66, 67, 68, 69, 70, 71, 72, 73, 74, 75, 76, 77, 78, 79, 80, 81, 82, 83, 84, 85, 86, 87, 88, 89, 90, 91, 92, 93, 94, 95, 96, 97, 98, 99]
--------------Round 1--------------
48075
55990
40990
56610
49645
56305
52035
66080
57465
47115
53145
48130
45950
49200
50970
50355
62005
63095
60800
37145
41585
54115
37400
48390
54835
57275
54420
38120
49300
41575
40110
51300
52420
50925
44950
47215
48175
54130
46805
43410
56880
41720
58230
51075
44885
46430
58155
38825
51090
50460
49370
42415
41595
37300
40055
40980
47400
54785
42965
44010
43410
50735
42175
68510
49285
56555
51535
39720
53800
48860
47895
46330
51355
52745
48945
55790
68485
66810
44415
45910
59150
52470
60720
48265
54520
59030
50000
47110
37500
58340
45215
56555
49965
45265
38975
54265
43355
49960
39370
41365
Time Cost:                    236.9844s
Hit Ratio and NDCG for top 20 recommendation!
HR@20:0.6210018214936246 and  NDCG@20:0.28761784721059747
Selected clients in this round:
[0, 1, 2, 3, 4, 5, 6, 7, 8, 9, 10, 11, 12, 13, 14, 15, 16, 17, 18, 19, 20, 21, 22, 23, 24, 25, 26, 27, 28, 29, 30, 31, 32, 33, 34, 35, 36, 37, 38, 39, 40, 41, 42, 43, 44, 45, 46, 47, 48, 49, 50, 51, 52, 53, 54, 55, 56, 57, 58, 59, 60, 61, 62, 63, 64, 65, 66, 67, 68, 69, 70, 71, 72, 73, 74, 75, 76, 77, 78, 79, 80, 81, 82, 83, 84, 85, 86, 87, 88, 89, 90, 91, 92, 93, 94, 95, 96, 97, 98, 99]
--------------Round 2--------------
48075
55990
40990
56610
49645
56305
52035
66080
57465
47115
53145
48130
45950
49200
50970
50355
62005
63095
60800
37145
41585
54115
37400
48390
54835
57275
54420
38120
49300
41575
40110
51300
52420
50925
44950
47215
48175
54130
46805
43410
56880
41720
58230
51075
44885
46430
58155
38825
51090
50460
49370
42415
41595
37300
40055
40980
47400
54785
42965
44010
43410
50735
42175
68510
49285
56555
51535
39720
53800
48860
47895
46330
51355
52745
48945
55790
68485
66810
44415
45910
59150
52470
60720
48265
54520
59030
50000
47110
37500
58340
45215
56555
49965
45265
38975
54265
43355
49960
39370
41365
Time Cost:                    236.2295s
Hit Ratio and NDCG for top 20 recommendation!
HR@20:0.645531268973892 and  NDCG@20:0.29670873610413023
Selected clients in this round:
[0, 1, 2, 3, 4, 5, 6, 7, 8, 9, 10, 11, 12, 13, 14, 15, 16, 17, 18, 19, 20, 21, 22, 23, 24, 25, 26, 27, 28, 29, 30, 31, 32, 33, 34, 35, 36, 37, 38, 39, 40, 41, 42, 43, 44, 45, 46, 47, 48, 49, 50, 51, 52, 53, 54, 55, 56, 57, 58, 59, 60, 61, 62, 63, 64, 65, 66, 67, 68, 69, 70, 71, 72, 73, 74, 75, 76, 77, 78, 79, 80, 81, 82, 83, 84, 85, 86, 87, 88, 89, 90, 91, 92, 93, 94, 95, 96, 97, 98, 99]
--------------Round 3--------------
48075
55990
40990
56610
49645
56305
52035
66080
57465
47115
53145
48130
45950
49200
50970
50355
62005
63095
60800
37145
41585
54115
37400
48390
54835
57275
54420
38120
49300
41575
40110
51300
52420
50925
44950
47215
48175
54130
46805
43410
56880
41720
58230
51075
44885
46430
58155
38825
51090
50460
49370
42415
41595
37300
40055
40980
47400
54785
42965
44010
43410
50735
42175
68510
49285
56555
51535
39720
53800
48860
47895
46330
51355
52745
48945
55790
68485
66810
44415
45910
59150
52470
60720
48265
54520
59030
50000
47110
37500
58340
45215
56555
49965
45265
38975
54265
43355
49960
39370
41365
Time Cost:                    236.7645s
Hit Ratio and NDCG for top 20 recommendation!
HR@20:0.6648876745598057 and  NDCG@20:0.3044692790949187
Selected clients in this round:
[0, 1, 2, 3, 4, 5, 6, 7, 8, 9, 10, 11, 12, 13, 14, 15, 16, 17, 18, 19, 20, 21, 22, 23, 24, 25, 26, 27, 28, 29, 30, 31, 32, 33, 34, 35, 36, 37, 38, 39, 40, 41, 42, 43, 44, 45, 46, 47, 48, 49, 50, 51, 52, 53, 54, 55, 56, 57, 58, 59, 60, 61, 62, 63, 64, 65, 66, 67, 68, 69, 70, 71, 72, 73, 74, 75, 76, 77, 78, 79, 80, 81, 82, 83, 84, 85, 86, 87, 88, 89, 90, 91, 92, 93, 94, 95, 96, 97, 98, 99]
--------------Round 4--------------
48075
55990
40990
56610
49645
56305
52035
66080
57465
47115
53145
48130
45950
49200
50970
50355
62005
63095
60800
37145
41585
54115
37400
48390
54835
57275
54420
38120
49300
41575
40110
51300
52420
50925
44950
47215
48175
54130
46805
43410
56880
41720
58230
51075
44885
46430
58155
38825
51090
50460
49370
42415
41595
37300
40055
40980
47400
54785
42965
44010
43410
50735
42175
68510
49285
56555
51535
39720
53800
48860
47895
46330
51355
52745
48945
55790
68485
66810
44415
45910
59150
52470
60720
48265
54520
59030
50000
47110
37500
58340
45215
56555
49965
45265
38975
54265
43355
49960
39370
41365
Time Cost:                    236.8164s
Hit Ratio and NDCG for top 20 recommendation!
HR@20:0.680840922890103 and  NDCG@20:0.3079599518971717
Selected clients in this round:
[0, 1, 2, 3, 4, 5, 6, 7, 8, 9, 10, 11, 12, 13, 14, 15, 16, 17, 18, 19, 20, 21, 22, 23, 24, 25, 26, 27, 28, 29, 30, 31, 32, 33, 34, 35, 36, 37, 38, 39, 40, 41, 42, 43, 44, 45, 46, 47, 48, 49, 50, 51, 52, 53, 54, 55, 56, 57, 58, 59, 60, 61, 62, 63, 64, 65, 66, 67, 68, 69, 70, 71, 72, 73, 74, 75, 76, 77, 78, 79, 80, 81, 82, 83, 84, 85, 86, 87, 88, 89, 90, 91, 92, 93, 94, 95, 96, 97, 98, 99]
--------------Round 5--------------
48075
55990
40990
56610
49645
56305
52035
66080
57465
47115
53145
48130
45950
49200
50970
50355
62005
63095
60800
37145
41585
54115
37400
48390
54835
57275
54420
38120
49300
41575
40110
51300
52420
50925
44950
47215
48175
54130
46805
43410
56880
41720
58230
51075
44885
46430
58155
38825
51090
50460
49370
42415
41595
37300
40055
40980
47400
54785
42965
44010
43410
50735
42175
68510
49285
56555
51535
39720
53800
48860
47895
46330
51355
52745
48945
55790
68485
66810
44415
45910
59150
52470
60720
48265
54520
59030
50000
47110
37500
58340
45215
56555
49965
45265
38975
54265
43355
49960
39370
41365
Time Cost:                    237.0450s
Hit Ratio and NDCG for top 20 recommendation!
HR@20:0.6939435336976318 and  NDCG@20:0.32301367549290266
Selected clients in this round:
[0, 1, 2, 3, 4, 5, 6, 7, 8, 9, 10, 11, 12, 13, 14, 15, 16, 17, 18, 19, 20, 21, 22, 23, 24, 25, 26, 27, 28, 29, 30, 31, 32, 33, 34, 35, 36, 37, 38, 39, 40, 41, 42, 43, 44, 45, 46, 47, 48, 49, 50, 51, 52, 53, 54, 55, 56, 57, 58, 59, 60, 61, 62, 63, 64, 65, 66, 67, 68, 69, 70, 71, 72, 73, 74, 75, 76, 77, 78, 79, 80, 81, 82, 83, 84, 85, 86, 87, 88, 89, 90, 91, 92, 93, 94, 95, 96, 97, 98, 99]
--------------Round 6--------------
48075
55990
40990
56610
49645
56305
52035
66080
57465
47115
53145
48130
45950
49200
50970
50355
62005
63095
60800
37145
41585
54115
37400
48390
54835
57275
54420
38120
49300
41575
40110
51300
52420
50925
44950
47215
48175
54130
46805
43410
56880
41720
58230
51075
44885
46430
58155
38825
51090
50460
49370
42415
41595
37300
40055
40980
47400
54785
42965
44010
43410
50735
42175
68510
49285
56555
51535
39720
53800
48860
47895
46330
51355
52745
48945
55790
68485
66810
44415
45910
59150
52470
60720
48265
54520
59030
50000
47110
37500
58340
45215
56555
49965
45265
38975
54265
43355
49960
39370
41365
Time Cost:                    237.6314s
Hit Ratio and NDCG for top 20 recommendation!
HR@20:0.6930085003035822 and  NDCG@20:0.32322107916142295
Selected clients in this round:
[0, 1, 2, 3, 4, 5, 6, 7, 8, 9, 10, 11, 12, 13, 14, 15, 16, 17, 18, 19, 20, 21, 22, 23, 24, 25, 26, 27, 28, 29, 30, 31, 32, 33, 34, 35, 36, 37, 38, 39, 40, 41, 42, 43, 44, 45, 46, 47, 48, 49, 50, 51, 52, 53, 54, 55, 56, 57, 58, 59, 60, 61, 62, 63, 64, 65, 66, 67, 68, 69, 70, 71, 72, 73, 74, 75, 76, 77, 78, 79, 80, 81, 82, 83, 84, 85, 86, 87, 88, 89, 90, 91, 92, 93, 94, 95, 96, 97, 98, 99]
--------------Round 7--------------
48075
55990
40990
56610
49645
56305
52035
66080
57465
47115
53145
48130
45950
49200
50970
50355
62005
63095
60800
37145
41585
54115
37400
48390
54835
57275
54420
38120
49300
41575
40110
51300
52420
50925
44950
47215
48175
54130
46805
43410
56880
41720
58230
51075
44885
46430
58155
38825
51090
50460
49370
42415
41595
37300
40055
40980
47400
54785
42965
44010
43410
50735
42175
68510
49285
56555
51535
39720
53800
48860
47895
46330
51355
52745
48945
55790
68485
66810
44415
45910
59150
52470
60720
48265
54520
59030
50000
47110
37500
58340
45215
56555
49965
45265
38975
54265
43355
49960
39370
41365
Time Cost:                    241.5719s
Hit Ratio and NDCG for top 20 recommendation!
HR@20:0.6987522768670311 and  NDCG@20:0.32595926253505486
Selected clients in this round:
[0, 1, 2, 3, 4, 5, 6, 7, 8, 9, 10, 11, 12, 13, 14, 15, 16, 17, 18, 19, 20, 21, 22, 23, 24, 25, 26, 27, 28, 29, 30, 31, 32, 33, 34, 35, 36, 37, 38, 39, 40, 41, 42, 43, 44, 45, 46, 47, 48, 49, 50, 51, 52, 53, 54, 55, 56, 57, 58, 59, 60, 61, 62, 63, 64, 65, 66, 67, 68, 69, 70, 71, 72, 73, 74, 75, 76, 77, 78, 79, 80, 81, 82, 83, 84, 85, 86, 87, 88, 89, 90, 91, 92, 93, 94, 95, 96, 97, 98, 99]
--------------Round 8--------------
48075
55990
40990
56610
49645
56305
52035
66080
57465
47115
53145
48130
45950
49200
50970
50355
62005
63095
60800
37145
41585
54115
37400
48390
54835
57275
54420
38120
49300
41575
40110
51300
52420
50925
44950
47215
48175
54130
46805
43410
56880
41720
58230
51075
44885
46430
58155
38825
51090
50460
49370
42415
41595
37300
40055
40980
47400
54785
42965
44010
43410
50735
42175
68510
49285
56555
51535
39720
53800
48860
47895
46330
51355
52745
48945
55790
68485
66810
44415
45910
59150
52470
60720
48265
54520
59030
50000
47110
37500
58340
45215
56555
49965
45265
38975
54265
43355
49960
39370
41365
Time Cost:                    241.3788s
Hit Ratio and NDCG for top 20 recommendation!
HR@20:0.7048057073466908 and  NDCG@20:0.32999607705332074
Selected clients in this round:
[0, 1, 2, 3, 4, 5, 6, 7, 8, 9, 10, 11, 12, 13, 14, 15, 16, 17, 18, 19, 20, 21, 22, 23, 24, 25, 26, 27, 28, 29, 30, 31, 32, 33, 34, 35, 36, 37, 38, 39, 40, 41, 42, 43, 44, 45, 46, 47, 48, 49, 50, 51, 52, 53, 54, 55, 56, 57, 58, 59, 60, 61, 62, 63, 64, 65, 66, 67, 68, 69, 70, 71, 72, 73, 74, 75, 76, 77, 78, 79, 80, 81, 82, 83, 84, 85, 86, 87, 88, 89, 90, 91, 92, 93, 94, 95, 96, 97, 98, 99]
--------------Round 9--------------
48075
55990
40990
56610
49645
56305
52035
66080
57465
47115
53145
48130
45950
49200
50970
50355
62005
63095
60800
37145
41585
54115
37400
48390
54835
57275
54420
38120
49300
41575
40110
51300
52420
50925
44950
47215
48175
54130
46805
43410
56880
41720
58230
51075
44885
46430
58155
38825
51090
50460
49370
42415
41595
37300
40055
40980
47400
54785
42965
44010
43410
50735
42175
68510
49285
56555
51535
39720
53800
48860
47895
46330
51355
52745
48945
55790
68485
66810
44415
45910
59150
52470
60720
48265
54520
59030
50000
47110
37500
58340
45215
56555
49965
45265
38975
54265
43355
49960
39370
41365
Time Cost:                    240.8120s
Hit Ratio and NDCG for top 20 recommendation!
HR@20:0.7094535519125682 and  NDCG@20:0.32871098727231207
Selected clients in this round:
[0, 1, 2, 3, 4, 5, 6, 7, 8, 9, 10, 11, 12, 13, 14, 15, 16, 17, 18, 19, 20, 21, 22, 23, 24, 25, 26, 27, 28, 29, 30, 31, 32, 33, 34, 35, 36, 37, 38, 39, 40, 41, 42, 43, 44, 45, 46, 47, 48, 49, 50, 51, 52, 53, 54, 55, 56, 57, 58, 59, 60, 61, 62, 63, 64, 65, 66, 67, 68, 69, 70, 71, 72, 73, 74, 75, 76, 77, 78, 79, 80, 81, 82, 83, 84, 85, 86, 87, 88, 89, 90, 91, 92, 93, 94, 95, 96, 97, 98, 99]
--------------Round 10--------------
48075
55990
40990
56610
49645
56305
52035
66080
57465
47115
53145
48130
45950
49200
50970
50355
62005
63095
60800
37145
41585
54115
37400
48390
54835
57275
54420
38120
49300
41575
40110
51300
52420
50925
44950
47215
48175
54130
46805
43410
56880
41720
58230
51075
44885
46430
58155
38825
51090
50460
49370
42415
41595
37300
40055
40980
47400
54785
42965
44010
43410
50735
42175
68510
49285
56555
51535
39720
53800
48860
47895
46330
51355
52745
48945
55790
68485
66810
44415
45910
59150
52470
60720
48265
54520
59030
50000
47110
37500
58340
45215
56555
49965
45265
38975
54265
43355
49960
39370
41365
Time Cost:                    241.6359s
Hit Ratio and NDCG for top 20 recommendation!
HR@20:0.7043108682452945 and  NDCG@20:0.33296109484489106
Selected clients in this round:
[0, 1, 2, 3, 4, 5, 6, 7, 8, 9, 10, 11, 12, 13, 14, 15, 16, 17, 18, 19, 20, 21, 22, 23, 24, 25, 26, 27, 28, 29, 30, 31, 32, 33, 34, 35, 36, 37, 38, 39, 40, 41, 42, 43, 44, 45, 46, 47, 48, 49, 50, 51, 52, 53, 54, 55, 56, 57, 58, 59, 60, 61, 62, 63, 64, 65, 66, 67, 68, 69, 70, 71, 72, 73, 74, 75, 76, 77, 78, 79, 80, 81, 82, 83, 84, 85, 86, 87, 88, 89, 90, 91, 92, 93, 94, 95, 96, 97, 98, 99]
--------------Round 11--------------
48075
55990
40990
56610
49645
56305
52035
66080
57465
47115
53145
48130
45950
49200
50970
50355
62005
63095
60800
37145
41585
54115
37400
48390
54835
57275
54420
38120
49300
41575
40110
51300
52420
50925
44950
47215
48175
54130
46805
43410
56880
41720
58230
51075
44885
46430
58155
38825
51090
50460
49370
42415
41595
37300
40055
40980
47400
54785
42965
44010
43410
50735
42175
68510
49285
56555
51535
39720
53800
48860
47895
46330
51355
52745
48945
55790
68485
66810
44415
45910
59150
52470
60720
48265
54520
59030
50000
47110
37500
58340
45215
56555
49965
45265
38975
54265
43355
49960
39370
41365
Time Cost:                    240.1937s
Hit Ratio and NDCG for top 20 recommendation!
HR@20:0.7116302367941713 and  NDCG@20:0.3352474030476427
Selected clients in this round:
[0, 1, 2, 3, 4, 5, 6, 7, 8, 9, 10, 11, 12, 13, 14, 15, 16, 17, 18, 19, 20, 21, 22, 23, 24, 25, 26, 27, 28, 29, 30, 31, 32, 33, 34, 35, 36, 37, 38, 39, 40, 41, 42, 43, 44, 45, 46, 47, 48, 49, 50, 51, 52, 53, 54, 55, 56, 57, 58, 59, 60, 61, 62, 63, 64, 65, 66, 67, 68, 69, 70, 71, 72, 73, 74, 75, 76, 77, 78, 79, 80, 81, 82, 83, 84, 85, 86, 87, 88, 89, 90, 91, 92, 93, 94, 95, 96, 97, 98, 99]
--------------Round 12--------------
48075
55990
40990
56610
49645
56305
52035
66080
57465
47115
53145
48130
45950
49200
50970
50355
62005
63095
60800
37145
41585
54115
37400
48390
54835
57275
54420
38120
49300
41575
40110
51300
52420
50925
44950
47215
48175
54130
46805
43410
56880
41720
58230
51075
44885
46430
58155
38825
51090
50460
49370
42415
41595
37300
40055
40980
47400
54785
42965
44010
43410
50735
42175
68510
49285
56555
51535
39720
53800
48860
47895
46330
51355
52745
48945
55790
68485
66810
44415
45910
59150
52470
60720
48265
54520
59030
50000
47110
37500
58340
45215
56555
49965
45265
38975
54265
43355
49960
39370
41365
Time Cost:                    239.9565s
Hit Ratio and NDCG for top 20 recommendation!
HR@20:0.6998330297510624 and  NDCG@20:0.32932151497148654
Selected clients in this round:
[0, 1, 2, 3, 4, 5, 6, 7, 8, 9, 10, 11, 12, 13, 14, 15, 16, 17, 18, 19, 20, 21, 22, 23, 24, 25, 26, 27, 28, 29, 30, 31, 32, 33, 34, 35, 36, 37, 38, 39, 40, 41, 42, 43, 44, 45, 46, 47, 48, 49, 50, 51, 52, 53, 54, 55, 56, 57, 58, 59, 60, 61, 62, 63, 64, 65, 66, 67, 68, 69, 70, 71, 72, 73, 74, 75, 76, 77, 78, 79, 80, 81, 82, 83, 84, 85, 86, 87, 88, 89, 90, 91, 92, 93, 94, 95, 96, 97, 98, 99]
--------------Round 13--------------
48075
55990
40990
56610
49645
56305
52035
66080
57465
47115
53145
48130
45950
49200
50970
50355
62005
63095
60800
37145
41585
54115
37400
48390
54835
57275
54420
38120
49300
41575
40110
51300
52420
50925
44950
47215
48175
54130
46805
43410
56880
41720
58230
51075
44885
46430
58155
38825
51090
50460
49370
42415
41595
37300
40055
40980
47400
54785
42965
44010
43410
50735
42175
68510
49285
56555
51535
39720
53800
48860
47895
46330
51355
52745
48945
55790
68485
66810
44415
45910
59150
52470
60720
48265
54520
59030
50000
47110
37500
58340
45215
56555
49965
45265
38975
54265
43355
49960
39370
41365
Time Cost:                    240.6725s
Hit Ratio and NDCG for top 20 recommendation!
HR@20:0.7072161505768063 and  NDCG@20:0.3304639563730407
Selected clients in this round:
[0, 1, 2, 3, 4, 5, 6, 7, 8, 9, 10, 11, 12, 13, 14, 15, 16, 17, 18, 19, 20, 21, 22, 23, 24, 25, 26, 27, 28, 29, 30, 31, 32, 33, 34, 35, 36, 37, 38, 39, 40, 41, 42, 43, 44, 45, 46, 47, 48, 49, 50, 51, 52, 53, 54, 55, 56, 57, 58, 59, 60, 61, 62, 63, 64, 65, 66, 67, 68, 69, 70, 71, 72, 73, 74, 75, 76, 77, 78, 79, 80, 81, 82, 83, 84, 85, 86, 87, 88, 89, 90, 91, 92, 93, 94, 95, 96, 97, 98, 99]
--------------Round 14--------------
48075
55990
40990
56610
49645
56305
52035
66080
57465
47115
53145
48130
45950
49200
50970
50355
62005
63095
60800
37145
41585
54115
37400
48390
54835
57275
54420
38120
49300
41575
40110
51300
52420
50925
44950
47215
48175
54130
46805
43410
56880
41720
58230
51075
44885
46430
58155
38825
51090
50460
49370
42415
41595
37300
40055
40980
47400
54785
42965
44010
43410
50735
42175
68510
49285
56555
51535
39720
53800
48860
47895
46330
51355
52745
48945
55790
68485
66810
44415
45910
59150
52470
60720
48265
54520
59030
50000
47110
37500
58340
45215
56555
49965
45265
38975
54265
43355
49960
39370
41365
Time Cost:                    240.3070s
Hit Ratio and NDCG for top 20 recommendation!
HR@20:0.7121797207043108 and  NDCG@20:0.33673300235887305
Selected clients in this round:
[0, 1, 2, 3, 4, 5, 6, 7, 8, 9, 10, 11, 12, 13, 14, 15, 16, 17, 18, 19, 20, 21, 22, 23, 24, 25, 26, 27, 28, 29, 30, 31, 32, 33, 34, 35, 36, 37, 38, 39, 40, 41, 42, 43, 44, 45, 46, 47, 48, 49, 50, 51, 52, 53, 54, 55, 56, 57, 58, 59, 60, 61, 62, 63, 64, 65, 66, 67, 68, 69, 70, 71, 72, 73, 74, 75, 76, 77, 78, 79, 80, 81, 82, 83, 84, 85, 86, 87, 88, 89, 90, 91, 92, 93, 94, 95, 96, 97, 98, 99]
--------------Round 15--------------
48075
55990
40990
56610
49645
56305
52035
66080
57465
47115
53145
48130
45950
49200
50970
50355
62005
63095
60800
37145
41585
54115
37400
48390
54835
57275
54420
38120
49300
41575
40110
51300
52420
50925
44950
47215
48175
54130
46805
43410
56880
41720
58230
51075
44885
46430
58155
38825
51090
50460
49370
42415
41595
37300
40055
40980
47400
54785
42965
44010
43410
50735
42175
68510
49285
56555
51535
39720
53800
48860
47895
46330
51355
52745
48945
55790
68485
66810
44415
45910
59150
52470
60720
48265
54520
59030
50000
47110
37500
58340
45215
56555
49965
45265
38975
54265
43355
49960
39370
41365
Time Cost:                    241.3673s
Hit Ratio and NDCG for top 20 recommendation!
HR@20:0.7057498482088644 and  NDCG@20:0.3350838960414714
Selected clients in this round:
[0, 1, 2, 3, 4, 5, 6, 7, 8, 9, 10, 11, 12, 13, 14, 15, 16, 17, 18, 19, 20, 21, 22, 23, 24, 25, 26, 27, 28, 29, 30, 31, 32, 33, 34, 35, 36, 37, 38, 39, 40, 41, 42, 43, 44, 45, 46, 47, 48, 49, 50, 51, 52, 53, 54, 55, 56, 57, 58, 59, 60, 61, 62, 63, 64, 65, 66, 67, 68, 69, 70, 71, 72, 73, 74, 75, 76, 77, 78, 79, 80, 81, 82, 83, 84, 85, 86, 87, 88, 89, 90, 91, 92, 93, 94, 95, 96, 97, 98, 99]
--------------Round 16--------------
48075
55990
40990
56610
49645
56305
52035
66080
57465
47115
53145
48130
45950
49200
50970
50355
62005
63095
60800
37145
41585
54115
37400
48390
54835
57275
54420
38120
49300
41575
40110
51300
52420
50925
44950
47215
48175
54130
46805
43410
56880
41720
58230
51075
44885
46430
58155
38825
51090
50460
49370
42415
41595
37300
40055
40980
47400
54785
42965
44010
43410
50735
42175
68510
49285
56555
51535
39720
53800
48860
47895
46330
51355
52745
48945
55790
68485
66810
44415
45910
59150
52470
60720
48265
54520
59030
50000
47110
37500
58340
45215
56555
49965
45265
38975
54265
43355
49960
39370
41365
Time Cost:                    240.2366s
Hit Ratio and NDCG for top 20 recommendation!
HR@20:0.7101669702489375 and  NDCG@20:0.33447063005534633
Selected clients in this round:
[0, 1, 2, 3, 4, 5, 6, 7, 8, 9, 10, 11, 12, 13, 14, 15, 16, 17, 18, 19, 20, 21, 22, 23, 24, 25, 26, 27, 28, 29, 30, 31, 32, 33, 34, 35, 36, 37, 38, 39, 40, 41, 42, 43, 44, 45, 46, 47, 48, 49, 50, 51, 52, 53, 54, 55, 56, 57, 58, 59, 60, 61, 62, 63, 64, 65, 66, 67, 68, 69, 70, 71, 72, 73, 74, 75, 76, 77, 78, 79, 80, 81, 82, 83, 84, 85, 86, 87, 88, 89, 90, 91, 92, 93, 94, 95, 96, 97, 98, 99]
--------------Round 17--------------
48075
55990
40990
56610
49645
56305
52035
66080
57465
47115
53145
48130
45950
49200
50970
50355
62005
63095
60800
37145
41585
54115
37400
48390
54835
57275
54420
38120
49300
41575
40110
51300
52420
50925
44950
47215
48175
54130
46805
43410
56880
41720
58230
51075
44885
46430
58155
38825
51090
50460
49370
42415
41595
37300
40055
40980
47400
54785
42965
44010
43410
50735
42175
68510
49285
56555
51535
39720
53800
48860
47895
46330
51355
52745
48945
55790
68485
66810
44415
45910
59150
52470
60720
48265
54520
59030
50000
47110
37500
58340
45215
56555
49965
45265
38975
54265
43355
49960
39370
41365
Time Cost:                    237.1546s
Hit Ratio and NDCG for top 20 recommendation!
HR@20:0.7136520947176683 and  NDCG@20:0.3385576052382967
Selected clients in this round:
[0, 1, 2, 3, 4, 5, 6, 7, 8, 9, 10, 11, 12, 13, 14, 15, 16, 17, 18, 19, 20, 21, 22, 23, 24, 25, 26, 27, 28, 29, 30, 31, 32, 33, 34, 35, 36, 37, 38, 39, 40, 41, 42, 43, 44, 45, 46, 47, 48, 49, 50, 51, 52, 53, 54, 55, 56, 57, 58, 59, 60, 61, 62, 63, 64, 65, 66, 67, 68, 69, 70, 71, 72, 73, 74, 75, 76, 77, 78, 79, 80, 81, 82, 83, 84, 85, 86, 87, 88, 89, 90, 91, 92, 93, 94, 95, 96, 97, 98, 99]
--------------Round 18--------------
48075
55990
40990
56610
49645
56305
52035
66080
57465
47115
53145
48130
45950
49200
50970
50355
62005
63095
60800
37145
41585
54115
37400
48390
54835
57275
54420
38120
49300
41575
40110
51300
52420
50925
44950
47215
48175
54130
46805
43410
56880
41720
58230
51075
44885
46430
58155
38825
51090
50460
49370
42415
41595
37300
40055
40980
47400
54785
42965
44010
43410
50735
42175
68510
49285
56555
51535
39720
53800
48860
47895
46330
51355
52745
48945
55790
68485
66810
44415
45910
59150
52470
60720
48265
54520
59030
50000
47110
37500
58340
45215
56555
49965
45265
38975
54265
43355
49960
39370
41365
Time Cost:                    236.1361s
Hit Ratio and NDCG for top 20 recommendation!
HR@20:0.7095992714025499 and  NDCG@20:0.3381104335143122
Selected clients in this round:
[0, 1, 2, 3, 4, 5, 6, 7, 8, 9, 10, 11, 12, 13, 14, 15, 16, 17, 18, 19, 20, 21, 22, 23, 24, 25, 26, 27, 28, 29, 30, 31, 32, 33, 34, 35, 36, 37, 38, 39, 40, 41, 42, 43, 44, 45, 46, 47, 48, 49, 50, 51, 52, 53, 54, 55, 56, 57, 58, 59, 60, 61, 62, 63, 64, 65, 66, 67, 68, 69, 70, 71, 72, 73, 74, 75, 76, 77, 78, 79, 80, 81, 82, 83, 84, 85, 86, 87, 88, 89, 90, 91, 92, 93, 94, 95, 96, 97, 98, 99]
--------------Round 19--------------
48075
55990
40990
56610
49645
56305
52035
66080
57465
47115
53145
48130
45950
49200
50970
50355
62005
63095
60800
37145
41585
54115
37400
48390
54835
57275
54420
38120
49300
41575
40110
51300
52420
50925
44950
47215
48175
54130
46805
43410
56880
41720
58230
51075
44885
46430
58155
38825
51090
50460
49370
42415
41595
37300
40055
40980
47400
54785
42965
44010
43410
50735
42175
68510
49285
56555
51535
39720
53800
48860
47895
46330
51355
52745
48945
55790
68485
66810
44415
45910
59150
52470
60720
48265
54520
59030
50000
47110
37500
58340
45215
56555
49965
45265
38975
54265
43355
49960
39370
41365
Time Cost:                    236.1749s
Hit Ratio and NDCG for top 20 recommendation!
HR@20:0.7134638737097754 and  NDCG@20:0.33901776011646967
Selected clients in this round:
[0, 1, 2, 3, 4, 5, 6, 7, 8, 9, 10, 11, 12, 13, 14, 15, 16, 17, 18, 19, 20, 21, 22, 23, 24, 25, 26, 27, 28, 29, 30, 31, 32, 33, 34, 35, 36, 37, 38, 39, 40, 41, 42, 43, 44, 45, 46, 47, 48, 49, 50, 51, 52, 53, 54, 55, 56, 57, 58, 59, 60, 61, 62, 63, 64, 65, 66, 67, 68, 69, 70, 71, 72, 73, 74, 75, 76, 77, 78, 79, 80, 81, 82, 83, 84, 85, 86, 87, 88, 89, 90, 91, 92, 93, 94, 95, 96, 97, 98, 99]
--------------Round 20--------------
48075
55990
40990
56610
49645
56305
52035
66080
57465
47115
53145
48130
45950
49200
50970
50355
62005
63095
60800
37145
41585
54115
37400
48390
54835
57275
54420
38120
49300
41575
40110
51300
52420
50925
44950
47215
48175
54130
46805
43410
56880
41720
58230
51075
44885
46430
58155
38825
51090
50460
49370
42415
41595
37300
40055
40980
47400
54785
42965
44010
43410
50735
42175
68510
49285
56555
51535
39720
53800
48860
47895
46330
51355
52745
48945
55790
68485
66810
44415
45910
59150
52470
60720
48265
54520
59030
50000
47110
37500
58340
45215
56555
49965
45265
38975
54265
43355
49960
39370
41365
Time Cost:                    236.0697s
Hit Ratio and NDCG for top 20 recommendation!
HR@20:0.7133272616879176 and  NDCG@20:0.3353191898499545
Selected clients in this round:
[0, 1, 2, 3, 4, 5, 6, 7, 8, 9, 10, 11, 12, 13, 14, 15, 16, 17, 18, 19, 20, 21, 22, 23, 24, 25, 26, 27, 28, 29, 30, 31, 32, 33, 34, 35, 36, 37, 38, 39, 40, 41, 42, 43, 44, 45, 46, 47, 48, 49, 50, 51, 52, 53, 54, 55, 56, 57, 58, 59, 60, 61, 62, 63, 64, 65, 66, 67, 68, 69, 70, 71, 72, 73, 74, 75, 76, 77, 78, 79, 80, 81, 82, 83, 84, 85, 86, 87, 88, 89, 90, 91, 92, 93, 94, 95, 96, 97, 98, 99]
--------------Round 21--------------
48075
55990
40990
56610
49645
56305
52035
66080
57465
47115
53145
48130
45950
49200
50970
50355
62005
63095
60800
37145
41585
54115
37400
48390
54835
57275
54420
38120
49300
41575
40110
51300
52420
50925
44950
47215
48175
54130
46805
43410
56880
41720
58230
51075
44885
46430
58155
38825
51090
50460
49370
42415
41595
37300
40055
40980
47400
54785
42965
44010
43410
50735
42175
68510
49285
56555
51535
39720
53800
48860
47895
46330
51355
52745
48945
55790
68485
66810
44415
45910
59150
52470
60720
48265
54520
59030
50000
47110
37500
58340
45215
56555
49965
45265
38975
54265
43355
49960
39370
41365
Time Cost:                    234.7851s
Hit Ratio and NDCG for top 20 recommendation!
HR@20:0.7130570734669095 and  NDCG@20:0.3379572592025252
Selected clients in this round:
[0, 1, 2, 3, 4, 5, 6, 7, 8, 9, 10, 11, 12, 13, 14, 15, 16, 17, 18, 19, 20, 21, 22, 23, 24, 25, 26, 27, 28, 29, 30, 31, 32, 33, 34, 35, 36, 37, 38, 39, 40, 41, 42, 43, 44, 45, 46, 47, 48, 49, 50, 51, 52, 53, 54, 55, 56, 57, 58, 59, 60, 61, 62, 63, 64, 65, 66, 67, 68, 69, 70, 71, 72, 73, 74, 75, 76, 77, 78, 79, 80, 81, 82, 83, 84, 85, 86, 87, 88, 89, 90, 91, 92, 93, 94, 95, 96, 97, 98, 99]
--------------Round 22--------------
48075
55990
40990
56610
49645
56305
52035
66080
57465
47115
53145
48130
45950
49200
50970
50355
62005
63095
60800
37145
41585
54115
37400
48390
54835
57275
54420
38120
49300
41575
40110
51300
52420
50925
44950
47215
48175
54130
46805
43410
56880
41720
58230
51075
44885
46430
58155
38825
51090
50460
49370
42415
41595
37300
40055
40980
47400
54785
42965
44010
43410
50735
42175
68510
49285
56555
51535
39720
53800
48860
47895
46330
51355
52745
48945
55790
68485
66810
44415
45910
59150
52470
60720
48265
54520
59030
50000
47110
37500
58340
45215
56555
49965
45265
38975
54265
43355
49960
39370
41365
Time Cost:                    235.9895s
Hit Ratio and NDCG for top 20 recommendation!
HR@20:0.7169611414693383 and  NDCG@20:0.33930695652357806
Selected clients in this round:
[0, 1, 2, 3, 4, 5, 6, 7, 8, 9, 10, 11, 12, 13, 14, 15, 16, 17, 18, 19, 20, 21, 22, 23, 24, 25, 26, 27, 28, 29, 30, 31, 32, 33, 34, 35, 36, 37, 38, 39, 40, 41, 42, 43, 44, 45, 46, 47, 48, 49, 50, 51, 52, 53, 54, 55, 56, 57, 58, 59, 60, 61, 62, 63, 64, 65, 66, 67, 68, 69, 70, 71, 72, 73, 74, 75, 76, 77, 78, 79, 80, 81, 82, 83, 84, 85, 86, 87, 88, 89, 90, 91, 92, 93, 94, 95, 96, 97, 98, 99]
--------------Round 23--------------
48075
55990
40990
56610
49645
56305
52035
66080
57465
47115
53145
48130
45950
49200
50970
50355
62005
63095
60800
37145
41585
54115
37400
48390
54835
57275
54420
38120
49300
41575
40110
51300
52420
50925
44950
47215
48175
54130
46805
43410
56880
41720
58230
51075
44885
46430
58155
38825
51090
50460
49370
42415
41595
37300
40055
40980
47400
54785
42965
44010
43410
50735
42175
68510
49285
56555
51535
39720
53800
48860
47895
46330
51355
52745
48945
55790
68485
66810
44415
45910
59150
52470
60720
48265
54520
59030
50000
47110
37500
58340
45215
56555
49965
45265
38975
54265
43355
49960
39370
41365
Time Cost:                    235.0703s
Hit Ratio and NDCG for top 20 recommendation!
HR@20:0.7158621736490591 and  NDCG@20:0.3368862921943877
Selected clients in this round:
[0, 1, 2, 3, 4, 5, 6, 7, 8, 9, 10, 11, 12, 13, 14, 15, 16, 17, 18, 19, 20, 21, 22, 23, 24, 25, 26, 27, 28, 29, 30, 31, 32, 33, 34, 35, 36, 37, 38, 39, 40, 41, 42, 43, 44, 45, 46, 47, 48, 49, 50, 51, 52, 53, 54, 55, 56, 57, 58, 59, 60, 61, 62, 63, 64, 65, 66, 67, 68, 69, 70, 71, 72, 73, 74, 75, 76, 77, 78, 79, 80, 81, 82, 83, 84, 85, 86, 87, 88, 89, 90, 91, 92, 93, 94, 95, 96, 97, 98, 99]
--------------Round 24--------------
48075
55990
40990
56610
49645
56305
52035
66080
57465
47115
53145
48130
45950
49200
50970
50355
62005
63095
60800
37145
41585
54115
37400
48390
54835
57275
54420
38120
49300
41575
40110
51300
52420
50925
44950
47215
48175
54130
46805
43410
56880
41720
58230
51075
44885
46430
58155
38825
51090
50460
49370
42415
41595
37300
40055
40980
47400
54785
42965
44010
43410
50735
42175
68510
49285
56555
51535
39720
53800
48860
47895
46330
51355
52745
48945
55790
68485
66810
44415
45910
59150
52470
60720
48265
54520
59030
50000
47110
37500
58340
45215
56555
49965
45265
38975
54265
43355
49960
39370
41365
Time Cost:                    236.4926s
Hit Ratio and NDCG for top 20 recommendation!
HR@20:0.7069763205828777 and  NDCG@20:0.33883846670301615
Selected clients in this round:
[0, 1, 2, 3, 4, 5, 6, 7, 8, 9, 10, 11, 12, 13, 14, 15, 16, 17, 18, 19, 20, 21, 22, 23, 24, 25, 26, 27, 28, 29, 30, 31, 32, 33, 34, 35, 36, 37, 38, 39, 40, 41, 42, 43, 44, 45, 46, 47, 48, 49, 50, 51, 52, 53, 54, 55, 56, 57, 58, 59, 60, 61, 62, 63, 64, 65, 66, 67, 68, 69, 70, 71, 72, 73, 74, 75, 76, 77, 78, 79, 80, 81, 82, 83, 84, 85, 86, 87, 88, 89, 90, 91, 92, 93, 94, 95, 96, 97, 98, 99]
--------------Round 25--------------
48075
55990
40990
56610
49645
56305
52035
66080
57465
47115
53145
48130
45950
49200
50970
50355
62005
63095
60800
37145
41585
54115
37400
48390
54835
57275
54420
38120
49300
41575
40110
51300
52420
50925
44950
47215
48175
54130
46805
43410
56880
41720
58230
51075
44885
46430
58155
38825
51090
50460
49370
42415
41595
37300
40055
40980
47400
54785
42965
44010
43410
50735
42175
68510
49285
56555
51535
39720
53800
48860
47895
46330
51355
52745
48945
55790
68485
66810
44415
45910
59150
52470
60720
48265
54520
59030
50000
47110
37500
58340
45215
56555
49965
45265
38975
54265
43355
49960
39370
41365
Time Cost:                    237.5464s
Hit Ratio and NDCG for top 20 recommendation!
HR@20:0.7174559805707345 and  NDCG@20:0.342913594413721
Selected clients in this round:
[0, 1, 2, 3, 4, 5, 6, 7, 8, 9, 10, 11, 12, 13, 14, 15, 16, 17, 18, 19, 20, 21, 22, 23, 24, 25, 26, 27, 28, 29, 30, 31, 32, 33, 34, 35, 36, 37, 38, 39, 40, 41, 42, 43, 44, 45, 46, 47, 48, 49, 50, 51, 52, 53, 54, 55, 56, 57, 58, 59, 60, 61, 62, 63, 64, 65, 66, 67, 68, 69, 70, 71, 72, 73, 74, 75, 76, 77, 78, 79, 80, 81, 82, 83, 84, 85, 86, 87, 88, 89, 90, 91, 92, 93, 94, 95, 96, 97, 98, 99]
--------------Round 26--------------
48075
55990
40990
56610
49645
56305
52035
66080
57465
47115
53145
48130
45950
49200
50970
50355
62005
63095
60800
37145
41585
54115
37400
48390
54835
57275
54420
38120
49300
41575
40110
51300
52420
50925
44950
47215
48175
54130
46805
43410
56880
41720
58230
51075
44885
46430
58155
38825
51090
50460
49370
42415
41595
37300
40055
40980
47400
54785
42965
44010
43410
50735
42175
68510
49285
56555
51535
39720
53800
48860
47895
46330
51355
52745
48945
55790
68485
66810
44415
45910
59150
52470
60720
48265
54520
59030
50000
47110
37500
58340
45215
56555
49965
45265
38975
54265
43355
49960
39370
41365
Time Cost:                    236.2332s
Hit Ratio and NDCG for top 20 recommendation!
HR@20:0.7156648451730419 and  NDCG@20:0.3359322433352223
Selected clients in this round:
[0, 1, 2, 3, 4, 5, 6, 7, 8, 9, 10, 11, 12, 13, 14, 15, 16, 17, 18, 19, 20, 21, 22, 23, 24, 25, 26, 27, 28, 29, 30, 31, 32, 33, 34, 35, 36, 37, 38, 39, 40, 41, 42, 43, 44, 45, 46, 47, 48, 49, 50, 51, 52, 53, 54, 55, 56, 57, 58, 59, 60, 61, 62, 63, 64, 65, 66, 67, 68, 69, 70, 71, 72, 73, 74, 75, 76, 77, 78, 79, 80, 81, 82, 83, 84, 85, 86, 87, 88, 89, 90, 91, 92, 93, 94, 95, 96, 97, 98, 99]
--------------Round 27--------------
48075
55990
40990
56610
49645
56305
52035
66080
57465
47115
53145
48130
45950
49200
50970
50355
62005
63095
60800
37145
41585
54115
37400
48390
54835
57275
54420
38120
49300
41575
40110
51300
52420
50925
44950
47215
48175
54130
46805
43410
56880
41720
58230
51075
44885
46430
58155
38825
51090
50460
49370
42415
41595
37300
40055
40980
47400
54785
42965
44010
43410
50735
42175
68510
49285
56555
51535
39720
53800
48860
47895
46330
51355
52745
48945
55790
68485
66810
44415
45910
59150
52470
60720
48265
54520
59030
50000
47110
37500
58340
45215
56555
49965
45265
38975
54265
43355
49960
39370
41365
Time Cost:                    237.2298s
Hit Ratio and NDCG for top 20 recommendation!
HR@20:0.7099757134183362 and  NDCG@20:0.33642085732094595
Selected clients in this round:
[0, 1, 2, 3, 4, 5, 6, 7, 8, 9, 10, 11, 12, 13, 14, 15, 16, 17, 18, 19, 20, 21, 22, 23, 24, 25, 26, 27, 28, 29, 30, 31, 32, 33, 34, 35, 36, 37, 38, 39, 40, 41, 42, 43, 44, 45, 46, 47, 48, 49, 50, 51, 52, 53, 54, 55, 56, 57, 58, 59, 60, 61, 62, 63, 64, 65, 66, 67, 68, 69, 70, 71, 72, 73, 74, 75, 76, 77, 78, 79, 80, 81, 82, 83, 84, 85, 86, 87, 88, 89, 90, 91, 92, 93, 94, 95, 96, 97, 98, 99]
--------------Round 28--------------
48075
55990
40990
56610
49645
56305
52035
66080
57465
47115
53145
48130
45950
49200
50970
50355
62005
63095
60800
37145
41585
54115
37400
48390
54835
57275
54420
38120
49300
41575
40110
51300
52420
50925
44950
47215
48175
54130
46805
43410
56880
41720
58230
51075
44885
46430
58155
38825
51090
50460
49370
42415
41595
37300
40055
40980
47400
54785
42965
44010
43410
50735
42175
68510
49285
56555
51535
39720
53800
48860
47895
46330
51355
52745
48945
55790
68485
66810
44415
45910
59150
52470
60720
48265
54520
59030
50000
47110
37500
58340
45215
56555
49965
45265
38975
54265
43355
49960
39370
41365
Time Cost:                    235.9004s
Hit Ratio and NDCG for top 20 recommendation!
HR@20:0.7160139647844566 and  NDCG@20:0.3389000836472419
Selected clients in this round:
[0, 1, 2, 3, 4, 5, 6, 7, 8, 9, 10, 11, 12, 13, 14, 15, 16, 17, 18, 19, 20, 21, 22, 23, 24, 25, 26, 27, 28, 29, 30, 31, 32, 33, 34, 35, 36, 37, 38, 39, 40, 41, 42, 43, 44, 45, 46, 47, 48, 49, 50, 51, 52, 53, 54, 55, 56, 57, 58, 59, 60, 61, 62, 63, 64, 65, 66, 67, 68, 69, 70, 71, 72, 73, 74, 75, 76, 77, 78, 79, 80, 81, 82, 83, 84, 85, 86, 87, 88, 89, 90, 91, 92, 93, 94, 95, 96, 97, 98, 99]
--------------Round 29--------------
48075
55990
40990
56610
49645
56305
52035
66080
57465
47115
53145
48130
45950
49200
50970
50355
62005
63095
60800
37145
41585
54115
37400
48390
54835
57275
54420
38120
49300
41575
40110
51300
52420
50925
44950
47215
48175
54130
46805
43410
56880
41720
58230
51075
44885
46430
58155
38825
51090
50460
49370
42415
41595
37300
40055
40980
47400
54785
42965
44010
43410
50735
42175
68510
49285
56555
51535
39720
53800
48860
47895
46330
51355
52745
48945
55790
68485
66810
44415
45910
59150
52470
60720
48265
54520
59030
50000
47110
37500
58340
45215
56555
49965
45265
38975
54265
43355
49960
39370
41365
Time Cost:                    235.7816s
Hit Ratio and NDCG for top 20 recommendation!
HR@20:0.7152853673345477 and  NDCG@20:0.34119653018312107
Selected clients in this round:
[0, 1, 2, 3, 4, 5, 6, 7, 8, 9, 10, 11, 12, 13, 14, 15, 16, 17, 18, 19, 20, 21, 22, 23, 24, 25, 26, 27, 28, 29, 30, 31, 32, 33, 34, 35, 36, 37, 38, 39, 40, 41, 42, 43, 44, 45, 46, 47, 48, 49, 50, 51, 52, 53, 54, 55, 56, 57, 58, 59, 60, 61, 62, 63, 64, 65, 66, 67, 68, 69, 70, 71, 72, 73, 74, 75, 76, 77, 78, 79, 80, 81, 82, 83, 84, 85, 86, 87, 88, 89, 90, 91, 92, 93, 94, 95, 96, 97, 98, 99]
--------------Round 30--------------
48075
55990
40990
56610
49645
56305
52035
66080
57465
47115
53145
48130
45950
49200
50970
50355
62005
63095
60800
37145
41585
54115
37400
48390
54835
57275
54420
38120
49300
41575
40110
51300
52420
50925
44950
47215
48175
54130
46805
43410
56880
41720
58230
51075
44885
46430
58155
38825
51090
50460
49370
42415
41595
37300
40055
40980
47400
54785
42965
44010
43410
50735
42175
68510
49285
56555
51535
39720
53800
48860
47895
46330
51355
52745
48945
55790
68485
66810
44415
45910
59150
52470
60720
48265
54520
59030
50000
47110
37500
58340
45215
56555
49965
45265
38975
54265
43355
49960
39370
41365
Time Cost:                    237.4078s
Hit Ratio and NDCG for top 20 recommendation!
HR@20:0.7162325440194292 and  NDCG@20:0.3431575350175582
Selected clients in this round:
[0, 1, 2, 3, 4, 5, 6, 7, 8, 9, 10, 11, 12, 13, 14, 15, 16, 17, 18, 19, 20, 21, 22, 23, 24, 25, 26, 27, 28, 29, 30, 31, 32, 33, 34, 35, 36, 37, 38, 39, 40, 41, 42, 43, 44, 45, 46, 47, 48, 49, 50, 51, 52, 53, 54, 55, 56, 57, 58, 59, 60, 61, 62, 63, 64, 65, 66, 67, 68, 69, 70, 71, 72, 73, 74, 75, 76, 77, 78, 79, 80, 81, 82, 83, 84, 85, 86, 87, 88, 89, 90, 91, 92, 93, 94, 95, 96, 97, 98, 99]
--------------Round 31--------------
48075
55990
40990
56610
49645
56305
52035
66080
57465
47115
53145
48130
45950
49200
50970
50355
62005
63095
60800
37145
41585
54115
37400
48390
54835
57275
54420
38120
49300
41575
40110
51300
52420
50925
44950
47215
48175
54130
46805
43410
56880
41720
58230
51075
44885
46430
58155
38825
51090
50460
49370
42415
41595
37300
40055
40980
47400
54785
42965
44010
43410
50735
42175
68510
49285
56555
51535
39720
53800
48860
47895
46330
51355
52745
48945
55790
68485
66810
44415
45910
59150
52470
60720
48265
54520
59030
50000
47110
37500
58340
45215
56555
49965
45265
38975
54265
43355
49960
39370
41365
Time Cost:                    237.8996s
Hit Ratio and NDCG for top 20 recommendation!
HR@20:0.7147632058287794 and  NDCG@20:0.3409789465424364
Selected clients in this round:
[0, 1, 2, 3, 4, 5, 6, 7, 8, 9, 10, 11, 12, 13, 14, 15, 16, 17, 18, 19, 20, 21, 22, 23, 24, 25, 26, 27, 28, 29, 30, 31, 32, 33, 34, 35, 36, 37, 38, 39, 40, 41, 42, 43, 44, 45, 46, 47, 48, 49, 50, 51, 52, 53, 54, 55, 56, 57, 58, 59, 60, 61, 62, 63, 64, 65, 66, 67, 68, 69, 70, 71, 72, 73, 74, 75, 76, 77, 78, 79, 80, 81, 82, 83, 84, 85, 86, 87, 88, 89, 90, 91, 92, 93, 94, 95, 96, 97, 98, 99]
--------------Round 32--------------
48075
55990
40990
56610
49645
56305
52035
66080
57465
47115
53145
48130
45950
49200
50970
50355
62005
63095
60800
37145
41585
54115
37400
48390
54835
57275
54420
38120
49300
41575
40110
51300
52420
50925
44950
47215
48175
54130
46805
43410
56880
41720
58230
51075
44885
46430
58155
38825
51090
50460
49370
42415
41595
37300
40055
40980
47400
54785
42965
44010
43410
50735
42175
68510
49285
56555
51535
39720
53800
48860
47895
46330
51355
52745
48945
55790
68485
66810
44415
45910
59150
52470
60720
48265
54520
59030
50000
47110
37500
58340
45215
56555
49965
45265
38975
54265
43355
49960
39370
41365
Time Cost:                    239.4385s
Hit Ratio and NDCG for top 20 recommendation!
HR@20:0.7146964177292047 and  NDCG@20:0.33870284356951175
Selected clients in this round:
[0, 1, 2, 3, 4, 5, 6, 7, 8, 9, 10, 11, 12, 13, 14, 15, 16, 17, 18, 19, 20, 21, 22, 23, 24, 25, 26, 27, 28, 29, 30, 31, 32, 33, 34, 35, 36, 37, 38, 39, 40, 41, 42, 43, 44, 45, 46, 47, 48, 49, 50, 51, 52, 53, 54, 55, 56, 57, 58, 59, 60, 61, 62, 63, 64, 65, 66, 67, 68, 69, 70, 71, 72, 73, 74, 75, 76, 77, 78, 79, 80, 81, 82, 83, 84, 85, 86, 87, 88, 89, 90, 91, 92, 93, 94, 95, 96, 97, 98, 99]
--------------Round 33--------------
48075
55990
40990
56610
49645
56305
52035
66080
57465
47115
53145
48130
45950
49200
50970
50355
62005
63095
60800
37145
41585
54115
37400
48390
54835
57275
54420
38120
49300
41575
40110
51300
52420
50925
44950
47215
48175
54130
46805
43410
56880
41720
58230
51075
44885
46430
58155
38825
51090
50460
49370
42415
41595
37300
40055
40980
47400
54785
42965
44010
43410
50735
42175
68510
49285
56555
51535
39720
53800
48860
47895
46330
51355
52745
48945
55790
68485
66810
44415
45910
59150
52470
60720
48265
54520
59030
50000
47110
37500
58340
45215
56555
49965
45265
38975
54265
43355
49960
39370
41365
Time Cost:                    238.5494s
Hit Ratio and NDCG for top 20 recommendation!
HR@20:0.7156921675774137 and  NDCG@20:0.3445354573201209
Selected clients in this round:
[0, 1, 2, 3, 4, 5, 6, 7, 8, 9, 10, 11, 12, 13, 14, 15, 16, 17, 18, 19, 20, 21, 22, 23, 24, 25, 26, 27, 28, 29, 30, 31, 32, 33, 34, 35, 36, 37, 38, 39, 40, 41, 42, 43, 44, 45, 46, 47, 48, 49, 50, 51, 52, 53, 54, 55, 56, 57, 58, 59, 60, 61, 62, 63, 64, 65, 66, 67, 68, 69, 70, 71, 72, 73, 74, 75, 76, 77, 78, 79, 80, 81, 82, 83, 84, 85, 86, 87, 88, 89, 90, 91, 92, 93, 94, 95, 96, 97, 98, 99]
--------------Round 34--------------
48075
55990
40990
56610
49645
56305
52035
66080
57465
47115
53145
48130
45950
49200
50970
50355
62005
63095
60800
37145
41585
54115
37400
48390
54835
57275
54420
38120
49300
41575
40110
51300
52420
50925
44950
47215
48175
54130
46805
43410
56880
41720
58230
51075
44885
46430
58155
38825
51090
50460
49370
42415
41595
37300
40055
40980
47400
54785
42965
44010
43410
50735
42175
68510
49285
56555
51535
39720
53800
48860
47895
46330
51355
52745
48945
55790
68485
66810
44415
45910
59150
52470
60720
48265
54520
59030
50000
47110
37500
58340
45215
56555
49965
45265
38975
54265
43355
49960
39370
41365
Time Cost:                    238.7769s
Hit Ratio and NDCG for top 20 recommendation!
HR@20:0.7171159684274436 and  NDCG@20:0.34164018434614174
Selected clients in this round:
[0, 1, 2, 3, 4, 5, 6, 7, 8, 9, 10, 11, 12, 13, 14, 15, 16, 17, 18, 19, 20, 21, 22, 23, 24, 25, 26, 27, 28, 29, 30, 31, 32, 33, 34, 35, 36, 37, 38, 39, 40, 41, 42, 43, 44, 45, 46, 47, 48, 49, 50, 51, 52, 53, 54, 55, 56, 57, 58, 59, 60, 61, 62, 63, 64, 65, 66, 67, 68, 69, 70, 71, 72, 73, 74, 75, 76, 77, 78, 79, 80, 81, 82, 83, 84, 85, 86, 87, 88, 89, 90, 91, 92, 93, 94, 95, 96, 97, 98, 99]
--------------Round 35--------------
48075
55990
40990
56610
49645
56305
52035
66080
57465
47115
53145
48130
45950
49200
50970
50355
62005
63095
60800
37145
41585
54115
37400
48390
54835
57275
54420
38120
49300
41575
40110
51300
52420
50925
44950
47215
48175
54130
46805
43410
56880
41720
58230
51075
44885
46430
58155
38825
51090
50460
49370
42415
41595
37300
40055
40980
47400
54785
42965
44010
43410
50735
42175
68510
49285
56555
51535
39720
53800
48860
47895
46330
51355
52745
48945
55790
68485
66810
44415
45910
59150
52470
60720
48265
54520
59030
50000
47110
37500
58340
45215
56555
49965
45265
38975
54265
43355
49960
39370
41365
Save   35
Time Cost:                    335.9977s
Hit Ratio and NDCG for top 20 recommendation!
HR@20:0.7123982999392834 and  NDCG@20:0.3408596222077529
Selected clients in this round:
[0, 1, 2, 3, 4, 5, 6, 7, 8, 9, 10, 11, 12, 13, 14, 15, 16, 17, 18, 19, 20, 21, 22, 23, 24, 25, 26, 27, 28, 29, 30, 31, 32, 33, 34, 35, 36, 37, 38, 39, 40, 41, 42, 43, 44, 45, 46, 47, 48, 49, 50, 51, 52, 53, 54, 55, 56, 57, 58, 59, 60, 61, 62, 63, 64, 65, 66, 67, 68, 69, 70, 71, 72, 73, 74, 75, 76, 77, 78, 79, 80, 81, 82, 83, 84, 85, 86, 87, 88, 89, 90, 91, 92, 93, 94, 95, 96, 97, 98, 99]
--------------Round 36--------------
48075
55990
40990
56610
49645
56305
52035
66080
57465
47115
53145
48130
45950
49200
50970
50355
62005
63095
60800
37145
41585
54115
37400
48390
54835
57275
54420
38120
49300
41575
40110
51300
52420
50925
44950
47215
48175
54130
46805
43410
56880
41720
58230
51075
44885
46430
58155
38825
51090
50460
49370
42415
41595
37300
40055
40980
47400
54785
42965
44010
43410
50735
42175
68510
49285
56555
51535
39720
53800
48860
47895
46330
51355
52745
48945
55790
68485
66810
44415
45910
59150
52470
60720
48265
54520
59030
50000
47110
37500
58340
45215
56555
49965
45265
38975
54265
43355
49960
39370
41365
Save   36
Time Cost:                    336.3192s
Hit Ratio and NDCG for top 20 recommendation!
HR@20:0.7168882817243474 and  NDCG@20:0.33948532847475377
Selected clients in this round:
[0, 1, 2, 3, 4, 5, 6, 7, 8, 9, 10, 11, 12, 13, 14, 15, 16, 17, 18, 19, 20, 21, 22, 23, 24, 25, 26, 27, 28, 29, 30, 31, 32, 33, 34, 35, 36, 37, 38, 39, 40, 41, 42, 43, 44, 45, 46, 47, 48, 49, 50, 51, 52, 53, 54, 55, 56, 57, 58, 59, 60, 61, 62, 63, 64, 65, 66, 67, 68, 69, 70, 71, 72, 73, 74, 75, 76, 77, 78, 79, 80, 81, 82, 83, 84, 85, 86, 87, 88, 89, 90, 91, 92, 93, 94, 95, 96, 97, 98, 99]
--------------Round 37--------------
48075
55990
40990
56610
49645
56305
52035
66080
57465
47115
53145
48130
45950
49200
50970
50355
62005
63095
60800
37145
41585
54115
37400
48390
54835
57275
54420
38120
49300
41575
40110
51300
52420
50925
44950
47215
48175
54130
46805
43410
56880
41720
58230
51075
44885
46430
58155
38825
51090
50460
49370
42415
41595
37300
40055
40980
47400
54785
42965
44010
43410
50735
42175
68510
49285
56555
51535
39720
53800
48860
47895
46330
51355
52745
48945
55790
68485
66810
44415
45910
59150
52470
60720
48265
54520
59030
50000
47110
37500
58340
45215
56555
49965
45265
38975
54265
43355
49960
39370
41365
Save   37
Time Cost:                    337.8274s
Hit Ratio and NDCG for top 20 recommendation!
HR@20:0.7125258044930177 and  NDCG@20:0.33855380172547855
Selected clients in this round:
[0, 1, 2, 3, 4, 5, 6, 7, 8, 9, 10, 11, 12, 13, 14, 15, 16, 17, 18, 19, 20, 21, 22, 23, 24, 25, 26, 27, 28, 29, 30, 31, 32, 33, 34, 35, 36, 37, 38, 39, 40, 41, 42, 43, 44, 45, 46, 47, 48, 49, 50, 51, 52, 53, 54, 55, 56, 57, 58, 59, 60, 61, 62, 63, 64, 65, 66, 67, 68, 69, 70, 71, 72, 73, 74, 75, 76, 77, 78, 79, 80, 81, 82, 83, 84, 85, 86, 87, 88, 89, 90, 91, 92, 93, 94, 95, 96, 97, 98, 99]
--------------Round 38--------------
48075
55990
40990
56610
49645
56305
52035
66080
57465
47115
53145
48130
45950
49200
50970
50355
62005
63095
60800
37145
41585
54115
37400
48390
54835
57275
54420
38120
49300
41575
40110
51300
52420
50925
44950
47215
48175
54130
46805
43410
56880
41720
58230
51075
44885
46430
58155
38825
51090
50460
49370
42415
41595
37300
40055
40980
47400
54785
42965
44010
43410
50735
42175
68510
49285
56555
51535
39720
53800
48860
47895
46330
51355
52745
48945
55790
68485
66810
44415
45910
59150
52470
60720
48265
54520
59030
50000
47110
37500
58340
45215
56555
49965
45265
38975
54265
43355
49960
39370
41365
Save   38
Time Cost:                    336.2371s
Hit Ratio and NDCG for top 20 recommendation!
HR@20:0.7164055859137829 and  NDCG@20:0.34072660638227925
Selected clients in this round:
[0, 1, 2, 3, 4, 5, 6, 7, 8, 9, 10, 11, 12, 13, 14, 15, 16, 17, 18, 19, 20, 21, 22, 23, 24, 25, 26, 27, 28, 29, 30, 31, 32, 33, 34, 35, 36, 37, 38, 39, 40, 41, 42, 43, 44, 45, 46, 47, 48, 49, 50, 51, 52, 53, 54, 55, 56, 57, 58, 59, 60, 61, 62, 63, 64, 65, 66, 67, 68, 69, 70, 71, 72, 73, 74, 75, 76, 77, 78, 79, 80, 81, 82, 83, 84, 85, 86, 87, 88, 89, 90, 91, 92, 93, 94, 95, 96, 97, 98, 99]
--------------Round 39--------------
48075
55990
40990
56610
49645
56305
52035
66080
57465
47115
53145
48130
45950
49200
50970
50355
62005
63095
60800
37145
41585
54115
37400
48390
54835
57275
54420
38120
49300
41575
40110
51300
52420
50925
44950
47215
48175
54130
46805
43410
56880
41720
58230
51075
44885
46430
58155
38825
51090
50460
49370
42415
41595
37300
40055
40980
47400
54785
42965
44010
43410
50735
42175
68510
49285
56555
51535
39720
53800
48860
47895
46330
51355
52745
48945
55790
68485
66810
44415
45910
59150
52470
60720
48265
54520
59030
50000
47110
37500
58340
45215
56555
49965
45265
38975
54265
43355
49960
39370
41365
Save   39
Time Cost:                    336.2071s
Hit Ratio and NDCG for top 20 recommendation!
HR@20:0.7106891317547055 and  NDCG@20:0.33556825405213836
Selected clients in this round:
[0, 1, 2, 3, 4, 5, 6, 7, 8, 9, 10, 11, 12, 13, 14, 15, 16, 17, 18, 19, 20, 21, 22, 23, 24, 25, 26, 27, 28, 29, 30, 31, 32, 33, 34, 35, 36, 37, 38, 39, 40, 41, 42, 43, 44, 45, 46, 47, 48, 49, 50, 51, 52, 53, 54, 55, 56, 57, 58, 59, 60, 61, 62, 63, 64, 65, 66, 67, 68, 69, 70, 71, 72, 73, 74, 75, 76, 77, 78, 79, 80, 81, 82, 83, 84, 85, 86, 87, 88, 89, 90, 91, 92, 93, 94, 95, 96, 97, 98, 99]
--------------Round 40--------------
48075
55990
40990
56610
49645
56305
52035
66080
57465
47115
53145
48130
45950
49200
50970
50355
62005
63095
60800
37145
41585
54115
37400
48390
54835
57275
54420
38120
49300
41575
40110
51300
52420
50925
44950
47215
48175
54130
46805
43410
56880
41720
58230
51075
44885
46430
58155
38825
51090
50460
49370
42415
41595
37300
40055
40980
47400
54785
42965
44010
43410
50735
42175
68510
49285
56555
51535
39720
53800
48860
47895
46330
51355
52745
48945
55790
68485
66810
44415
45910
59150
52470
60720
48265
54520
59030
50000
47110
37500
58340
45215
56555
49965
45265
38975
54265
43355
49960
39370
41365
Save   40
Time Cost:                    335.8747s
Hit Ratio and NDCG for top 20 recommendation!
HR@20:0.7123588342440802 and  NDCG@20:0.3368478993415873
Selected clients in this round:
[0, 1, 2, 3, 4, 5, 6, 7, 8, 9, 10, 11, 12, 13, 14, 15, 16, 17, 18, 19, 20, 21, 22, 23, 24, 25, 26, 27, 28, 29, 30, 31, 32, 33, 34, 35, 36, 37, 38, 39, 40, 41, 42, 43, 44, 45, 46, 47, 48, 49, 50, 51, 52, 53, 54, 55, 56, 57, 58, 59, 60, 61, 62, 63, 64, 65, 66, 67, 68, 69, 70, 71, 72, 73, 74, 75, 76, 77, 78, 79, 80, 81, 82, 83, 84, 85, 86, 87, 88, 89, 90, 91, 92, 93, 94, 95, 96, 97, 98, 99]
=================End==================
Total Time Cost:              12338.2824s
[]
init fedtask...done
init clients...MAX POS IDX: 724
MAX POS IDX: 954
MAX POS IDX: 693
MAX POS IDX: 966
MAX POS IDX: 564
MAX POS IDX: 1143
MAX POS IDX: 1343
MAX POS IDX: 1520
MAX POS IDX: 730
MAX POS IDX: 799
MAX POS IDX: 1003
MAX POS IDX: 741
MAX POS IDX: 781
MAX POS IDX: 710
MAX POS IDX: 660
MAX POS IDX: 1285
MAX POS IDX: 1210
MAX POS IDX: 1015
MAX POS IDX: 1301
MAX POS IDX: 773
MAX POS IDX: 665
MAX POS IDX: 1008
MAX POS IDX: 507
MAX POS IDX: 824
MAX POS IDX: 884
MAX POS IDX: 999
MAX POS IDX: 1322
MAX POS IDX: 607
MAX POS IDX: 821
MAX POS IDX: 981
MAX POS IDX: 553
MAX POS IDX: 1215
MAX POS IDX: 1049
MAX POS IDX: 1742
MAX POS IDX: 1077
MAX POS IDX: 1257
MAX POS IDX: 1270
MAX POS IDX: 1221
MAX POS IDX: 525
MAX POS IDX: 864
MAX POS IDX: 818
MAX POS IDX: 623
MAX POS IDX: 1849
MAX POS IDX: 1151
MAX POS IDX: 804
MAX POS IDX: 843
MAX POS IDX: 1168
MAX POS IDX: 400
MAX POS IDX: 1175
MAX POS IDX: 841
MAX POS IDX: 908
MAX POS IDX: 794
MAX POS IDX: 922
MAX POS IDX: 549
MAX POS IDX: 670
MAX POS IDX: 1215
MAX POS IDX: 836
MAX POS IDX: 887
MAX POS IDX: 913
MAX POS IDX: 788
MAX POS IDX: 963
MAX POS IDX: 892
MAX POS IDX: 609
MAX POS IDX: 793
MAX POS IDX: 1225
MAX POS IDX: 1239
MAX POS IDX: 821
MAX POS IDX: 466
MAX POS IDX: 1114
MAX POS IDX: 914
MAX POS IDX: 719
MAX POS IDX: 902
MAX POS IDX: 1259
MAX POS IDX: 639
MAX POS IDX: 857
MAX POS IDX: 2313
MAX POS IDX: 836
MAX POS IDX: 1594
MAX POS IDX: 838
MAX POS IDX: 881
MAX POS IDX: 1018
MAX POS IDX: 824
MAX POS IDX: 1037
MAX POS IDX: 684
MAX POS IDX: 1219
MAX POS IDX: 728
MAX POS IDX: 1017
MAX POS IDX: 683
MAX POS IDX: 527
MAX POS IDX: 1242
MAX POS IDX: 677
MAX POS IDX: 970
MAX POS IDX: 1517
MAX POS IDX: 851
MAX POS IDX: 605
MAX POS IDX: 783
MAX POS IDX: 458
MAX POS IDX: 742
MAX POS IDX: 1157
MAX POS IDX: 835
init server...fedtasksave/movielens1m_cnum100_dist0_skew0_seed0/CFRU_NCF_Mu8_R40_P1.00_alpha0.5_seed0_fedAttack/record
done
--------------Round 0--------------
48075
55990
40990
56610
49645
56305
52035
66080
57465
47115
53145
48130
45950
49200
50970
50355
62005
63095
60800
37145
41585
54115
37400
48390
54835
57275
54420
38120
49300
41575
40110
51300
52420
50925
44950
47215
48175
54130
46805
43410
56880
41720
58230
51075
44885
46430
58155
38825
51090
50460
49370
42415
41595
37300
40055
40980
47400
54785
42965
44010
43410
50735
42175
68510
49285
56555
51535
39720
53800
48860
47895
46330
51355
52745
48945
55790
68485
66810
44415
45910
59150
52470
60720
48265
54520
59030
50000
47110
37500
58340
45215
56555
49965
45265
38975
54265
43355
49960
39370
41365
unlearning time:              0.3028s
Time Cost:                    273.1107s
Hit Ratio and NDCG for top 20 recommendation!
HR@20:0.6015907710989679 and  NDCG@20:0.27560363764537343
Selected clients in this round:
[0, 1, 2, 3, 4, 5, 6, 7, 8, 9, 10, 11, 12, 13, 14, 15, 16, 17, 18, 19, 20, 21, 22, 23, 24, 25, 26, 27, 28, 29, 30, 31, 32, 33, 34, 35, 36, 37, 38, 39, 40, 41, 42, 43, 44, 45, 46, 47, 48, 49, 50, 51, 52, 53, 54, 55, 56, 57, 58, 59, 60, 61, 62, 63, 64, 65, 66, 67, 68, 69, 70, 71, 72, 73, 74, 75, 76, 77, 78, 79, 80, 81, 82, 83, 84, 85, 86, 87, 88, 89, 90, 91, 92, 93, 94, 95, 96, 97, 98, 99]
--------------Round 1--------------
48075
55990
40990
56610
49645
56305
52035
66080
57465
47115
53145
48130
45950
49200
50970
50355
62005
63095
60800
37145
41585
54115
37400
48390
54835
57275
54420
38120
49300
41575
40110
51300
52420
50925
44950
47215
48175
54130
46805
43410
56880
41720
58230
51075
44885
46430
58155
38825
51090
50460
49370
42415
41595
37300
40055
40980
47400
54785
42965
44010
43410
50735
42175
68510
49285
56555
51535
39720
53800
48860
47895
46330
51355
52745
48945
55790
68485
66810
44415
45910
59150
52470
60720
48265
54520
59030
50000
47110
37500
58340
45215
56555
49965
45265
38975
54265
43355
49960
39370
41365
unlearning time:              0.5709s
Time Cost:                    275.0717s
Hit Ratio and NDCG for top 20 recommendation!
HR@20:0.6156375227686702 and  NDCG@20:0.281745154757928
Selected clients in this round:
[0, 1, 2, 3, 4, 5, 6, 7, 8, 9, 10, 11, 12, 13, 14, 15, 16, 17, 18, 19, 20, 21, 22, 23, 24, 25, 26, 27, 28, 29, 30, 31, 32, 33, 34, 35, 36, 37, 38, 39, 40, 41, 42, 43, 44, 45, 46, 47, 48, 49, 50, 51, 52, 53, 54, 55, 56, 57, 58, 59, 60, 61, 62, 63, 64, 65, 66, 67, 68, 69, 70, 71, 72, 73, 74, 75, 76, 77, 78, 79, 80, 81, 82, 83, 84, 85, 86, 87, 88, 89, 90, 91, 92, 93, 94, 95, 96, 97, 98, 99]
--------------Round 2--------------
48075
55990
40990
56610
49645
56305
52035
66080
57465
47115
53145
48130
45950
49200
50970
50355
62005
63095
60800
37145
41585
54115
37400
48390
54835
57275
54420
38120
49300
41575
40110
51300
52420
50925
44950
47215
48175
54130
46805
43410
56880
41720
58230
51075
44885
46430
58155
38825
51090
50460
49370
42415
41595
37300
40055
40980
47400
54785
42965
44010
43410
50735
42175
68510
49285
56555
51535
39720
53800
48860
47895
46330
51355
52745
48945
55790
68485
66810
44415
45910
59150
52470
60720
48265
54520
59030
50000
47110
37500
58340
45215
56555
49965
45265
38975
54265
43355
49960
39370
41365
unlearning time:              0.8404s
Time Cost:                    274.8120s
Hit Ratio and NDCG for top 20 recommendation!
HR@20:0.6381511839708558 and  NDCG@20:0.2943010955680249
Selected clients in this round:
[0, 1, 2, 3, 4, 5, 6, 7, 8, 9, 10, 11, 12, 13, 14, 15, 16, 17, 18, 19, 20, 21, 22, 23, 24, 25, 26, 27, 28, 29, 30, 31, 32, 33, 34, 35, 36, 37, 38, 39, 40, 41, 42, 43, 44, 45, 46, 47, 48, 49, 50, 51, 52, 53, 54, 55, 56, 57, 58, 59, 60, 61, 62, 63, 64, 65, 66, 67, 68, 69, 70, 71, 72, 73, 74, 75, 76, 77, 78, 79, 80, 81, 82, 83, 84, 85, 86, 87, 88, 89, 90, 91, 92, 93, 94, 95, 96, 97, 98, 99]
--------------Round 3--------------
48075
55990
40990
56610
49645
56305
52035
66080
57465
47115
53145
48130
45950
49200
50970
50355
62005
63095
60800
37145
41585
54115
37400
48390
54835
57275
54420
38120
49300
41575
40110
51300
52420
50925
44950
47215
48175
54130
46805
43410
56880
41720
58230
51075
44885
46430
58155
38825
51090
50460
49370
42415
41595
37300
40055
40980
47400
54785
42965
44010
43410
50735
42175
68510
49285
56555
51535
39720
53800
48860
47895
46330
51355
52745
48945
55790
68485
66810
44415
45910
59150
52470
60720
48265
54520
59030
50000
47110
37500
58340
45215
56555
49965
45265
38975
54265
43355
49960
39370
41365
unlearning time:              1.1062s
Time Cost:                    275.9880s
Hit Ratio and NDCG for top 20 recommendation!
HR@20:0.6641317547055257 and  NDCG@20:0.30418944555290645
Selected clients in this round:
[0, 1, 2, 3, 4, 5, 6, 7, 8, 9, 10, 11, 12, 13, 14, 15, 16, 17, 18, 19, 20, 21, 22, 23, 24, 25, 26, 27, 28, 29, 30, 31, 32, 33, 34, 35, 36, 37, 38, 39, 40, 41, 42, 43, 44, 45, 46, 47, 48, 49, 50, 51, 52, 53, 54, 55, 56, 57, 58, 59, 60, 61, 62, 63, 64, 65, 66, 67, 68, 69, 70, 71, 72, 73, 74, 75, 76, 77, 78, 79, 80, 81, 82, 83, 84, 85, 86, 87, 88, 89, 90, 91, 92, 93, 94, 95, 96, 97, 98, 99]
--------------Round 4--------------
48075
55990
40990
56610
49645
56305
52035
66080
57465
47115
53145
48130
45950
49200
50970
50355
62005
63095
60800
37145
41585
54115
37400
48390
54835
57275
54420
38120
49300
41575
40110
51300
52420
50925
44950
47215
48175
54130
46805
43410
56880
41720
58230
51075
44885
46430
58155
38825
51090
50460
49370
42415
41595
37300
40055
40980
47400
54785
42965
44010
43410
50735
42175
68510
49285
56555
51535
39720
53800
48860
47895
46330
51355
52745
48945
55790
68485
66810
44415
45910
59150
52470
60720
48265
54520
59030
50000
47110
37500
58340
45215
56555
49965
45265
38975
54265
43355
49960
39370
41365
unlearning time:              1.3759s
Time Cost:                    276.5656s
Hit Ratio and NDCG for top 20 recommendation!
HR@20:0.6753430479659986 and  NDCG@20:0.31209732418532304
Selected clients in this round:
[0, 1, 2, 3, 4, 5, 6, 7, 8, 9, 10, 11, 12, 13, 14, 15, 16, 17, 18, 19, 20, 21, 22, 23, 24, 25, 26, 27, 28, 29, 30, 31, 32, 33, 34, 35, 36, 37, 38, 39, 40, 41, 42, 43, 44, 45, 46, 47, 48, 49, 50, 51, 52, 53, 54, 55, 56, 57, 58, 59, 60, 61, 62, 63, 64, 65, 66, 67, 68, 69, 70, 71, 72, 73, 74, 75, 76, 77, 78, 79, 80, 81, 82, 83, 84, 85, 86, 87, 88, 89, 90, 91, 92, 93, 94, 95, 96, 97, 98, 99]
--------------Round 5--------------
48075
55990
40990
56610
49645
56305
52035
66080
57465
47115
53145
48130
45950
49200
50970
50355
62005
63095
60800
37145
41585
54115
37400
48390
54835
57275
54420
38120
49300
41575
40110
51300
52420
50925
44950
47215
48175
54130
46805
43410
56880
41720
58230
51075
44885
46430
58155
38825
51090
50460
49370
42415
41595
37300
40055
40980
47400
54785
42965
44010
43410
50735
42175
68510
49285
56555
51535
39720
53800
48860
47895
46330
51355
52745
48945
55790
68485
66810
44415
45910
59150
52470
60720
48265
54520
59030
50000
47110
37500
58340
45215
56555
49965
45265
38975
54265
43355
49960
39370
41365
unlearning time:              1.6401s
Time Cost:                    277.6469s
Hit Ratio and NDCG for top 20 recommendation!
HR@20:0.6859896782027929 and  NDCG@20:0.31625290105533316
Selected clients in this round:
[0, 1, 2, 3, 4, 5, 6, 7, 8, 9, 10, 11, 12, 13, 14, 15, 16, 17, 18, 19, 20, 21, 22, 23, 24, 25, 26, 27, 28, 29, 30, 31, 32, 33, 34, 35, 36, 37, 38, 39, 40, 41, 42, 43, 44, 45, 46, 47, 48, 49, 50, 51, 52, 53, 54, 55, 56, 57, 58, 59, 60, 61, 62, 63, 64, 65, 66, 67, 68, 69, 70, 71, 72, 73, 74, 75, 76, 77, 78, 79, 80, 81, 82, 83, 84, 85, 86, 87, 88, 89, 90, 91, 92, 93, 94, 95, 96, 97, 98, 99]
--------------Round 6--------------
48075
55990
40990
56610
49645
56305
52035
66080
57465
47115
53145
48130
45950
49200
50970
50355
62005
63095
60800
37145
41585
54115
37400
48390
54835
57275
54420
38120
49300
41575
40110
51300
52420
50925
44950
47215
48175
54130
46805
43410
56880
41720
58230
51075
44885
46430
58155
38825
51090
50460
49370
42415
41595
37300
40055
40980
47400
54785
42965
44010
43410
50735
42175
68510
49285
56555
51535
39720
53800
48860
47895
46330
51355
52745
48945
55790
68485
66810
44415
45910
59150
52470
60720
48265
54520
59030
50000
47110
37500
58340
45215
56555
49965
45265
38975
54265
43355
49960
39370
41365
unlearning time:              1.9138s
Time Cost:                    279.9052s
Hit Ratio and NDCG for top 20 recommendation!
HR@20:0.6907984213721916 and  NDCG@20:0.32109009976640573
Selected clients in this round:
[0, 1, 2, 3, 4, 5, 6, 7, 8, 9, 10, 11, 12, 13, 14, 15, 16, 17, 18, 19, 20, 21, 22, 23, 24, 25, 26, 27, 28, 29, 30, 31, 32, 33, 34, 35, 36, 37, 38, 39, 40, 41, 42, 43, 44, 45, 46, 47, 48, 49, 50, 51, 52, 53, 54, 55, 56, 57, 58, 59, 60, 61, 62, 63, 64, 65, 66, 67, 68, 69, 70, 71, 72, 73, 74, 75, 76, 77, 78, 79, 80, 81, 82, 83, 84, 85, 86, 87, 88, 89, 90, 91, 92, 93, 94, 95, 96, 97, 98, 99]
--------------Round 7--------------
48075
55990
40990
56610
49645
56305
52035
66080
57465
47115
53145
48130
45950
49200
50970
50355
62005
63095
60800
37145
41585
54115
37400
48390
54835
57275
54420
38120
49300
41575
40110
51300
52420
50925
44950
47215
48175
54130
46805
43410
56880
41720
58230
51075
44885
46430
58155
38825
51090
50460
49370
42415
41595
37300
40055
40980
47400
54785
42965
44010
43410
50735
42175
68510
49285
56555
51535
39720
53800
48860
47895
46330
51355
52745
48945
55790
68485
66810
44415
45910
59150
52470
60720
48265
54520
59030
50000
47110
37500
58340
45215
56555
49965
45265
38975
54265
43355
49960
39370
41365
unlearning time:              2.1795s
Time Cost:                    280.4104s
Hit Ratio and NDCG for top 20 recommendation!
HR@20:0.6972374013357617 and  NDCG@20:0.3248215111181039
Selected clients in this round:
[0, 1, 2, 3, 4, 5, 6, 7, 8, 9, 10, 11, 12, 13, 14, 15, 16, 17, 18, 19, 20, 21, 22, 23, 24, 25, 26, 27, 28, 29, 30, 31, 32, 33, 34, 35, 36, 37, 38, 39, 40, 41, 42, 43, 44, 45, 46, 47, 48, 49, 50, 51, 52, 53, 54, 55, 56, 57, 58, 59, 60, 61, 62, 63, 64, 65, 66, 67, 68, 69, 70, 71, 72, 73, 74, 75, 76, 77, 78, 79, 80, 81, 82, 83, 84, 85, 86, 87, 88, 89, 90, 91, 92, 93, 94, 95, 96, 97, 98, 99]
--------------Round 8--------------
48075
55990
40990
56610
49645
56305
52035
66080
57465
47115
53145
48130
45950
49200
50970
50355
62005
63095
60800
37145
41585
54115
37400
48390
54835
57275
54420
38120
49300
41575
40110
51300
52420
50925
44950
47215
48175
54130
46805
43410
56880
41720
58230
51075
44885
46430
58155
38825
51090
50460
49370
42415
41595
37300
40055
40980
47400
54785
42965
44010
43410
50735
42175
68510
49285
56555
51535
39720
53800
48860
47895
46330
51355
52745
48945
55790
68485
66810
44415
45910
59150
52470
60720
48265
54520
59030
50000
47110
37500
58340
45215
56555
49965
45265
38975
54265
43355
49960
39370
41365
unlearning time:              2.4598s
Time Cost:                    281.0692s
Hit Ratio and NDCG for top 20 recommendation!
HR@20:0.7013236187006678 and  NDCG@20:0.3267000125426243
Selected clients in this round:
[0, 1, 2, 3, 4, 5, 6, 7, 8, 9, 10, 11, 12, 13, 14, 15, 16, 17, 18, 19, 20, 21, 22, 23, 24, 25, 26, 27, 28, 29, 30, 31, 32, 33, 34, 35, 36, 37, 38, 39, 40, 41, 42, 43, 44, 45, 46, 47, 48, 49, 50, 51, 52, 53, 54, 55, 56, 57, 58, 59, 60, 61, 62, 63, 64, 65, 66, 67, 68, 69, 70, 71, 72, 73, 74, 75, 76, 77, 78, 79, 80, 81, 82, 83, 84, 85, 86, 87, 88, 89, 90, 91, 92, 93, 94, 95, 96, 97, 98, 99]
--------------Round 9--------------
48075
55990
40990
56610
49645
56305
52035
66080
57465
47115
53145
48130
45950
49200
50970
50355
62005
63095
60800
37145
41585
54115
37400
48390
54835
57275
54420
38120
49300
41575
40110
51300
52420
50925
44950
47215
48175
54130
46805
43410
56880
41720
58230
51075
44885
46430
58155
38825
51090
50460
49370
42415
41595
37300
40055
40980
47400
54785
42965
44010
43410
50735
42175
68510
49285
56555
51535
39720
53800
48860
47895
46330
51355
52745
48945
55790
68485
66810
44415
45910
59150
52470
60720
48265
54520
59030
50000
47110
37500
58340
45215
56555
49965
45265
38975
54265
43355
49960
39370
41365
unlearning time:              2.7256s
Time Cost:                    283.1364s
Hit Ratio and NDCG for top 20 recommendation!
HR@20:0.7090892531876136 and  NDCG@20:0.33021541434613877
Selected clients in this round:
[0, 1, 2, 3, 4, 5, 6, 7, 8, 9, 10, 11, 12, 13, 14, 15, 16, 17, 18, 19, 20, 21, 22, 23, 24, 25, 26, 27, 28, 29, 30, 31, 32, 33, 34, 35, 36, 37, 38, 39, 40, 41, 42, 43, 44, 45, 46, 47, 48, 49, 50, 51, 52, 53, 54, 55, 56, 57, 58, 59, 60, 61, 62, 63, 64, 65, 66, 67, 68, 69, 70, 71, 72, 73, 74, 75, 76, 77, 78, 79, 80, 81, 82, 83, 84, 85, 86, 87, 88, 89, 90, 91, 92, 93, 94, 95, 96, 97, 98, 99]
--------------Round 10--------------
48075
55990
40990
56610
49645
56305
52035
66080
57465
47115
53145
48130
45950
49200
50970
50355
62005
63095
60800
37145
41585
54115
37400
48390
54835
57275
54420
38120
49300
41575
40110
51300
52420
50925
44950
47215
48175
54130
46805
43410
56880
41720
58230
51075
44885
46430
58155
38825
51090
50460
49370
42415
41595
37300
40055
40980
47400
54785
42965
44010
43410
50735
42175
68510
49285
56555
51535
39720
53800
48860
47895
46330
51355
52745
48945
55790
68485
66810
44415
45910
59150
52470
60720
48265
54520
59030
50000
47110
37500
58340
45215
56555
49965
45265
38975
54265
43355
49960
39370
41365
unlearning time:              2.9886s
Time Cost:                    282.7199s
Hit Ratio and NDCG for top 20 recommendation!
HR@20:0.7063296903460838 and  NDCG@20:0.3282086718558605
Selected clients in this round:
[0, 1, 2, 3, 4, 5, 6, 7, 8, 9, 10, 11, 12, 13, 14, 15, 16, 17, 18, 19, 20, 21, 22, 23, 24, 25, 26, 27, 28, 29, 30, 31, 32, 33, 34, 35, 36, 37, 38, 39, 40, 41, 42, 43, 44, 45, 46, 47, 48, 49, 50, 51, 52, 53, 54, 55, 56, 57, 58, 59, 60, 61, 62, 63, 64, 65, 66, 67, 68, 69, 70, 71, 72, 73, 74, 75, 76, 77, 78, 79, 80, 81, 82, 83, 84, 85, 86, 87, 88, 89, 90, 91, 92, 93, 94, 95, 96, 97, 98, 99]
--------------Round 11--------------
48075
55990
40990
56610
49645
56305
52035
66080
57465
47115
53145
48130
45950
49200
50970
50355
62005
63095
60800
37145
41585
54115
37400
48390
54835
57275
54420
38120
49300
41575
40110
51300
52420
50925
44950
47215
48175
54130
46805
43410
56880
41720
58230
51075
44885
46430
58155
38825
51090
50460
49370
42415
41595
37300
40055
40980
47400
54785
42965
44010
43410
50735
42175
68510
49285
56555
51535
39720
53800
48860
47895
46330
51355
52745
48945
55790
68485
66810
44415
45910
59150
52470
60720
48265
54520
59030
50000
47110
37500
58340
45215
56555
49965
45265
38975
54265
43355
49960
39370
41365
unlearning time:              3.2757s
Time Cost:                    283.5638s
Hit Ratio and NDCG for top 20 recommendation!
HR@20:0.7079386763812989 and  NDCG@20:0.33026586884220827
Selected clients in this round:
[0, 1, 2, 3, 4, 5, 6, 7, 8, 9, 10, 11, 12, 13, 14, 15, 16, 17, 18, 19, 20, 21, 22, 23, 24, 25, 26, 27, 28, 29, 30, 31, 32, 33, 34, 35, 36, 37, 38, 39, 40, 41, 42, 43, 44, 45, 46, 47, 48, 49, 50, 51, 52, 53, 54, 55, 56, 57, 58, 59, 60, 61, 62, 63, 64, 65, 66, 67, 68, 69, 70, 71, 72, 73, 74, 75, 76, 77, 78, 79, 80, 81, 82, 83, 84, 85, 86, 87, 88, 89, 90, 91, 92, 93, 94, 95, 96, 97, 98, 99]
--------------Round 12--------------
48075
55990
40990
56610
49645
56305
52035
66080
57465
47115
53145
48130
45950
49200
50970
50355
62005
63095
60800
37145
41585
54115
37400
48390
54835
57275
54420
38120
49300
41575
40110
51300
52420
50925
44950
47215
48175
54130
46805
43410
56880
41720
58230
51075
44885
46430
58155
38825
51090
50460
49370
42415
41595
37300
40055
40980
47400
54785
42965
44010
43410
50735
42175
68510
49285
56555
51535
39720
53800
48860
47895
46330
51355
52745
48945
55790
68485
66810
44415
45910
59150
52470
60720
48265
54520
59030
50000
47110
37500
58340
45215
56555
49965
45265
38975
54265
43355
49960
39370
41365
unlearning time:              3.5315s
Time Cost:                    284.1744s
Hit Ratio and NDCG for top 20 recommendation!
HR@20:0.7068731026108079 and  NDCG@20:0.3298478800063761
Selected clients in this round:
[0, 1, 2, 3, 4, 5, 6, 7, 8, 9, 10, 11, 12, 13, 14, 15, 16, 17, 18, 19, 20, 21, 22, 23, 24, 25, 26, 27, 28, 29, 30, 31, 32, 33, 34, 35, 36, 37, 38, 39, 40, 41, 42, 43, 44, 45, 46, 47, 48, 49, 50, 51, 52, 53, 54, 55, 56, 57, 58, 59, 60, 61, 62, 63, 64, 65, 66, 67, 68, 69, 70, 71, 72, 73, 74, 75, 76, 77, 78, 79, 80, 81, 82, 83, 84, 85, 86, 87, 88, 89, 90, 91, 92, 93, 94, 95, 96, 97, 98, 99]
--------------Round 13--------------
48075
55990
40990
56610
49645
56305
52035
66080
57465
47115
53145
48130
45950
49200
50970
50355
62005
63095
60800
37145
41585
54115
37400
48390
54835
57275
54420
38120
49300
41575
40110
51300
52420
50925
44950
47215
48175
54130
46805
43410
56880
41720
58230
51075
44885
46430
58155
38825
51090
50460
49370
42415
41595
37300
40055
40980
47400
54785
42965
44010
43410
50735
42175
68510
49285
56555
51535
39720
53800
48860
47895
46330
51355
52745
48945
55790
68485
66810
44415
45910
59150
52470
60720
48265
54520
59030
50000
47110
37500
58340
45215
56555
49965
45265
38975
54265
43355
49960
39370
41365
unlearning time:              3.8102s
Time Cost:                    286.5774s
Hit Ratio and NDCG for top 20 recommendation!
HR@20:0.7064298724954462 and  NDCG@20:0.3281771041446365
Selected clients in this round:
[0, 1, 2, 3, 4, 5, 6, 7, 8, 9, 10, 11, 12, 13, 14, 15, 16, 17, 18, 19, 20, 21, 22, 23, 24, 25, 26, 27, 28, 29, 30, 31, 32, 33, 34, 35, 36, 37, 38, 39, 40, 41, 42, 43, 44, 45, 46, 47, 48, 49, 50, 51, 52, 53, 54, 55, 56, 57, 58, 59, 60, 61, 62, 63, 64, 65, 66, 67, 68, 69, 70, 71, 72, 73, 74, 75, 76, 77, 78, 79, 80, 81, 82, 83, 84, 85, 86, 87, 88, 89, 90, 91, 92, 93, 94, 95, 96, 97, 98, 99]
--------------Round 14--------------
48075
55990
40990
56610
49645
56305
52035
66080
57465
47115
53145
48130
45950
49200
50970
50355
62005
63095
60800
37145
41585
54115
37400
48390
54835
57275
54420
38120
49300
41575
40110
51300
52420
50925
44950
47215
48175
54130
46805
43410
56880
41720
58230
51075
44885
46430
58155
38825
51090
50460
49370
42415
41595
37300
40055
40980
47400
54785
42965
44010
43410
50735
42175
68510
49285
56555
51535
39720
53800
48860
47895
46330
51355
52745
48945
55790
68485
66810
44415
45910
59150
52470
60720
48265
54520
59030
50000
47110
37500
58340
45215
56555
49965
45265
38975
54265
43355
49960
39370
41365
unlearning time:              4.0870s
Time Cost:                    285.5830s
Hit Ratio and NDCG for top 20 recommendation!
HR@20:0.7016970248937462 and  NDCG@20:0.3311475831764368
Selected clients in this round:
[0, 1, 2, 3, 4, 5, 6, 7, 8, 9, 10, 11, 12, 13, 14, 15, 16, 17, 18, 19, 20, 21, 22, 23, 24, 25, 26, 27, 28, 29, 30, 31, 32, 33, 34, 35, 36, 37, 38, 39, 40, 41, 42, 43, 44, 45, 46, 47, 48, 49, 50, 51, 52, 53, 54, 55, 56, 57, 58, 59, 60, 61, 62, 63, 64, 65, 66, 67, 68, 69, 70, 71, 72, 73, 74, 75, 76, 77, 78, 79, 80, 81, 82, 83, 84, 85, 86, 87, 88, 89, 90, 91, 92, 93, 94, 95, 96, 97, 98, 99]
--------------Round 15--------------
48075
55990
40990
56610
49645
56305
52035
66080
57465
47115
53145
48130
45950
49200
50970
50355
62005
63095
60800
37145
41585
54115
37400
48390
54835
57275
54420
38120
49300
41575
40110
51300
52420
50925
44950
47215
48175
54130
46805
43410
56880
41720
58230
51075
44885
46430
58155
38825
51090
50460
49370
42415
41595
37300
40055
40980
47400
54785
42965
44010
43410
50735
42175
68510
49285
56555
51535
39720
53800
48860
47895
46330
51355
52745
48945
55790
68485
66810
44415
45910
59150
52470
60720
48265
54520
59030
50000
47110
37500
58340
45215
56555
49965
45265
38975
54265
43355
49960
39370
41365
unlearning time:              4.3529s
Time Cost:                    286.0473s
Hit Ratio and NDCG for top 20 recommendation!
HR@20:0.7063236187006678 and  NDCG@20:0.33234788172183577
Selected clients in this round:
[0, 1, 2, 3, 4, 5, 6, 7, 8, 9, 10, 11, 12, 13, 14, 15, 16, 17, 18, 19, 20, 21, 22, 23, 24, 25, 26, 27, 28, 29, 30, 31, 32, 33, 34, 35, 36, 37, 38, 39, 40, 41, 42, 43, 44, 45, 46, 47, 48, 49, 50, 51, 52, 53, 54, 55, 56, 57, 58, 59, 60, 61, 62, 63, 64, 65, 66, 67, 68, 69, 70, 71, 72, 73, 74, 75, 76, 77, 78, 79, 80, 81, 82, 83, 84, 85, 86, 87, 88, 89, 90, 91, 92, 93, 94, 95, 96, 97, 98, 99]
--------------Round 16--------------
48075
55990
40990
56610
49645
56305
52035
66080
57465
47115
53145
48130
45950
49200
50970
50355
62005
63095
60800
37145
41585
54115
37400
48390
54835
57275
54420
38120
49300
41575
40110
51300
52420
50925
44950
47215
48175
54130
46805
43410
56880
41720
58230
51075
44885
46430
58155
38825
51090
50460
49370
42415
41595
37300
40055
40980
47400
54785
42965
44010
43410
50735
42175
68510
49285
56555
51535
39720
53800
48860
47895
46330
51355
52745
48945
55790
68485
66810
44415
45910
59150
52470
60720
48265
54520
59030
50000
47110
37500
58340
45215
56555
49965
45265
38975
54265
43355
49960
39370
41365
unlearning time:              4.5988s
Time Cost:                    287.1452s
Hit Ratio and NDCG for top 20 recommendation!
HR@20:0.7108348512446874 and  NDCG@20:0.3349771490339765
Selected clients in this round:
[0, 1, 2, 3, 4, 5, 6, 7, 8, 9, 10, 11, 12, 13, 14, 15, 16, 17, 18, 19, 20, 21, 22, 23, 24, 25, 26, 27, 28, 29, 30, 31, 32, 33, 34, 35, 36, 37, 38, 39, 40, 41, 42, 43, 44, 45, 46, 47, 48, 49, 50, 51, 52, 53, 54, 55, 56, 57, 58, 59, 60, 61, 62, 63, 64, 65, 66, 67, 68, 69, 70, 71, 72, 73, 74, 75, 76, 77, 78, 79, 80, 81, 82, 83, 84, 85, 86, 87, 88, 89, 90, 91, 92, 93, 94, 95, 96, 97, 98, 99]
--------------Round 17--------------
48075
55990
40990
56610
49645
56305
52035
66080
57465
47115
53145
48130
45950
49200
50970
50355
62005
63095
60800
37145
41585
54115
37400
48390
54835
57275
54420
38120
49300
41575
40110
51300
52420
50925
44950
47215
48175
54130
46805
43410
56880
41720
58230
51075
44885
46430
58155
38825
51090
50460
49370
42415
41595
37300
40055
40980
47400
54785
42965
44010
43410
50735
42175
68510
49285
56555
51535
39720
53800
48860
47895
46330
51355
52745
48945
55790
68485
66810
44415
45910
59150
52470
60720
48265
54520
59030
50000
47110
37500
58340
45215
56555
49965
45265
38975
54265
43355
49960
39370
41365
unlearning time:              4.8968s
Time Cost:                    287.4954s
Hit Ratio and NDCG for top 20 recommendation!
HR@20:0.7128809957498483 and  NDCG@20:0.3351480088383304
Selected clients in this round:
[0, 1, 2, 3, 4, 5, 6, 7, 8, 9, 10, 11, 12, 13, 14, 15, 16, 17, 18, 19, 20, 21, 22, 23, 24, 25, 26, 27, 28, 29, 30, 31, 32, 33, 34, 35, 36, 37, 38, 39, 40, 41, 42, 43, 44, 45, 46, 47, 48, 49, 50, 51, 52, 53, 54, 55, 56, 57, 58, 59, 60, 61, 62, 63, 64, 65, 66, 67, 68, 69, 70, 71, 72, 73, 74, 75, 76, 77, 78, 79, 80, 81, 82, 83, 84, 85, 86, 87, 88, 89, 90, 91, 92, 93, 94, 95, 96, 97, 98, 99]
--------------Round 18--------------
48075
55990
40990
56610
49645
56305
52035
66080
57465
47115
53145
48130
45950
49200
50970
50355
62005
63095
60800
37145
41585
54115
37400
48390
54835
57275
54420
38120
49300
41575
40110
51300
52420
50925
44950
47215
48175
54130
46805
43410
56880
41720
58230
51075
44885
46430
58155
38825
51090
50460
49370
42415
41595
37300
40055
40980
47400
54785
42965
44010
43410
50735
42175
68510
49285
56555
51535
39720
53800
48860
47895
46330
51355
52745
48945
55790
68485
66810
44415
45910
59150
52470
60720
48265
54520
59030
50000
47110
37500
58340
45215
56555
49965
45265
38975
54265
43355
49960
39370
41365
unlearning time:              5.1643s
Time Cost:                    293.3849s
Hit Ratio and NDCG for top 20 recommendation!
HR@20:0.7119763205828782 and  NDCG@20:0.33542381569471846
Selected clients in this round:
[0, 1, 2, 3, 4, 5, 6, 7, 8, 9, 10, 11, 12, 13, 14, 15, 16, 17, 18, 19, 20, 21, 22, 23, 24, 25, 26, 27, 28, 29, 30, 31, 32, 33, 34, 35, 36, 37, 38, 39, 40, 41, 42, 43, 44, 45, 46, 47, 48, 49, 50, 51, 52, 53, 54, 55, 56, 57, 58, 59, 60, 61, 62, 63, 64, 65, 66, 67, 68, 69, 70, 71, 72, 73, 74, 75, 76, 77, 78, 79, 80, 81, 82, 83, 84, 85, 86, 87, 88, 89, 90, 91, 92, 93, 94, 95, 96, 97, 98, 99]
--------------Round 19--------------
48075
55990
40990
56610
49645
56305
52035
66080
57465
47115
53145
48130
45950
49200
50970
50355
62005
63095
60800
37145
41585
54115
37400
48390
54835
57275
54420
38120
49300
41575
40110
51300
52420
50925
44950
47215
48175
54130
46805
43410
56880
41720
58230
51075
44885
46430
58155
38825
51090
50460
49370
42415
41595
37300
40055
40980
47400
54785
42965
44010
43410
50735
42175
68510
49285
56555
51535
39720
53800
48860
47895
46330
51355
52745
48945
55790
68485
66810
44415
45910
59150
52470
60720
48265
54520
59030
50000
47110
37500
58340
45215
56555
49965
45265
38975
54265
43355
49960
39370
41365
unlearning time:              5.4174s
Time Cost:                    289.5538s
Hit Ratio and NDCG for top 20 recommendation!
HR@20:0.7138494231936857 and  NDCG@20:0.3355807564432326
Selected clients in this round:
[0, 1, 2, 3, 4, 5, 6, 7, 8, 9, 10, 11, 12, 13, 14, 15, 16, 17, 18, 19, 20, 21, 22, 23, 24, 25, 26, 27, 28, 29, 30, 31, 32, 33, 34, 35, 36, 37, 38, 39, 40, 41, 42, 43, 44, 45, 46, 47, 48, 49, 50, 51, 52, 53, 54, 55, 56, 57, 58, 59, 60, 61, 62, 63, 64, 65, 66, 67, 68, 69, 70, 71, 72, 73, 74, 75, 76, 77, 78, 79, 80, 81, 82, 83, 84, 85, 86, 87, 88, 89, 90, 91, 92, 93, 94, 95, 96, 97, 98, 99]
--------------Round 20--------------
48075
55990
40990
56610
49645
56305
52035
66080
57465
47115
53145
48130
45950
49200
50970
50355
62005
63095
60800
37145
41585
54115
37400
48390
54835
57275
54420
38120
49300
41575
40110
51300
52420
50925
44950
47215
48175
54130
46805
43410
56880
41720
58230
51075
44885
46430
58155
38825
51090
50460
49370
42415
41595
37300
40055
40980
47400
54785
42965
44010
43410
50735
42175
68510
49285
56555
51535
39720
53800
48860
47895
46330
51355
52745
48945
55790
68485
66810
44415
45910
59150
52470
60720
48265
54520
59030
50000
47110
37500
58340
45215
56555
49965
45265
38975
54265
43355
49960
39370
41365
unlearning time:              5.6846s
Time Cost:                    289.3434s
Hit Ratio and NDCG for top 20 recommendation!
HR@20:0.7090862173649056 and  NDCG@20:0.33798940007417316
Selected clients in this round:
[0, 1, 2, 3, 4, 5, 6, 7, 8, 9, 10, 11, 12, 13, 14, 15, 16, 17, 18, 19, 20, 21, 22, 23, 24, 25, 26, 27, 28, 29, 30, 31, 32, 33, 34, 35, 36, 37, 38, 39, 40, 41, 42, 43, 44, 45, 46, 47, 48, 49, 50, 51, 52, 53, 54, 55, 56, 57, 58, 59, 60, 61, 62, 63, 64, 65, 66, 67, 68, 69, 70, 71, 72, 73, 74, 75, 76, 77, 78, 79, 80, 81, 82, 83, 84, 85, 86, 87, 88, 89, 90, 91, 92, 93, 94, 95, 96, 97, 98, 99]
--------------Round 21--------------
48075
55990
40990
56610
49645
56305
52035
66080
57465
47115
53145
48130
45950
49200
50970
50355
62005
63095
60800
37145
41585
54115
37400
48390
54835
57275
54420
38120
49300
41575
40110
51300
52420
50925
44950
47215
48175
54130
46805
43410
56880
41720
58230
51075
44885
46430
58155
38825
51090
50460
49370
42415
41595
37300
40055
40980
47400
54785
42965
44010
43410
50735
42175
68510
49285
56555
51535
39720
53800
48860
47895
46330
51355
52745
48945
55790
68485
66810
44415
45910
59150
52470
60720
48265
54520
59030
50000
47110
37500
58340
45215
56555
49965
45265
38975
54265
43355
49960
39370
41365
unlearning time:              5.9674s
Time Cost:                    289.9960s
Hit Ratio and NDCG for top 20 recommendation!
HR@20:0.7119945355191255 and  NDCG@20:0.33982337053654793
Selected clients in this round:
[0, 1, 2, 3, 4, 5, 6, 7, 8, 9, 10, 11, 12, 13, 14, 15, 16, 17, 18, 19, 20, 21, 22, 23, 24, 25, 26, 27, 28, 29, 30, 31, 32, 33, 34, 35, 36, 37, 38, 39, 40, 41, 42, 43, 44, 45, 46, 47, 48, 49, 50, 51, 52, 53, 54, 55, 56, 57, 58, 59, 60, 61, 62, 63, 64, 65, 66, 67, 68, 69, 70, 71, 72, 73, 74, 75, 76, 77, 78, 79, 80, 81, 82, 83, 84, 85, 86, 87, 88, 89, 90, 91, 92, 93, 94, 95, 96, 97, 98, 99]
--------------Round 22--------------
48075
55990
40990
56610
49645
56305
52035
66080
57465
47115
53145
48130
45950
49200
50970
50355
62005
63095
60800
37145
41585
54115
37400
48390
54835
57275
54420
38120
49300
41575
40110
51300
52420
50925
44950
47215
48175
54130
46805
43410
56880
41720
58230
51075
44885
46430
58155
38825
51090
50460
49370
42415
41595
37300
40055
40980
47400
54785
42965
44010
43410
50735
42175
68510
49285
56555
51535
39720
53800
48860
47895
46330
51355
52745
48945
55790
68485
66810
44415
45910
59150
52470
60720
48265
54520
59030
50000
47110
37500
58340
45215
56555
49965
45265
38975
54265
43355
49960
39370
41365
unlearning time:              6.2451s
Time Cost:                    291.0157s
Hit Ratio and NDCG for top 20 recommendation!
HR@20:0.7086854887674559 and  NDCG@20:0.33583926528480695
Selected clients in this round:
[0, 1, 2, 3, 4, 5, 6, 7, 8, 9, 10, 11, 12, 13, 14, 15, 16, 17, 18, 19, 20, 21, 22, 23, 24, 25, 26, 27, 28, 29, 30, 31, 32, 33, 34, 35, 36, 37, 38, 39, 40, 41, 42, 43, 44, 45, 46, 47, 48, 49, 50, 51, 52, 53, 54, 55, 56, 57, 58, 59, 60, 61, 62, 63, 64, 65, 66, 67, 68, 69, 70, 71, 72, 73, 74, 75, 76, 77, 78, 79, 80, 81, 82, 83, 84, 85, 86, 87, 88, 89, 90, 91, 92, 93, 94, 95, 96, 97, 98, 99]
--------------Round 23--------------
48075
55990
40990
56610
49645
56305
52035
66080
57465
47115
53145
48130
45950
49200
50970
50355
62005
63095
60800
37145
41585
54115
37400
48390
54835
57275
54420
38120
49300
41575
40110
51300
52420
50925
44950
47215
48175
54130
46805
43410
56880
41720
58230
51075
44885
46430
58155
38825
51090
50460
49370
42415
41595
37300
40055
40980
47400
54785
42965
44010
43410
50735
42175
68510
49285
56555
51535
39720
53800
48860
47895
46330
51355
52745
48945
55790
68485
66810
44415
45910
59150
52470
60720
48265
54520
59030
50000
47110
37500
58340
45215
56555
49965
45265
38975
54265
43355
49960
39370
41365
unlearning time:              6.4830s
Time Cost:                    290.3985s
Hit Ratio and NDCG for top 20 recommendation!
HR@20:0.7184851244687311 and  NDCG@20:0.34190003239658245
Selected clients in this round:
[0, 1, 2, 3, 4, 5, 6, 7, 8, 9, 10, 11, 12, 13, 14, 15, 16, 17, 18, 19, 20, 21, 22, 23, 24, 25, 26, 27, 28, 29, 30, 31, 32, 33, 34, 35, 36, 37, 38, 39, 40, 41, 42, 43, 44, 45, 46, 47, 48, 49, 50, 51, 52, 53, 54, 55, 56, 57, 58, 59, 60, 61, 62, 63, 64, 65, 66, 67, 68, 69, 70, 71, 72, 73, 74, 75, 76, 77, 78, 79, 80, 81, 82, 83, 84, 85, 86, 87, 88, 89, 90, 91, 92, 93, 94, 95, 96, 97, 98, 99]
--------------Round 24--------------
48075
55990
40990
56610
49645
56305
52035
66080
57465
47115
53145
48130
45950
49200
50970
50355
62005
63095
60800
37145
41585
54115
37400
48390
54835
57275
54420
38120
49300
41575
40110
51300
52420
50925
44950
47215
48175
54130
46805
43410
56880
41720
58230
51075
44885
46430
58155
38825
51090
50460
49370
42415
41595
37300
40055
40980
47400
54785
42965
44010
43410
50735
42175
68510
49285
56555
51535
39720
53800
48860
47895
46330
51355
52745
48945
55790
68485
66810
44415
45910
59150
52470
60720
48265
54520
59030
50000
47110
37500
58340
45215
56555
49965
45265
38975
54265
43355
49960
39370
41365
unlearning time:              6.7623s
Time Cost:                    291.1683s
Hit Ratio and NDCG for top 20 recommendation!
HR@20:0.7158955676988467 and  NDCG@20:0.33873048701893116
Selected clients in this round:
[0, 1, 2, 3, 4, 5, 6, 7, 8, 9, 10, 11, 12, 13, 14, 15, 16, 17, 18, 19, 20, 21, 22, 23, 24, 25, 26, 27, 28, 29, 30, 31, 32, 33, 34, 35, 36, 37, 38, 39, 40, 41, 42, 43, 44, 45, 46, 47, 48, 49, 50, 51, 52, 53, 54, 55, 56, 57, 58, 59, 60, 61, 62, 63, 64, 65, 66, 67, 68, 69, 70, 71, 72, 73, 74, 75, 76, 77, 78, 79, 80, 81, 82, 83, 84, 85, 86, 87, 88, 89, 90, 91, 92, 93, 94, 95, 96, 97, 98, 99]
--------------Round 25--------------
48075
55990
40990
56610
49645
56305
52035
66080
57465
47115
53145
48130
45950
49200
50970
50355
62005
63095
60800
37145
41585
54115
37400
48390
54835
57275
54420
38120
49300
41575
40110
51300
52420
50925
44950
47215
48175
54130
46805
43410
56880
41720
58230
51075
44885
46430
58155
38825
51090
50460
49370
42415
41595
37300
40055
40980
47400
54785
42965
44010
43410
50735
42175
68510
49285
56555
51535
39720
53800
48860
47895
46330
51355
52745
48945
55790
68485
66810
44415
45910
59150
52470
60720
48265
54520
59030
50000
47110
37500
58340
45215
56555
49965
45265
38975
54265
43355
49960
39370
41365
unlearning time:              7.0234s
Time Cost:                    291.5007s
Hit Ratio and NDCG for top 20 recommendation!
HR@20:0.7219854280510019 and  NDCG@20:0.3423474555875303
Selected clients in this round:
[0, 1, 2, 3, 4, 5, 6, 7, 8, 9, 10, 11, 12, 13, 14, 15, 16, 17, 18, 19, 20, 21, 22, 23, 24, 25, 26, 27, 28, 29, 30, 31, 32, 33, 34, 35, 36, 37, 38, 39, 40, 41, 42, 43, 44, 45, 46, 47, 48, 49, 50, 51, 52, 53, 54, 55, 56, 57, 58, 59, 60, 61, 62, 63, 64, 65, 66, 67, 68, 69, 70, 71, 72, 73, 74, 75, 76, 77, 78, 79, 80, 81, 82, 83, 84, 85, 86, 87, 88, 89, 90, 91, 92, 93, 94, 95, 96, 97, 98, 99]
--------------Round 26--------------
48075
55990
40990
56610
49645
56305
52035
66080
57465
47115
53145
48130
45950
49200
50970
50355
62005
63095
60800
37145
41585
54115
37400
48390
54835
57275
54420
38120
49300
41575
40110
51300
52420
50925
44950
47215
48175
54130
46805
43410
56880
41720
58230
51075
44885
46430
58155
38825
51090
50460
49370
42415
41595
37300
40055
40980
47400
54785
42965
44010
43410
50735
42175
68510
49285
56555
51535
39720
53800
48860
47895
46330
51355
52745
48945
55790
68485
66810
44415
45910
59150
52470
60720
48265
54520
59030
50000
47110
37500
58340
45215
56555
49965
45265
38975
54265
43355
49960
39370
41365
unlearning time:              7.2985s
Time Cost:                    292.0528s
Hit Ratio and NDCG for top 20 recommendation!
HR@20:0.7178476017000606 and  NDCG@20:0.34279192993212987
Selected clients in this round:
[0, 1, 2, 3, 4, 5, 6, 7, 8, 9, 10, 11, 12, 13, 14, 15, 16, 17, 18, 19, 20, 21, 22, 23, 24, 25, 26, 27, 28, 29, 30, 31, 32, 33, 34, 35, 36, 37, 38, 39, 40, 41, 42, 43, 44, 45, 46, 47, 48, 49, 50, 51, 52, 53, 54, 55, 56, 57, 58, 59, 60, 61, 62, 63, 64, 65, 66, 67, 68, 69, 70, 71, 72, 73, 74, 75, 76, 77, 78, 79, 80, 81, 82, 83, 84, 85, 86, 87, 88, 89, 90, 91, 92, 93, 94, 95, 96, 97, 98, 99]
--------------Round 27--------------
48075
55990
40990
56610
49645
56305
52035
66080
57465
47115
53145
48130
45950
49200
50970
50355
62005
63095
60800
37145
41585
54115
37400
48390
54835
57275
54420
38120
49300
41575
40110
51300
52420
50925
44950
47215
48175
54130
46805
43410
56880
41720
58230
51075
44885
46430
58155
38825
51090
50460
49370
42415
41595
37300
40055
40980
47400
54785
42965
44010
43410
50735
42175
68510
49285
56555
51535
39720
53800
48860
47895
46330
51355
52745
48945
55790
68485
66810
44415
45910
59150
52470
60720
48265
54520
59030
50000
47110
37500
58340
45215
56555
49965
45265
38975
54265
43355
49960
39370
41365
unlearning time:              7.5715s
Time Cost:                    292.1794s
Hit Ratio and NDCG for top 20 recommendation!
HR@20:0.7152975106253793 and  NDCG@20:0.3387698466138413
Selected clients in this round:
[0, 1, 2, 3, 4, 5, 6, 7, 8, 9, 10, 11, 12, 13, 14, 15, 16, 17, 18, 19, 20, 21, 22, 23, 24, 25, 26, 27, 28, 29, 30, 31, 32, 33, 34, 35, 36, 37, 38, 39, 40, 41, 42, 43, 44, 45, 46, 47, 48, 49, 50, 51, 52, 53, 54, 55, 56, 57, 58, 59, 60, 61, 62, 63, 64, 65, 66, 67, 68, 69, 70, 71, 72, 73, 74, 75, 76, 77, 78, 79, 80, 81, 82, 83, 84, 85, 86, 87, 88, 89, 90, 91, 92, 93, 94, 95, 96, 97, 98, 99]
--------------Round 28--------------
48075
55990
40990
56610
49645
56305
52035
66080
57465
47115
53145
48130
45950
49200
50970
50355
62005
63095
60800
37145
41585
54115
37400
48390
54835
57275
54420
38120
49300
41575
40110
51300
52420
50925
44950
47215
48175
54130
46805
43410
56880
41720
58230
51075
44885
46430
58155
38825
51090
50460
49370
42415
41595
37300
40055
40980
47400
54785
42965
44010
43410
50735
42175
68510
49285
56555
51535
39720
53800
48860
47895
46330
51355
52745
48945
55790
68485
66810
44415
45910
59150
52470
60720
48265
54520
59030
50000
47110
37500
58340
45215
56555
49965
45265
38975
54265
43355
49960
39370
41365
unlearning time:              7.8680s
Time Cost:                    291.8229s
Hit Ratio and NDCG for top 20 recommendation!
HR@20:0.7112689738919243 and  NDCG@20:0.33777298304122083
Selected clients in this round:
[0, 1, 2, 3, 4, 5, 6, 7, 8, 9, 10, 11, 12, 13, 14, 15, 16, 17, 18, 19, 20, 21, 22, 23, 24, 25, 26, 27, 28, 29, 30, 31, 32, 33, 34, 35, 36, 37, 38, 39, 40, 41, 42, 43, 44, 45, 46, 47, 48, 49, 50, 51, 52, 53, 54, 55, 56, 57, 58, 59, 60, 61, 62, 63, 64, 65, 66, 67, 68, 69, 70, 71, 72, 73, 74, 75, 76, 77, 78, 79, 80, 81, 82, 83, 84, 85, 86, 87, 88, 89, 90, 91, 92, 93, 94, 95, 96, 97, 98, 99]
--------------Round 29--------------
48075
55990
40990
56610
49645
56305
52035
66080
57465
47115
53145
48130
45950
49200
50970
50355
62005
63095
60800
37145
41585
54115
37400
48390
54835
57275
54420
38120
49300
41575
40110
51300
52420
50925
44950
47215
48175
54130
46805
43410
56880
41720
58230
51075
44885
46430
58155
38825
51090
50460
49370
42415
41595
37300
40055
40980
47400
54785
42965
44010
43410
50735
42175
68510
49285
56555
51535
39720
53800
48860
47895
46330
51355
52745
48945
55790
68485
66810
44415
45910
59150
52470
60720
48265
54520
59030
50000
47110
37500
58340
45215
56555
49965
45265
38975
54265
43355
49960
39370
41365
unlearning time:              8.0842s
Time Cost:                    293.8064s
Hit Ratio and NDCG for top 20 recommendation!
HR@20:0.7138706739526411 and  NDCG@20:0.34184133314764403
Selected clients in this round:
[0, 1, 2, 3, 4, 5, 6, 7, 8, 9, 10, 11, 12, 13, 14, 15, 16, 17, 18, 19, 20, 21, 22, 23, 24, 25, 26, 27, 28, 29, 30, 31, 32, 33, 34, 35, 36, 37, 38, 39, 40, 41, 42, 43, 44, 45, 46, 47, 48, 49, 50, 51, 52, 53, 54, 55, 56, 57, 58, 59, 60, 61, 62, 63, 64, 65, 66, 67, 68, 69, 70, 71, 72, 73, 74, 75, 76, 77, 78, 79, 80, 81, 82, 83, 84, 85, 86, 87, 88, 89, 90, 91, 92, 93, 94, 95, 96, 97, 98, 99]
--------------Round 30--------------
48075
55990
40990
56610
49645
56305
52035
66080
57465
47115
53145
48130
45950
49200
50970
50355
62005
63095
60800
37145
41585
54115
37400
48390
54835
57275
54420
38120
49300
41575
40110
51300
52420
50925
44950
47215
48175
54130
46805
43410
56880
41720
58230
51075
44885
46430
58155
38825
51090
50460
49370
42415
41595
37300
40055
40980
47400
54785
42965
44010
43410
50735
42175
68510
49285
56555
51535
39720
53800
48860
47895
46330
51355
52745
48945
55790
68485
66810
44415
45910
59150
52470
60720
48265
54520
59030
50000
47110
37500
58340
45215
56555
49965
45265
38975
54265
43355
49960
39370
41365
unlearning time:              8.3748s
Time Cost:                    293.6931s
Hit Ratio and NDCG for top 20 recommendation!
HR@20:0.7162112932604734 and  NDCG@20:0.3433746868867418
Selected clients in this round:
[0, 1, 2, 3, 4, 5, 6, 7, 8, 9, 10, 11, 12, 13, 14, 15, 16, 17, 18, 19, 20, 21, 22, 23, 24, 25, 26, 27, 28, 29, 30, 31, 32, 33, 34, 35, 36, 37, 38, 39, 40, 41, 42, 43, 44, 45, 46, 47, 48, 49, 50, 51, 52, 53, 54, 55, 56, 57, 58, 59, 60, 61, 62, 63, 64, 65, 66, 67, 68, 69, 70, 71, 72, 73, 74, 75, 76, 77, 78, 79, 80, 81, 82, 83, 84, 85, 86, 87, 88, 89, 90, 91, 92, 93, 94, 95, 96, 97, 98, 99]
--------------Round 31--------------
48075
55990
40990
56610
49645
56305
52035
66080
57465
47115
53145
48130
45950
49200
50970
50355
62005
63095
60800
37145
41585
54115
37400
48390
54835
57275
54420
38120
49300
41575
40110
51300
52420
50925
44950
47215
48175
54130
46805
43410
56880
41720
58230
51075
44885
46430
58155
38825
51090
50460
49370
42415
41595
37300
40055
40980
47400
54785
42965
44010
43410
50735
42175
68510
49285
56555
51535
39720
53800
48860
47895
46330
51355
52745
48945
55790
68485
66810
44415
45910
59150
52470
60720
48265
54520
59030
50000
47110
37500
58340
45215
56555
49965
45265
38975
54265
43355
49960
39370
41365
unlearning time:              8.6673s
Time Cost:                    294.3170s
Hit Ratio and NDCG for top 20 recommendation!
HR@20:0.7143776563448694 and  NDCG@20:0.34269404645715723
Selected clients in this round:
[0, 1, 2, 3, 4, 5, 6, 7, 8, 9, 10, 11, 12, 13, 14, 15, 16, 17, 18, 19, 20, 21, 22, 23, 24, 25, 26, 27, 28, 29, 30, 31, 32, 33, 34, 35, 36, 37, 38, 39, 40, 41, 42, 43, 44, 45, 46, 47, 48, 49, 50, 51, 52, 53, 54, 55, 56, 57, 58, 59, 60, 61, 62, 63, 64, 65, 66, 67, 68, 69, 70, 71, 72, 73, 74, 75, 76, 77, 78, 79, 80, 81, 82, 83, 84, 85, 86, 87, 88, 89, 90, 91, 92, 93, 94, 95, 96, 97, 98, 99]
--------------Round 32--------------
48075
55990
40990
56610
49645
56305
52035
66080
57465
47115
53145
48130
45950
49200
50970
50355
62005
63095
60800
37145
41585
54115
37400
48390
54835
57275
54420
38120
49300
41575
40110
51300
52420
50925
44950
47215
48175
54130
46805
43410
56880
41720
58230
51075
44885
46430
58155
38825
51090
50460
49370
42415
41595
37300
40055
40980
47400
54785
42965
44010
43410
50735
42175
68510
49285
56555
51535
39720
53800
48860
47895
46330
51355
52745
48945
55790
68485
66810
44415
45910
59150
52470
60720
48265
54520
59030
50000
47110
37500
58340
45215
56555
49965
45265
38975
54265
43355
49960
39370
41365
unlearning time:              8.9311s
Time Cost:                    293.9888s
Hit Ratio and NDCG for top 20 recommendation!
HR@20:0.709738919247116 and  NDCG@20:0.3377637660173416
Selected clients in this round:
[0, 1, 2, 3, 4, 5, 6, 7, 8, 9, 10, 11, 12, 13, 14, 15, 16, 17, 18, 19, 20, 21, 22, 23, 24, 25, 26, 27, 28, 29, 30, 31, 32, 33, 34, 35, 36, 37, 38, 39, 40, 41, 42, 43, 44, 45, 46, 47, 48, 49, 50, 51, 52, 53, 54, 55, 56, 57, 58, 59, 60, 61, 62, 63, 64, 65, 66, 67, 68, 69, 70, 71, 72, 73, 74, 75, 76, 77, 78, 79, 80, 81, 82, 83, 84, 85, 86, 87, 88, 89, 90, 91, 92, 93, 94, 95, 96, 97, 98, 99]
--------------Round 33--------------
48075
55990
40990
56610
49645
56305
52035
66080
57465
47115
53145
48130
45950
49200
50970
50355
62005
63095
60800
37145
41585
54115
37400
48390
54835
57275
54420
38120
49300
41575
40110
51300
52420
50925
44950
47215
48175
54130
46805
43410
56880
41720
58230
51075
44885
46430
58155
38825
51090
50460
49370
42415
41595
37300
40055
40980
47400
54785
42965
44010
43410
50735
42175
68510
49285
56555
51535
39720
53800
48860
47895
46330
51355
52745
48945
55790
68485
66810
44415
45910
59150
52470
60720
48265
54520
59030
50000
47110
37500
58340
45215
56555
49965
45265
38975
54265
43355
49960
39370
41365
unlearning time:              9.1738s
Time Cost:                    295.7833s
Hit Ratio and NDCG for top 20 recommendation!
HR@20:0.7167911353976927 and  NDCG@20:0.34009303812226777
Selected clients in this round:
[0, 1, 2, 3, 4, 5, 6, 7, 8, 9, 10, 11, 12, 13, 14, 15, 16, 17, 18, 19, 20, 21, 22, 23, 24, 25, 26, 27, 28, 29, 30, 31, 32, 33, 34, 35, 36, 37, 38, 39, 40, 41, 42, 43, 44, 45, 46, 47, 48, 49, 50, 51, 52, 53, 54, 55, 56, 57, 58, 59, 60, 61, 62, 63, 64, 65, 66, 67, 68, 69, 70, 71, 72, 73, 74, 75, 76, 77, 78, 79, 80, 81, 82, 83, 84, 85, 86, 87, 88, 89, 90, 91, 92, 93, 94, 95, 96, 97, 98, 99]
--------------Round 34--------------
48075
55990
40990
56610
49645
56305
52035
66080
57465
47115
53145
48130
45950
49200
50970
50355
62005
63095
60800
37145
41585
54115
37400
48390
54835
57275
54420
38120
49300
41575
40110
51300
52420
50925
44950
47215
48175
54130
46805
43410
56880
41720
58230
51075
44885
46430
58155
38825
51090
50460
49370
42415
41595
37300
40055
40980
47400
54785
42965
44010
43410
50735
42175
68510
49285
56555
51535
39720
53800
48860
47895
46330
51355
52745
48945
55790
68485
66810
44415
45910
59150
52470
60720
48265
54520
59030
50000
47110
37500
58340
45215
56555
49965
45265
38975
54265
43355
49960
39370
41365
unlearning time:              9.4952s
Time Cost:                    296.2961s
Hit Ratio and NDCG for top 20 recommendation!
HR@20:0.7182635094110504 and  NDCG@20:0.3419755069767368
Selected clients in this round:
[0, 1, 2, 3, 4, 5, 6, 7, 8, 9, 10, 11, 12, 13, 14, 15, 16, 17, 18, 19, 20, 21, 22, 23, 24, 25, 26, 27, 28, 29, 30, 31, 32, 33, 34, 35, 36, 37, 38, 39, 40, 41, 42, 43, 44, 45, 46, 47, 48, 49, 50, 51, 52, 53, 54, 55, 56, 57, 58, 59, 60, 61, 62, 63, 64, 65, 66, 67, 68, 69, 70, 71, 72, 73, 74, 75, 76, 77, 78, 79, 80, 81, 82, 83, 84, 85, 86, 87, 88, 89, 90, 91, 92, 93, 94, 95, 96, 97, 98, 99]
--------------Round 35--------------
48075
55990
40990
56610
49645
56305
52035
66080
57465
47115
53145
48130
45950
49200
50970
50355
62005
63095
60800
37145
41585
54115
37400
48390
54835
57275
54420
38120
49300
41575
40110
51300
52420
50925
44950
47215
48175
54130
46805
43410
56880
41720
58230
51075
44885
46430
58155
38825
51090
50460
49370
42415
41595
37300
40055
40980
47400
54785
42965
44010
43410
50735
42175
68510
49285
56555
51535
39720
53800
48860
47895
46330
51355
52745
48945
55790
68485
66810
44415
45910
59150
52470
60720
48265
54520
59030
50000
47110
37500
58340
45215
56555
49965
45265
38975
54265
43355
49960
39370
41365
unlearning time:              9.7082s
Save   35
Time Cost:                    393.6361s
Hit Ratio and NDCG for top 20 recommendation!
HR@20:0.715455373406193 and  NDCG@20:0.3394957779271028
Selected clients in this round:
[0, 1, 2, 3, 4, 5, 6, 7, 8, 9, 10, 11, 12, 13, 14, 15, 16, 17, 18, 19, 20, 21, 22, 23, 24, 25, 26, 27, 28, 29, 30, 31, 32, 33, 34, 35, 36, 37, 38, 39, 40, 41, 42, 43, 44, 45, 46, 47, 48, 49, 50, 51, 52, 53, 54, 55, 56, 57, 58, 59, 60, 61, 62, 63, 64, 65, 66, 67, 68, 69, 70, 71, 72, 73, 74, 75, 76, 77, 78, 79, 80, 81, 82, 83, 84, 85, 86, 87, 88, 89, 90, 91, 92, 93, 94, 95, 96, 97, 98, 99]
--------------Round 36--------------
48075
55990
40990
56610
49645
56305
52035
66080
57465
47115
53145
48130
45950
49200
50970
50355
62005
63095
60800
37145
41585
54115
37400
48390
54835
57275
54420
38120
49300
41575
40110
51300
52420
50925
44950
47215
48175
54130
46805
43410
56880
41720
58230
51075
44885
46430
58155
38825
51090
50460
49370
42415
41595
37300
40055
40980
47400
54785
42965
44010
43410
50735
42175
68510
49285
56555
51535
39720
53800
48860
47895
46330
51355
52745
48945
55790
68485
66810
44415
45910
59150
52470
60720
48265
54520
59030
50000
47110
37500
58340
45215
56555
49965
45265
38975
54265
43355
49960
39370
41365
unlearning time:              9.9823s
Save   36
Time Cost:                    396.7438s
Hit Ratio and NDCG for top 20 recommendation!
HR@20:0.7169550698239225 and  NDCG@20:0.34208252454174404
Selected clients in this round:
[0, 1, 2, 3, 4, 5, 6, 7, 8, 9, 10, 11, 12, 13, 14, 15, 16, 17, 18, 19, 20, 21, 22, 23, 24, 25, 26, 27, 28, 29, 30, 31, 32, 33, 34, 35, 36, 37, 38, 39, 40, 41, 42, 43, 44, 45, 46, 47, 48, 49, 50, 51, 52, 53, 54, 55, 56, 57, 58, 59, 60, 61, 62, 63, 64, 65, 66, 67, 68, 69, 70, 71, 72, 73, 74, 75, 76, 77, 78, 79, 80, 81, 82, 83, 84, 85, 86, 87, 88, 89, 90, 91, 92, 93, 94, 95, 96, 97, 98, 99]
--------------Round 37--------------
48075
55990
40990
56610
49645
56305
52035
66080
57465
47115
53145
48130
45950
49200
50970
50355
62005
63095
60800
37145
41585
54115
37400
48390
54835
57275
54420
38120
49300
41575
40110
51300
52420
50925
44950
47215
48175
54130
46805
43410
56880
41720
58230
51075
44885
46430
58155
38825
51090
50460
49370
42415
41595
37300
40055
40980
47400
54785
42965
44010
43410
50735
42175
68510
49285
56555
51535
39720
53800
48860
47895
46330
51355
52745
48945
55790
68485
66810
44415
45910
59150
52470
60720
48265
54520
59030
50000
47110
37500
58340
45215
56555
49965
45265
38975
54265
43355
49960
39370
41365
unlearning time:              10.2706s
Save   37
Time Cost:                    395.7076s
Hit Ratio and NDCG for top 20 recommendation!
HR@20:0.7188069216757742 and  NDCG@20:0.34105937922107166
Selected clients in this round:
[0, 1, 2, 3, 4, 5, 6, 7, 8, 9, 10, 11, 12, 13, 14, 15, 16, 17, 18, 19, 20, 21, 22, 23, 24, 25, 26, 27, 28, 29, 30, 31, 32, 33, 34, 35, 36, 37, 38, 39, 40, 41, 42, 43, 44, 45, 46, 47, 48, 49, 50, 51, 52, 53, 54, 55, 56, 57, 58, 59, 60, 61, 62, 63, 64, 65, 66, 67, 68, 69, 70, 71, 72, 73, 74, 75, 76, 77, 78, 79, 80, 81, 82, 83, 84, 85, 86, 87, 88, 89, 90, 91, 92, 93, 94, 95, 96, 97, 98, 99]
--------------Round 38--------------
48075
55990
40990
56610
49645
56305
52035
66080
57465
47115
53145
48130
45950
49200
50970
50355
62005
63095
60800
37145
41585
54115
37400
48390
54835
57275
54420
38120
49300
41575
40110
51300
52420
50925
44950
47215
48175
54130
46805
43410
56880
41720
58230
51075
44885
46430
58155
38825
51090
50460
49370
42415
41595
37300
40055
40980
47400
54785
42965
44010
43410
50735
42175
68510
49285
56555
51535
39720
53800
48860
47895
46330
51355
52745
48945
55790
68485
66810
44415
45910
59150
52470
60720
48265
54520
59030
50000
47110
37500
58340
45215
56555
49965
45265
38975
54265
43355
49960
39370
41365
unlearning time:              10.5225s
Save   38
Time Cost:                    398.2407s
Hit Ratio and NDCG for top 20 recommendation!
HR@20:0.723749241044323 and  NDCG@20:0.34510099029665675
Selected clients in this round:
[0, 1, 2, 3, 4, 5, 6, 7, 8, 9, 10, 11, 12, 13, 14, 15, 16, 17, 18, 19, 20, 21, 22, 23, 24, 25, 26, 27, 28, 29, 30, 31, 32, 33, 34, 35, 36, 37, 38, 39, 40, 41, 42, 43, 44, 45, 46, 47, 48, 49, 50, 51, 52, 53, 54, 55, 56, 57, 58, 59, 60, 61, 62, 63, 64, 65, 66, 67, 68, 69, 70, 71, 72, 73, 74, 75, 76, 77, 78, 79, 80, 81, 82, 83, 84, 85, 86, 87, 88, 89, 90, 91, 92, 93, 94, 95, 96, 97, 98, 99]
--------------Round 39--------------
48075
55990
40990
56610
49645
56305
52035
66080
57465
47115
53145
48130
45950
49200
50970
50355
62005
63095
60800
37145
41585
54115
37400
48390
54835
57275
54420
38120
49300
41575
40110
51300
52420
50925
44950
47215
48175
54130
46805
43410
56880
41720
58230
51075
44885
46430
58155
38825
51090
50460
49370
42415
41595
37300
40055
40980
47400
54785
42965
44010
43410
50735
42175
68510
49285
56555
51535
39720
53800
48860
47895
46330
51355
52745
48945
55790
68485
66810
44415
45910
59150
52470
60720
48265
54520
59030
50000
47110
37500
58340
45215
56555
49965
45265
38975
54265
43355
49960
39370
41365
unlearning time:              10.7791s
Save   39
Time Cost:                    397.1206s
Hit Ratio and NDCG for top 20 recommendation!
HR@20:0.7201153612629022 and  NDCG@20:0.3409355281801176
Selected clients in this round:
[0, 1, 2, 3, 4, 5, 6, 7, 8, 9, 10, 11, 12, 13, 14, 15, 16, 17, 18, 19, 20, 21, 22, 23, 24, 25, 26, 27, 28, 29, 30, 31, 32, 33, 34, 35, 36, 37, 38, 39, 40, 41, 42, 43, 44, 45, 46, 47, 48, 49, 50, 51, 52, 53, 54, 55, 56, 57, 58, 59, 60, 61, 62, 63, 64, 65, 66, 67, 68, 69, 70, 71, 72, 73, 74, 75, 76, 77, 78, 79, 80, 81, 82, 83, 84, 85, 86, 87, 88, 89, 90, 91, 92, 93, 94, 95, 96, 97, 98, 99]
--------------Round 40--------------
48075
55990
40990
56610
49645
56305
52035
66080
57465
47115
53145
48130
45950
49200
50970
50355
62005
63095
60800
37145
41585
54115
37400
48390
54835
57275
54420
38120
49300
41575
40110
51300
52420
50925
44950
47215
48175
54130
46805
43410
56880
41720
58230
51075
44885
46430
58155
38825
51090
50460
49370
42415
41595
37300
40055
40980
47400
54785
42965
44010
43410
50735
42175
68510
49285
56555
51535
39720
53800
48860
47895
46330
51355
52745
48945
55790
68485
66810
44415
45910
59150
52470
60720
48265
54520
59030
50000
47110
37500
58340
45215
56555
49965
45265
38975
54265
43355
49960
39370
41365
unlearning time:              11.1096s
Save   40
Time Cost:                    399.2536s
Hit Ratio and NDCG for top 20 recommendation!
HR@20:0.7160473588342443 and  NDCG@20:0.34539923797509725
Selected clients in this round:
[0, 1, 2, 3, 4, 5, 6, 7, 8, 9, 10, 11, 12, 13, 14, 15, 16, 17, 18, 19, 20, 21, 22, 23, 24, 25, 26, 27, 28, 29, 30, 31, 32, 33, 34, 35, 36, 37, 38, 39, 40, 41, 42, 43, 44, 45, 46, 47, 48, 49, 50, 51, 52, 53, 54, 55, 56, 57, 58, 59, 60, 61, 62, 63, 64, 65, 66, 67, 68, 69, 70, 71, 72, 73, 74, 75, 76, 77, 78, 79, 80, 81, 82, 83, 84, 85, 86, 87, 88, 89, 90, 91, 92, 93, 94, 95, 96, 97, 98, 99]
=================End==================
Total Time Cost:              14439.2668s
[]
init fedtask...done
init clients...MAX POS IDX: 1003
MAX POS IDX: 741
MAX POS IDX: 781
MAX POS IDX: 710
MAX POS IDX: 660
MAX POS IDX: 1285
MAX POS IDX: 1210
MAX POS IDX: 1015
MAX POS IDX: 1301
MAX POS IDX: 773
MAX POS IDX: 665
MAX POS IDX: 1008
MAX POS IDX: 507
MAX POS IDX: 824
MAX POS IDX: 884
MAX POS IDX: 999
MAX POS IDX: 1322
MAX POS IDX: 607
MAX POS IDX: 821
MAX POS IDX: 981
MAX POS IDX: 553
MAX POS IDX: 1215
MAX POS IDX: 1049
MAX POS IDX: 1742
MAX POS IDX: 1077
MAX POS IDX: 1257
MAX POS IDX: 1270
MAX POS IDX: 1221
MAX POS IDX: 525
MAX POS IDX: 864
MAX POS IDX: 818
MAX POS IDX: 623
MAX POS IDX: 1849
MAX POS IDX: 1151
MAX POS IDX: 804
MAX POS IDX: 843
MAX POS IDX: 1168
MAX POS IDX: 400
MAX POS IDX: 1175
MAX POS IDX: 841
MAX POS IDX: 908
MAX POS IDX: 794
MAX POS IDX: 922
MAX POS IDX: 549
MAX POS IDX: 670
MAX POS IDX: 1215
MAX POS IDX: 836
MAX POS IDX: 887
MAX POS IDX: 913
MAX POS IDX: 788
MAX POS IDX: 963
MAX POS IDX: 892
MAX POS IDX: 609
MAX POS IDX: 793
MAX POS IDX: 1225
MAX POS IDX: 1239
MAX POS IDX: 821
MAX POS IDX: 466
MAX POS IDX: 1114
MAX POS IDX: 914
MAX POS IDX: 719
MAX POS IDX: 902
MAX POS IDX: 1259
MAX POS IDX: 639
MAX POS IDX: 857
MAX POS IDX: 2313
MAX POS IDX: 836
MAX POS IDX: 1594
MAX POS IDX: 838
MAX POS IDX: 881
MAX POS IDX: 1018
MAX POS IDX: 824
MAX POS IDX: 1037
MAX POS IDX: 684
MAX POS IDX: 1219
MAX POS IDX: 728
MAX POS IDX: 1017
MAX POS IDX: 683
MAX POS IDX: 527
MAX POS IDX: 1242
MAX POS IDX: 677
MAX POS IDX: 970
MAX POS IDX: 1517
MAX POS IDX: 851
MAX POS IDX: 605
MAX POS IDX: 783
MAX POS IDX: 458
MAX POS IDX: 742
MAX POS IDX: 1157
MAX POS IDX: 835
init server...fedtasksave/movielens1m_cnum100_dist0_skew0_seed0/CFRU_NCF_Mu8_R40_P1.00_alpha0.5_seed0_fedAttack/record
done
--------------Round 0--------------
53145
48130
45950
49200
50970
50355
62005
63095
60800
37145
41585
54115
37400
48390
54835
57275
54420
38120
49300
41575
40110
51300
52420
50925
44950
47215
48175
54130
46805
43410
56880
41720
58230
51075
44885
46430
58155
38825
51090
50460
49370
42415
41595
37300
40055
40980
47400
54785
42965
44010
43410
50735
42175
68510
49285
56555
51535
39720
53800
48860
47895
46330
51355
52745
48945
55790
68485
66810
44415
45910
59150
52470
60720
48265
54520
59030
50000
47110
37500
58340
45215
56555
49965
45265
38975
54265
43355
49960
39370
41365
unlearning time:              0.3032s
Time Cost:                    211.7380s
Hit Ratio and NDCG for top 20 recommendation!
HR@20:0.6062932604735882 and  NDCG@20:0.2780616142446443
Selected clients in this round:
[0, 1, 2, 3, 4, 5, 6, 7, 8, 9, 10, 11, 12, 13, 14, 15, 16, 17, 18, 19, 20, 21, 22, 23, 24, 25, 26, 27, 28, 29, 30, 31, 32, 33, 34, 35, 36, 37, 38, 39, 40, 41, 42, 43, 44, 45, 46, 47, 48, 49, 50, 51, 52, 53, 54, 55, 56, 57, 58, 59, 60, 61, 62, 63, 64, 65, 66, 67, 68, 69, 70, 71, 72, 73, 74, 75, 76, 77, 78, 79, 80, 81, 82, 83, 84, 85, 86, 87, 88, 89]
--------------Round 1--------------
53145
48130
45950
49200
50970
50355
62005
63095
60800
37145
41585
54115
37400
48390
54835
57275
54420
38120
49300
41575
40110
51300
52420
50925
44950
47215
48175
54130
46805
43410
56880
41720
58230
51075
44885
46430
58155
38825
51090
50460
49370
42415
41595
37300
40055
40980
47400
54785
42965
44010
43410
50735
42175
68510
49285
56555
51535
39720
53800
48860
47895
46330
51355
52745
48945
55790
68485
66810
44415
45910
59150
52470
60720
48265
54520
59030
50000
47110
37500
58340
45215
56555
49965
45265
38975
54265
43355
49960
39370
41365
unlearning time:              0.5718s
Time Cost:                    209.8838s
Hit Ratio and NDCG for top 20 recommendation!
HR@20:0.6268761384335153 and  NDCG@20:0.2879414571964347
Selected clients in this round:
[0, 1, 2, 3, 4, 5, 6, 7, 8, 9, 10, 11, 12, 13, 14, 15, 16, 17, 18, 19, 20, 21, 22, 23, 24, 25, 26, 27, 28, 29, 30, 31, 32, 33, 34, 35, 36, 37, 38, 39, 40, 41, 42, 43, 44, 45, 46, 47, 48, 49, 50, 51, 52, 53, 54, 55, 56, 57, 58, 59, 60, 61, 62, 63, 64, 65, 66, 67, 68, 69, 70, 71, 72, 73, 74, 75, 76, 77, 78, 79, 80, 81, 82, 83, 84, 85, 86, 87, 88, 89]
--------------Round 2--------------
53145
48130
45950
49200
50970
50355
62005
63095
60800
37145
41585
54115
37400
48390
54835
57275
54420
38120
49300
41575
40110
51300
52420
50925
44950
47215
48175
54130
46805
43410
56880
41720
58230
51075
44885
46430
58155
38825
51090
50460
49370
42415
41595
37300
40055
40980
47400
54785
42965
44010
43410
50735
42175
68510
49285
56555
51535
39720
53800
48860
47895
46330
51355
52745
48945
55790
68485
66810
44415
45910
59150
52470
60720
48265
54520
59030
50000
47110
37500
58340
45215
56555
49965
45265
38975
54265
43355
49960
39370
41365
unlearning time:              0.8381s
Time Cost:                    210.2622s
Hit Ratio and NDCG for top 20 recommendation!
HR@20:0.644414086217365 and  NDCG@20:0.2966232472638124
Selected clients in this round:
[0, 1, 2, 3, 4, 5, 6, 7, 8, 9, 10, 11, 12, 13, 14, 15, 16, 17, 18, 19, 20, 21, 22, 23, 24, 25, 26, 27, 28, 29, 30, 31, 32, 33, 34, 35, 36, 37, 38, 39, 40, 41, 42, 43, 44, 45, 46, 47, 48, 49, 50, 51, 52, 53, 54, 55, 56, 57, 58, 59, 60, 61, 62, 63, 64, 65, 66, 67, 68, 69, 70, 71, 72, 73, 74, 75, 76, 77, 78, 79, 80, 81, 82, 83, 84, 85, 86, 87, 88, 89]
--------------Round 3--------------
53145
48130
45950
49200
50970
50355
62005
63095
60800
37145
41585
54115
37400
48390
54835
57275
54420
38120
49300
41575
40110
51300
52420
50925
44950
47215
48175
54130
46805
43410
56880
41720
58230
51075
44885
46430
58155
38825
51090
50460
49370
42415
41595
37300
40055
40980
47400
54785
42965
44010
43410
50735
42175
68510
49285
56555
51535
39720
53800
48860
47895
46330
51355
52745
48945
55790
68485
66810
44415
45910
59150
52470
60720
48265
54520
59030
50000
47110
37500
58340
45215
56555
49965
45265
38975
54265
43355
49960
39370
41365
unlearning time:              1.1034s
Time Cost:                    210.7955s
Hit Ratio and NDCG for top 20 recommendation!
HR@20:0.6683636915604129 and  NDCG@20:0.30807687714466353
Selected clients in this round:
[0, 1, 2, 3, 4, 5, 6, 7, 8, 9, 10, 11, 12, 13, 14, 15, 16, 17, 18, 19, 20, 21, 22, 23, 24, 25, 26, 27, 28, 29, 30, 31, 32, 33, 34, 35, 36, 37, 38, 39, 40, 41, 42, 43, 44, 45, 46, 47, 48, 49, 50, 51, 52, 53, 54, 55, 56, 57, 58, 59, 60, 61, 62, 63, 64, 65, 66, 67, 68, 69, 70, 71, 72, 73, 74, 75, 76, 77, 78, 79, 80, 81, 82, 83, 84, 85, 86, 87, 88, 89]
--------------Round 4--------------
53145
48130
45950
49200
50970
50355
62005
63095
60800
37145
41585
54115
37400
48390
54835
57275
54420
38120
49300
41575
40110
51300
52420
50925
44950
47215
48175
54130
46805
43410
56880
41720
58230
51075
44885
46430
58155
38825
51090
50460
49370
42415
41595
37300
40055
40980
47400
54785
42965
44010
43410
50735
42175
68510
49285
56555
51535
39720
53800
48860
47895
46330
51355
52745
48945
55790
68485
66810
44415
45910
59150
52470
60720
48265
54520
59030
50000
47110
37500
58340
45215
56555
49965
45265
38975
54265
43355
49960
39370
41365
unlearning time:              1.3785s
Time Cost:                    211.5603s
Hit Ratio and NDCG for top 20 recommendation!
HR@20:0.6819763205828779 and  NDCG@20:0.31763209302779816
Selected clients in this round:
[0, 1, 2, 3, 4, 5, 6, 7, 8, 9, 10, 11, 12, 13, 14, 15, 16, 17, 18, 19, 20, 21, 22, 23, 24, 25, 26, 27, 28, 29, 30, 31, 32, 33, 34, 35, 36, 37, 38, 39, 40, 41, 42, 43, 44, 45, 46, 47, 48, 49, 50, 51, 52, 53, 54, 55, 56, 57, 58, 59, 60, 61, 62, 63, 64, 65, 66, 67, 68, 69, 70, 71, 72, 73, 74, 75, 76, 77, 78, 79, 80, 81, 82, 83, 84, 85, 86, 87, 88, 89]
--------------Round 5--------------
53145
48130
45950
49200
50970
50355
62005
63095
60800
37145
41585
54115
37400
48390
54835
57275
54420
38120
49300
41575
40110
51300
52420
50925
44950
47215
48175
54130
46805
43410
56880
41720
58230
51075
44885
46430
58155
38825
51090
50460
49370
42415
41595
37300
40055
40980
47400
54785
42965
44010
43410
50735
42175
68510
49285
56555
51535
39720
53800
48860
47895
46330
51355
52745
48945
55790
68485
66810
44415
45910
59150
52470
60720
48265
54520
59030
50000
47110
37500
58340
45215
56555
49965
45265
38975
54265
43355
49960
39370
41365
unlearning time:              1.6623s
Time Cost:                    212.2502s
Hit Ratio and NDCG for top 20 recommendation!
HR@20:0.6960200364298723 and  NDCG@20:0.31962967851147134
Selected clients in this round:
[0, 1, 2, 3, 4, 5, 6, 7, 8, 9, 10, 11, 12, 13, 14, 15, 16, 17, 18, 19, 20, 21, 22, 23, 24, 25, 26, 27, 28, 29, 30, 31, 32, 33, 34, 35, 36, 37, 38, 39, 40, 41, 42, 43, 44, 45, 46, 47, 48, 49, 50, 51, 52, 53, 54, 55, 56, 57, 58, 59, 60, 61, 62, 63, 64, 65, 66, 67, 68, 69, 70, 71, 72, 73, 74, 75, 76, 77, 78, 79, 80, 81, 82, 83, 84, 85, 86, 87, 88, 89]
--------------Round 6--------------
53145
48130
45950
49200
50970
50355
62005
63095
60800
37145
41585
54115
37400
48390
54835
57275
54420
38120
49300
41575
40110
51300
52420
50925
44950
47215
48175
54130
46805
43410
56880
41720
58230
51075
44885
46430
58155
38825
51090
50460
49370
42415
41595
37300
40055
40980
47400
54785
42965
44010
43410
50735
42175
68510
49285
56555
51535
39720
53800
48860
47895
46330
51355
52745
48945
55790
68485
66810
44415
45910
59150
52470
60720
48265
54520
59030
50000
47110
37500
58340
45215
56555
49965
45265
38975
54265
43355
49960
39370
41365
unlearning time:              1.9151s
Time Cost:                    212.7871s
Hit Ratio and NDCG for top 20 recommendation!
HR@20:0.6930935033394051 and  NDCG@20:0.3199405570371179
Selected clients in this round:
[0, 1, 2, 3, 4, 5, 6, 7, 8, 9, 10, 11, 12, 13, 14, 15, 16, 17, 18, 19, 20, 21, 22, 23, 24, 25, 26, 27, 28, 29, 30, 31, 32, 33, 34, 35, 36, 37, 38, 39, 40, 41, 42, 43, 44, 45, 46, 47, 48, 49, 50, 51, 52, 53, 54, 55, 56, 57, 58, 59, 60, 61, 62, 63, 64, 65, 66, 67, 68, 69, 70, 71, 72, 73, 74, 75, 76, 77, 78, 79, 80, 81, 82, 83, 84, 85, 86, 87, 88, 89]
--------------Round 7--------------
53145
48130
45950
49200
50970
50355
62005
63095
60800
37145
41585
54115
37400
48390
54835
57275
54420
38120
49300
41575
40110
51300
52420
50925
44950
47215
48175
54130
46805
43410
56880
41720
58230
51075
44885
46430
58155
38825
51090
50460
49370
42415
41595
37300
40055
40980
47400
54785
42965
44010
43410
50735
42175
68510
49285
56555
51535
39720
53800
48860
47895
46330
51355
52745
48945
55790
68485
66810
44415
45910
59150
52470
60720
48265
54520
59030
50000
47110
37500
58340
45215
56555
49965
45265
38975
54265
43355
49960
39370
41365
unlearning time:              2.1869s
Time Cost:                    212.9902s
Hit Ratio and NDCG for top 20 recommendation!
HR@20:0.699486945962356 and  NDCG@20:0.32366304973790366
Selected clients in this round:
[0, 1, 2, 3, 4, 5, 6, 7, 8, 9, 10, 11, 12, 13, 14, 15, 16, 17, 18, 19, 20, 21, 22, 23, 24, 25, 26, 27, 28, 29, 30, 31, 32, 33, 34, 35, 36, 37, 38, 39, 40, 41, 42, 43, 44, 45, 46, 47, 48, 49, 50, 51, 52, 53, 54, 55, 56, 57, 58, 59, 60, 61, 62, 63, 64, 65, 66, 67, 68, 69, 70, 71, 72, 73, 74, 75, 76, 77, 78, 79, 80, 81, 82, 83, 84, 85, 86, 87, 88, 89]
--------------Round 8--------------
53145
48130
45950
49200
50970
50355
62005
63095
60800
37145
41585
54115
37400
48390
54835
57275
54420
38120
49300
41575
40110
51300
52420
50925
44950
47215
48175
54130
46805
43410
56880
41720
58230
51075
44885
46430
58155
38825
51090
50460
49370
42415
41595
37300
40055
40980
47400
54785
42965
44010
43410
50735
42175
68510
49285
56555
51535
39720
53800
48860
47895
46330
51355
52745
48945
55790
68485
66810
44415
45910
59150
52470
60720
48265
54520
59030
50000
47110
37500
58340
45215
56555
49965
45265
38975
54265
43355
49960
39370
41365
unlearning time:              2.4524s
Time Cost:                    213.6224s
Hit Ratio and NDCG for top 20 recommendation!
HR@20:0.701508803885853 and  NDCG@20:0.3233597808033947
Selected clients in this round:
[0, 1, 2, 3, 4, 5, 6, 7, 8, 9, 10, 11, 12, 13, 14, 15, 16, 17, 18, 19, 20, 21, 22, 23, 24, 25, 26, 27, 28, 29, 30, 31, 32, 33, 34, 35, 36, 37, 38, 39, 40, 41, 42, 43, 44, 45, 46, 47, 48, 49, 50, 51, 52, 53, 54, 55, 56, 57, 58, 59, 60, 61, 62, 63, 64, 65, 66, 67, 68, 69, 70, 71, 72, 73, 74, 75, 76, 77, 78, 79, 80, 81, 82, 83, 84, 85, 86, 87, 88, 89]
--------------Round 9--------------
53145
48130
45950
49200
50970
50355
62005
63095
60800
37145
41585
54115
37400
48390
54835
57275
54420
38120
49300
41575
40110
51300
52420
50925
44950
47215
48175
54130
46805
43410
56880
41720
58230
51075
44885
46430
58155
38825
51090
50460
49370
42415
41595
37300
40055
40980
47400
54785
42965
44010
43410
50735
42175
68510
49285
56555
51535
39720
53800
48860
47895
46330
51355
52745
48945
55790
68485
66810
44415
45910
59150
52470
60720
48265
54520
59030
50000
47110
37500
58340
45215
56555
49965
45265
38975
54265
43355
49960
39370
41365
unlearning time:              2.7183s
Time Cost:                    214.9623s
Hit Ratio and NDCG for top 20 recommendation!
HR@20:0.7119854280510016 and  NDCG@20:0.3320703174390221
Selected clients in this round:
[0, 1, 2, 3, 4, 5, 6, 7, 8, 9, 10, 11, 12, 13, 14, 15, 16, 17, 18, 19, 20, 21, 22, 23, 24, 25, 26, 27, 28, 29, 30, 31, 32, 33, 34, 35, 36, 37, 38, 39, 40, 41, 42, 43, 44, 45, 46, 47, 48, 49, 50, 51, 52, 53, 54, 55, 56, 57, 58, 59, 60, 61, 62, 63, 64, 65, 66, 67, 68, 69, 70, 71, 72, 73, 74, 75, 76, 77, 78, 79, 80, 81, 82, 83, 84, 85, 86, 87, 88, 89]
--------------Round 10--------------
53145
48130
45950
49200
50970
50355
62005
63095
60800
37145
41585
54115
37400
48390
54835
57275
54420
38120
49300
41575
40110
51300
52420
50925
44950
47215
48175
54130
46805
43410
56880
41720
58230
51075
44885
46430
58155
38825
51090
50460
49370
42415
41595
37300
40055
40980
47400
54785
42965
44010
43410
50735
42175
68510
49285
56555
51535
39720
53800
48860
47895
46330
51355
52745
48945
55790
68485
66810
44415
45910
59150
52470
60720
48265
54520
59030
50000
47110
37500
58340
45215
56555
49965
45265
38975
54265
43355
49960
39370
41365
unlearning time:              2.9753s
Time Cost:                    215.8700s
Hit Ratio and NDCG for top 20 recommendation!
HR@20:0.7085458409228901 and  NDCG@20:0.3305562791162397
Selected clients in this round:
[0, 1, 2, 3, 4, 5, 6, 7, 8, 9, 10, 11, 12, 13, 14, 15, 16, 17, 18, 19, 20, 21, 22, 23, 24, 25, 26, 27, 28, 29, 30, 31, 32, 33, 34, 35, 36, 37, 38, 39, 40, 41, 42, 43, 44, 45, 46, 47, 48, 49, 50, 51, 52, 53, 54, 55, 56, 57, 58, 59, 60, 61, 62, 63, 64, 65, 66, 67, 68, 69, 70, 71, 72, 73, 74, 75, 76, 77, 78, 79, 80, 81, 82, 83, 84, 85, 86, 87, 88, 89]
--------------Round 11--------------
53145
48130
45950
49200
50970
50355
62005
63095
60800
37145
41585
54115
37400
48390
54835
57275
54420
38120
49300
41575
40110
51300
52420
50925
44950
47215
48175
54130
46805
43410
56880
41720
58230
51075
44885
46430
58155
38825
51090
50460
49370
42415
41595
37300
40055
40980
47400
54785
42965
44010
43410
50735
42175
68510
49285
56555
51535
39720
53800
48860
47895
46330
51355
52745
48945
55790
68485
66810
44415
45910
59150
52470
60720
48265
54520
59030
50000
47110
37500
58340
45215
56555
49965
45265
38975
54265
43355
49960
39370
41365
unlearning time:              3.2408s
Time Cost:                    214.9255s
Hit Ratio and NDCG for top 20 recommendation!
HR@20:0.7086308439587128 and  NDCG@20:0.33354745242201
Selected clients in this round:
[0, 1, 2, 3, 4, 5, 6, 7, 8, 9, 10, 11, 12, 13, 14, 15, 16, 17, 18, 19, 20, 21, 22, 23, 24, 25, 26, 27, 28, 29, 30, 31, 32, 33, 34, 35, 36, 37, 38, 39, 40, 41, 42, 43, 44, 45, 46, 47, 48, 49, 50, 51, 52, 53, 54, 55, 56, 57, 58, 59, 60, 61, 62, 63, 64, 65, 66, 67, 68, 69, 70, 71, 72, 73, 74, 75, 76, 77, 78, 79, 80, 81, 82, 83, 84, 85, 86, 87, 88, 89]
--------------Round 12--------------
53145
48130
45950
49200
50970
50355
62005
63095
60800
37145
41585
54115
37400
48390
54835
57275
54420
38120
49300
41575
40110
51300
52420
50925
44950
47215
48175
54130
46805
43410
56880
41720
58230
51075
44885
46430
58155
38825
51090
50460
49370
42415
41595
37300
40055
40980
47400
54785
42965
44010
43410
50735
42175
68510
49285
56555
51535
39720
53800
48860
47895
46330
51355
52745
48945
55790
68485
66810
44415
45910
59150
52470
60720
48265
54520
59030
50000
47110
37500
58340
45215
56555
49965
45265
38975
54265
43355
49960
39370
41365
unlearning time:              3.5365s
Time Cost:                    215.8229s
Hit Ratio and NDCG for top 20 recommendation!
HR@20:0.7070188221007893 and  NDCG@20:0.3318807843862569
Selected clients in this round:
[0, 1, 2, 3, 4, 5, 6, 7, 8, 9, 10, 11, 12, 13, 14, 15, 16, 17, 18, 19, 20, 21, 22, 23, 24, 25, 26, 27, 28, 29, 30, 31, 32, 33, 34, 35, 36, 37, 38, 39, 40, 41, 42, 43, 44, 45, 46, 47, 48, 49, 50, 51, 52, 53, 54, 55, 56, 57, 58, 59, 60, 61, 62, 63, 64, 65, 66, 67, 68, 69, 70, 71, 72, 73, 74, 75, 76, 77, 78, 79, 80, 81, 82, 83, 84, 85, 86, 87, 88, 89]
--------------Round 13--------------
53145
48130
45950
49200
50970
50355
62005
63095
60800
37145
41585
54115
37400
48390
54835
57275
54420
38120
49300
41575
40110
51300
52420
50925
44950
47215
48175
54130
46805
43410
56880
41720
58230
51075
44885
46430
58155
38825
51090
50460
49370
42415
41595
37300
40055
40980
47400
54785
42965
44010
43410
50735
42175
68510
49285
56555
51535
39720
53800
48860
47895
46330
51355
52745
48945
55790
68485
66810
44415
45910
59150
52470
60720
48265
54520
59030
50000
47110
37500
58340
45215
56555
49965
45265
38975
54265
43355
49960
39370
41365
unlearning time:              3.8032s
Time Cost:                    217.3063s
Hit Ratio and NDCG for top 20 recommendation!
HR@20:0.7081026108075291 and  NDCG@20:0.3313685455218763
Selected clients in this round:
[0, 1, 2, 3, 4, 5, 6, 7, 8, 9, 10, 11, 12, 13, 14, 15, 16, 17, 18, 19, 20, 21, 22, 23, 24, 25, 26, 27, 28, 29, 30, 31, 32, 33, 34, 35, 36, 37, 38, 39, 40, 41, 42, 43, 44, 45, 46, 47, 48, 49, 50, 51, 52, 53, 54, 55, 56, 57, 58, 59, 60, 61, 62, 63, 64, 65, 66, 67, 68, 69, 70, 71, 72, 73, 74, 75, 76, 77, 78, 79, 80, 81, 82, 83, 84, 85, 86, 87, 88, 89]
--------------Round 14--------------
53145
48130
45950
49200
50970
50355
62005
63095
60800
37145
41585
54115
37400
48390
54835
57275
54420
38120
49300
41575
40110
51300
52420
50925
44950
47215
48175
54130
46805
43410
56880
41720
58230
51075
44885
46430
58155
38825
51090
50460
49370
42415
41595
37300
40055
40980
47400
54785
42965
44010
43410
50735
42175
68510
49285
56555
51535
39720
53800
48860
47895
46330
51355
52745
48945
55790
68485
66810
44415
45910
59150
52470
60720
48265
54520
59030
50000
47110
37500
58340
45215
56555
49965
45265
38975
54265
43355
49960
39370
41365
unlearning time:              4.0703s
Time Cost:                    218.0856s
Hit Ratio and NDCG for top 20 recommendation!
HR@20:0.7171523982999393 and  NDCG@20:0.33117031217576953
Selected clients in this round:
[0, 1, 2, 3, 4, 5, 6, 7, 8, 9, 10, 11, 12, 13, 14, 15, 16, 17, 18, 19, 20, 21, 22, 23, 24, 25, 26, 27, 28, 29, 30, 31, 32, 33, 34, 35, 36, 37, 38, 39, 40, 41, 42, 43, 44, 45, 46, 47, 48, 49, 50, 51, 52, 53, 54, 55, 56, 57, 58, 59, 60, 61, 62, 63, 64, 65, 66, 67, 68, 69, 70, 71, 72, 73, 74, 75, 76, 77, 78, 79, 80, 81, 82, 83, 84, 85, 86, 87, 88, 89]
--------------Round 15--------------
53145
48130
45950
49200
50970
50355
62005
63095
60800
37145
41585
54115
37400
48390
54835
57275
54420
38120
49300
41575
40110
51300
52420
50925
44950
47215
48175
54130
46805
43410
56880
41720
58230
51075
44885
46430
58155
38825
51090
50460
49370
42415
41595
37300
40055
40980
47400
54785
42965
44010
43410
50735
42175
68510
49285
56555
51535
39720
53800
48860
47895
46330
51355
52745
48945
55790
68485
66810
44415
45910
59150
52470
60720
48265
54520
59030
50000
47110
37500
58340
45215
56555
49965
45265
38975
54265
43355
49960
39370
41365
unlearning time:              4.3480s
Time Cost:                    217.3965s
Hit Ratio and NDCG for top 20 recommendation!
HR@20:0.7110139647844566 and  NDCG@20:0.33224929852055457
Selected clients in this round:
[0, 1, 2, 3, 4, 5, 6, 7, 8, 9, 10, 11, 12, 13, 14, 15, 16, 17, 18, 19, 20, 21, 22, 23, 24, 25, 26, 27, 28, 29, 30, 31, 32, 33, 34, 35, 36, 37, 38, 39, 40, 41, 42, 43, 44, 45, 46, 47, 48, 49, 50, 51, 52, 53, 54, 55, 56, 57, 58, 59, 60, 61, 62, 63, 64, 65, 66, 67, 68, 69, 70, 71, 72, 73, 74, 75, 76, 77, 78, 79, 80, 81, 82, 83, 84, 85, 86, 87, 88, 89]
--------------Round 16--------------
53145
48130
45950
49200
50970
50355
62005
63095
60800
37145
41585
54115
37400
48390
54835
57275
54420
38120
49300
41575
40110
51300
52420
50925
44950
47215
48175
54130
46805
43410
56880
41720
58230
51075
44885
46430
58155
38825
51090
50460
49370
42415
41595
37300
40055
40980
47400
54785
42965
44010
43410
50735
42175
68510
49285
56555
51535
39720
53800
48860
47895
46330
51355
52745
48945
55790
68485
66810
44415
45910
59150
52470
60720
48265
54520
59030
50000
47110
37500
58340
45215
56555
49965
45265
38975
54265
43355
49960
39370
41365
unlearning time:              4.6013s
Time Cost:                    219.1235s
Hit Ratio and NDCG for top 20 recommendation!
HR@20:0.7147662416514873 and  NDCG@20:0.3333858169718786
Selected clients in this round:
[0, 1, 2, 3, 4, 5, 6, 7, 8, 9, 10, 11, 12, 13, 14, 15, 16, 17, 18, 19, 20, 21, 22, 23, 24, 25, 26, 27, 28, 29, 30, 31, 32, 33, 34, 35, 36, 37, 38, 39, 40, 41, 42, 43, 44, 45, 46, 47, 48, 49, 50, 51, 52, 53, 54, 55, 56, 57, 58, 59, 60, 61, 62, 63, 64, 65, 66, 67, 68, 69, 70, 71, 72, 73, 74, 75, 76, 77, 78, 79, 80, 81, 82, 83, 84, 85, 86, 87, 88, 89]
--------------Round 17--------------
53145
48130
45950
49200
50970
50355
62005
63095
60800
37145
41585
54115
37400
48390
54835
57275
54420
38120
49300
41575
40110
51300
52420
50925
44950
47215
48175
54130
46805
43410
56880
41720
58230
51075
44885
46430
58155
38825
51090
50460
49370
42415
41595
37300
40055
40980
47400
54785
42965
44010
43410
50735
42175
68510
49285
56555
51535
39720
53800
48860
47895
46330
51355
52745
48945
55790
68485
66810
44415
45910
59150
52470
60720
48265
54520
59030
50000
47110
37500
58340
45215
56555
49965
45265
38975
54265
43355
49960
39370
41365
unlearning time:              4.8753s
Time Cost:                    218.4060s
Hit Ratio and NDCG for top 20 recommendation!
HR@20:0.7191560412871886 and  NDCG@20:0.337350562176241
Selected clients in this round:
[0, 1, 2, 3, 4, 5, 6, 7, 8, 9, 10, 11, 12, 13, 14, 15, 16, 17, 18, 19, 20, 21, 22, 23, 24, 25, 26, 27, 28, 29, 30, 31, 32, 33, 34, 35, 36, 37, 38, 39, 40, 41, 42, 43, 44, 45, 46, 47, 48, 49, 50, 51, 52, 53, 54, 55, 56, 57, 58, 59, 60, 61, 62, 63, 64, 65, 66, 67, 68, 69, 70, 71, 72, 73, 74, 75, 76, 77, 78, 79, 80, 81, 82, 83, 84, 85, 86, 87, 88, 89]
--------------Round 18--------------
53145
48130
45950
49200
50970
50355
62005
63095
60800
37145
41585
54115
37400
48390
54835
57275
54420
38120
49300
41575
40110
51300
52420
50925
44950
47215
48175
54130
46805
43410
56880
41720
58230
51075
44885
46430
58155
38825
51090
50460
49370
42415
41595
37300
40055
40980
47400
54785
42965
44010
43410
50735
42175
68510
49285
56555
51535
39720
53800
48860
47895
46330
51355
52745
48945
55790
68485
66810
44415
45910
59150
52470
60720
48265
54520
59030
50000
47110
37500
58340
45215
56555
49965
45265
38975
54265
43355
49960
39370
41365
unlearning time:              5.1432s
Time Cost:                    219.5715s
Hit Ratio and NDCG for top 20 recommendation!
HR@20:0.7160655737704918 and  NDCG@20:0.33428149096291065
Selected clients in this round:
[0, 1, 2, 3, 4, 5, 6, 7, 8, 9, 10, 11, 12, 13, 14, 15, 16, 17, 18, 19, 20, 21, 22, 23, 24, 25, 26, 27, 28, 29, 30, 31, 32, 33, 34, 35, 36, 37, 38, 39, 40, 41, 42, 43, 44, 45, 46, 47, 48, 49, 50, 51, 52, 53, 54, 55, 56, 57, 58, 59, 60, 61, 62, 63, 64, 65, 66, 67, 68, 69, 70, 71, 72, 73, 74, 75, 76, 77, 78, 79, 80, 81, 82, 83, 84, 85, 86, 87, 88, 89]
--------------Round 19--------------
53145
48130
45950
49200
50970
50355
62005
63095
60800
37145
41585
54115
37400
48390
54835
57275
54420
38120
49300
41575
40110
51300
52420
50925
44950
47215
48175
54130
46805
43410
56880
41720
58230
51075
44885
46430
58155
38825
51090
50460
49370
42415
41595
37300
40055
40980
47400
54785
42965
44010
43410
50735
42175
68510
49285
56555
51535
39720
53800
48860
47895
46330
51355
52745
48945
55790
68485
66810
44415
45910
59150
52470
60720
48265
54520
59030
50000
47110
37500
58340
45215
56555
49965
45265
38975
54265
43355
49960
39370
41365
unlearning time:              5.4163s
Time Cost:                    220.6964s
Hit Ratio and NDCG for top 20 recommendation!
HR@20:0.7101426836672737 and  NDCG@20:0.33140740139581365
Selected clients in this round:
[0, 1, 2, 3, 4, 5, 6, 7, 8, 9, 10, 11, 12, 13, 14, 15, 16, 17, 18, 19, 20, 21, 22, 23, 24, 25, 26, 27, 28, 29, 30, 31, 32, 33, 34, 35, 36, 37, 38, 39, 40, 41, 42, 43, 44, 45, 46, 47, 48, 49, 50, 51, 52, 53, 54, 55, 56, 57, 58, 59, 60, 61, 62, 63, 64, 65, 66, 67, 68, 69, 70, 71, 72, 73, 74, 75, 76, 77, 78, 79, 80, 81, 82, 83, 84, 85, 86, 87, 88, 89]
--------------Round 20--------------
53145
48130
45950
49200
50970
50355
62005
63095
60800
37145
41585
54115
37400
48390
54835
57275
54420
38120
49300
41575
40110
51300
52420
50925
44950
47215
48175
54130
46805
43410
56880
41720
58230
51075
44885
46430
58155
38825
51090
50460
49370
42415
41595
37300
40055
40980
47400
54785
42965
44010
43410
50735
42175
68510
49285
56555
51535
39720
53800
48860
47895
46330
51355
52745
48945
55790
68485
66810
44415
45910
59150
52470
60720
48265
54520
59030
50000
47110
37500
58340
45215
56555
49965
45265
38975
54265
43355
49960
39370
41365
unlearning time:              5.6808s
Time Cost:                    220.2873s
Hit Ratio and NDCG for top 20 recommendation!
HR@20:0.7091772920461447 and  NDCG@20:0.33334778755050765
Selected clients in this round:
[0, 1, 2, 3, 4, 5, 6, 7, 8, 9, 10, 11, 12, 13, 14, 15, 16, 17, 18, 19, 20, 21, 22, 23, 24, 25, 26, 27, 28, 29, 30, 31, 32, 33, 34, 35, 36, 37, 38, 39, 40, 41, 42, 43, 44, 45, 46, 47, 48, 49, 50, 51, 52, 53, 54, 55, 56, 57, 58, 59, 60, 61, 62, 63, 64, 65, 66, 67, 68, 69, 70, 71, 72, 73, 74, 75, 76, 77, 78, 79, 80, 81, 82, 83, 84, 85, 86, 87, 88, 89]
--------------Round 21--------------
53145
48130
45950
49200
50970
50355
62005
63095
60800
37145
41585
54115
37400
48390
54835
57275
54420
38120
49300
41575
40110
51300
52420
50925
44950
47215
48175
54130
46805
43410
56880
41720
58230
51075
44885
46430
58155
38825
51090
50460
49370
42415
41595
37300
40055
40980
47400
54785
42965
44010
43410
50735
42175
68510
49285
56555
51535
39720
53800
48860
47895
46330
51355
52745
48945
55790
68485
66810
44415
45910
59150
52470
60720
48265
54520
59030
50000
47110
37500
58340
45215
56555
49965
45265
38975
54265
43355
49960
39370
41365
unlearning time:              5.9242s
Time Cost:                    220.5330s
Hit Ratio and NDCG for top 20 recommendation!
HR@20:0.7229993928354583 and  NDCG@20:0.339817419031789
Selected clients in this round:
[0, 1, 2, 3, 4, 5, 6, 7, 8, 9, 10, 11, 12, 13, 14, 15, 16, 17, 18, 19, 20, 21, 22, 23, 24, 25, 26, 27, 28, 29, 30, 31, 32, 33, 34, 35, 36, 37, 38, 39, 40, 41, 42, 43, 44, 45, 46, 47, 48, 49, 50, 51, 52, 53, 54, 55, 56, 57, 58, 59, 60, 61, 62, 63, 64, 65, 66, 67, 68, 69, 70, 71, 72, 73, 74, 75, 76, 77, 78, 79, 80, 81, 82, 83, 84, 85, 86, 87, 88, 89]
--------------Round 22--------------
53145
48130
45950
49200
50970
50355
62005
63095
60800
37145
41585
54115
37400
48390
54835
57275
54420
38120
49300
41575
40110
51300
52420
50925
44950
47215
48175
54130
46805
43410
56880
41720
58230
51075
44885
46430
58155
38825
51090
50460
49370
42415
41595
37300
40055
40980
47400
54785
42965
44010
43410
50735
42175
68510
49285
56555
51535
39720
53800
48860
47895
46330
51355
52745
48945
55790
68485
66810
44415
45910
59150
52470
60720
48265
54520
59030
50000
47110
37500
58340
45215
56555
49965
45265
38975
54265
43355
49960
39370
41365
unlearning time:              6.2278s
Time Cost:                    222.2668s
Hit Ratio and NDCG for top 20 recommendation!
HR@20:0.7204250151791132 and  NDCG@20:0.3381995555666097
Selected clients in this round:
[0, 1, 2, 3, 4, 5, 6, 7, 8, 9, 10, 11, 12, 13, 14, 15, 16, 17, 18, 19, 20, 21, 22, 23, 24, 25, 26, 27, 28, 29, 30, 31, 32, 33, 34, 35, 36, 37, 38, 39, 40, 41, 42, 43, 44, 45, 46, 47, 48, 49, 50, 51, 52, 53, 54, 55, 56, 57, 58, 59, 60, 61, 62, 63, 64, 65, 66, 67, 68, 69, 70, 71, 72, 73, 74, 75, 76, 77, 78, 79, 80, 81, 82, 83, 84, 85, 86, 87, 88, 89]
--------------Round 23--------------
53145
48130
45950
49200
50970
50355
62005
63095
60800
37145
41585
54115
37400
48390
54835
57275
54420
38120
49300
41575
40110
51300
52420
50925
44950
47215
48175
54130
46805
43410
56880
41720
58230
51075
44885
46430
58155
38825
51090
50460
49370
42415
41595
37300
40055
40980
47400
54785
42965
44010
43410
50735
42175
68510
49285
56555
51535
39720
53800
48860
47895
46330
51355
52745
48945
55790
68485
66810
44415
45910
59150
52470
60720
48265
54520
59030
50000
47110
37500
58340
45215
56555
49965
45265
38975
54265
43355
49960
39370
41365
unlearning time:              6.4786s
Time Cost:                    221.7993s
Hit Ratio and NDCG for top 20 recommendation!
HR@20:0.7126958105646631 and  NDCG@20:0.3367905756729381
Selected clients in this round:
[0, 1, 2, 3, 4, 5, 6, 7, 8, 9, 10, 11, 12, 13, 14, 15, 16, 17, 18, 19, 20, 21, 22, 23, 24, 25, 26, 27, 28, 29, 30, 31, 32, 33, 34, 35, 36, 37, 38, 39, 40, 41, 42, 43, 44, 45, 46, 47, 48, 49, 50, 51, 52, 53, 54, 55, 56, 57, 58, 59, 60, 61, 62, 63, 64, 65, 66, 67, 68, 69, 70, 71, 72, 73, 74, 75, 76, 77, 78, 79, 80, 81, 82, 83, 84, 85, 86, 87, 88, 89]
--------------Round 24--------------
53145
48130
45950
49200
50970
50355
62005
63095
60800
37145
41585
54115
37400
48390
54835
57275
54420
38120
49300
41575
40110
51300
52420
50925
44950
47215
48175
54130
46805
43410
56880
41720
58230
51075
44885
46430
58155
38825
51090
50460
49370
42415
41595
37300
40055
40980
47400
54785
42965
44010
43410
50735
42175
68510
49285
56555
51535
39720
53800
48860
47895
46330
51355
52745
48945
55790
68485
66810
44415
45910
59150
52470
60720
48265
54520
59030
50000
47110
37500
58340
45215
56555
49965
45265
38975
54265
43355
49960
39370
41365
unlearning time:              6.7731s
Time Cost:                    222.8841s
Hit Ratio and NDCG for top 20 recommendation!
HR@20:0.7144960534304796 and  NDCG@20:0.33986562979178003
Selected clients in this round:
[0, 1, 2, 3, 4, 5, 6, 7, 8, 9, 10, 11, 12, 13, 14, 15, 16, 17, 18, 19, 20, 21, 22, 23, 24, 25, 26, 27, 28, 29, 30, 31, 32, 33, 34, 35, 36, 37, 38, 39, 40, 41, 42, 43, 44, 45, 46, 47, 48, 49, 50, 51, 52, 53, 54, 55, 56, 57, 58, 59, 60, 61, 62, 63, 64, 65, 66, 67, 68, 69, 70, 71, 72, 73, 74, 75, 76, 77, 78, 79, 80, 81, 82, 83, 84, 85, 86, 87, 88, 89]
--------------Round 25--------------
53145
48130
45950
49200
50970
50355
62005
63095
60800
37145
41585
54115
37400
48390
54835
57275
54420
38120
49300
41575
40110
51300
52420
50925
44950
47215
48175
54130
46805
43410
56880
41720
58230
51075
44885
46430
58155
38825
51090
50460
49370
42415
41595
37300
40055
40980
47400
54785
42965
44010
43410
50735
42175
68510
49285
56555
51535
39720
53800
48860
47895
46330
51355
52745
48945
55790
68485
66810
44415
45910
59150
52470
60720
48265
54520
59030
50000
47110
37500
58340
45215
56555
49965
45265
38975
54265
43355
49960
39370
41365
unlearning time:              7.0433s
Time Cost:                    223.2622s
Hit Ratio and NDCG for top 20 recommendation!
HR@20:0.7123041894353371 and  NDCG@20:0.3373472549875701
Selected clients in this round:
[0, 1, 2, 3, 4, 5, 6, 7, 8, 9, 10, 11, 12, 13, 14, 15, 16, 17, 18, 19, 20, 21, 22, 23, 24, 25, 26, 27, 28, 29, 30, 31, 32, 33, 34, 35, 36, 37, 38, 39, 40, 41, 42, 43, 44, 45, 46, 47, 48, 49, 50, 51, 52, 53, 54, 55, 56, 57, 58, 59, 60, 61, 62, 63, 64, 65, 66, 67, 68, 69, 70, 71, 72, 73, 74, 75, 76, 77, 78, 79, 80, 81, 82, 83, 84, 85, 86, 87, 88, 89]
--------------Round 26--------------
53145
48130
45950
49200
50970
50355
62005
63095
60800
37145
41585
54115
37400
48390
54835
57275
54420
38120
49300
41575
40110
51300
52420
50925
44950
47215
48175
54130
46805
43410
56880
41720
58230
51075
44885
46430
58155
38825
51090
50460
49370
42415
41595
37300
40055
40980
47400
54785
42965
44010
43410
50735
42175
68510
49285
56555
51535
39720
53800
48860
47895
46330
51355
52745
48945
55790
68485
66810
44415
45910
59150
52470
60720
48265
54520
59030
50000
47110
37500
58340
45215
56555
49965
45265
38975
54265
43355
49960
39370
41365
unlearning time:              7.3328s
Time Cost:                    222.9014s
Hit Ratio and NDCG for top 20 recommendation!
HR@20:0.7112173649058894 and  NDCG@20:0.3374488663374048
Selected clients in this round:
[0, 1, 2, 3, 4, 5, 6, 7, 8, 9, 10, 11, 12, 13, 14, 15, 16, 17, 18, 19, 20, 21, 22, 23, 24, 25, 26, 27, 28, 29, 30, 31, 32, 33, 34, 35, 36, 37, 38, 39, 40, 41, 42, 43, 44, 45, 46, 47, 48, 49, 50, 51, 52, 53, 54, 55, 56, 57, 58, 59, 60, 61, 62, 63, 64, 65, 66, 67, 68, 69, 70, 71, 72, 73, 74, 75, 76, 77, 78, 79, 80, 81, 82, 83, 84, 85, 86, 87, 88, 89]
--------------Round 27--------------
53145
48130
45950
49200
50970
50355
62005
63095
60800
37145
41585
54115
37400
48390
54835
57275
54420
38120
49300
41575
40110
51300
52420
50925
44950
47215
48175
54130
46805
43410
56880
41720
58230
51075
44885
46430
58155
38825
51090
50460
49370
42415
41595
37300
40055
40980
47400
54785
42965
44010
43410
50735
42175
68510
49285
56555
51535
39720
53800
48860
47895
46330
51355
52745
48945
55790
68485
66810
44415
45910
59150
52470
60720
48265
54520
59030
50000
47110
37500
58340
45215
56555
49965
45265
38975
54265
43355
49960
39370
41365
unlearning time:              7.5474s
Time Cost:                    224.7691s
Hit Ratio and NDCG for top 20 recommendation!
HR@20:0.7084486945962355 and  NDCG@20:0.3377872995535431
Selected clients in this round:
[0, 1, 2, 3, 4, 5, 6, 7, 8, 9, 10, 11, 12, 13, 14, 15, 16, 17, 18, 19, 20, 21, 22, 23, 24, 25, 26, 27, 28, 29, 30, 31, 32, 33, 34, 35, 36, 37, 38, 39, 40, 41, 42, 43, 44, 45, 46, 47, 48, 49, 50, 51, 52, 53, 54, 55, 56, 57, 58, 59, 60, 61, 62, 63, 64, 65, 66, 67, 68, 69, 70, 71, 72, 73, 74, 75, 76, 77, 78, 79, 80, 81, 82, 83, 84, 85, 86, 87, 88, 89]
--------------Round 28--------------
53145
48130
45950
49200
50970
50355
62005
63095
60800
37145
41585
54115
37400
48390
54835
57275
54420
38120
49300
41575
40110
51300
52420
50925
44950
47215
48175
54130
46805
43410
56880
41720
58230
51075
44885
46430
58155
38825
51090
50460
49370
42415
41595
37300
40055
40980
47400
54785
42965
44010
43410
50735
42175
68510
49285
56555
51535
39720
53800
48860
47895
46330
51355
52745
48945
55790
68485
66810
44415
45910
59150
52470
60720
48265
54520
59030
50000
47110
37500
58340
45215
56555
49965
45265
38975
54265
43355
49960
39370
41365
unlearning time:              7.8228s
Time Cost:                    224.2799s
Hit Ratio and NDCG for top 20 recommendation!
HR@20:0.716769884638737 and  NDCG@20:0.34009728297318353
Selected clients in this round:
[0, 1, 2, 3, 4, 5, 6, 7, 8, 9, 10, 11, 12, 13, 14, 15, 16, 17, 18, 19, 20, 21, 22, 23, 24, 25, 26, 27, 28, 29, 30, 31, 32, 33, 34, 35, 36, 37, 38, 39, 40, 41, 42, 43, 44, 45, 46, 47, 48, 49, 50, 51, 52, 53, 54, 55, 56, 57, 58, 59, 60, 61, 62, 63, 64, 65, 66, 67, 68, 69, 70, 71, 72, 73, 74, 75, 76, 77, 78, 79, 80, 81, 82, 83, 84, 85, 86, 87, 88, 89]
--------------Round 29--------------
53145
48130
45950
49200
50970
50355
62005
63095
60800
37145
41585
54115
37400
48390
54835
57275
54420
38120
49300
41575
40110
51300
52420
50925
44950
47215
48175
54130
46805
43410
56880
41720
58230
51075
44885
46430
58155
38825
51090
50460
49370
42415
41595
37300
40055
40980
47400
54785
42965
44010
43410
50735
42175
68510
49285
56555
51535
39720
53800
48860
47895
46330
51355
52745
48945
55790
68485
66810
44415
45910
59150
52470
60720
48265
54520
59030
50000
47110
37500
58340
45215
56555
49965
45265
38975
54265
43355
49960
39370
41365
unlearning time:              8.1018s
Time Cost:                    224.4697s
Hit Ratio and NDCG for top 20 recommendation!
HR@20:0.7123800850030358 and  NDCG@20:0.33705837822327916
Selected clients in this round:
[0, 1, 2, 3, 4, 5, 6, 7, 8, 9, 10, 11, 12, 13, 14, 15, 16, 17, 18, 19, 20, 21, 22, 23, 24, 25, 26, 27, 28, 29, 30, 31, 32, 33, 34, 35, 36, 37, 38, 39, 40, 41, 42, 43, 44, 45, 46, 47, 48, 49, 50, 51, 52, 53, 54, 55, 56, 57, 58, 59, 60, 61, 62, 63, 64, 65, 66, 67, 68, 69, 70, 71, 72, 73, 74, 75, 76, 77, 78, 79, 80, 81, 82, 83, 84, 85, 86, 87, 88, 89]
--------------Round 30--------------
53145
48130
45950
49200
50970
50355
62005
63095
60800
37145
41585
54115
37400
48390
54835
57275
54420
38120
49300
41575
40110
51300
52420
50925
44950
47215
48175
54130
46805
43410
56880
41720
58230
51075
44885
46430
58155
38825
51090
50460
49370
42415
41595
37300
40055
40980
47400
54785
42965
44010
43410
50735
42175
68510
49285
56555
51535
39720
53800
48860
47895
46330
51355
52745
48945
55790
68485
66810
44415
45910
59150
52470
60720
48265
54520
59030
50000
47110
37500
58340
45215
56555
49965
45265
38975
54265
43355
49960
39370
41365
unlearning time:              8.3948s
Time Cost:                    224.9712s
Hit Ratio and NDCG for top 20 recommendation!
HR@20:0.7123041894353371 and  NDCG@20:0.33974102651596455
Selected clients in this round:
[0, 1, 2, 3, 4, 5, 6, 7, 8, 9, 10, 11, 12, 13, 14, 15, 16, 17, 18, 19, 20, 21, 22, 23, 24, 25, 26, 27, 28, 29, 30, 31, 32, 33, 34, 35, 36, 37, 38, 39, 40, 41, 42, 43, 44, 45, 46, 47, 48, 49, 50, 51, 52, 53, 54, 55, 56, 57, 58, 59, 60, 61, 62, 63, 64, 65, 66, 67, 68, 69, 70, 71, 72, 73, 74, 75, 76, 77, 78, 79, 80, 81, 82, 83, 84, 85, 86, 87, 88, 89]
--------------Round 31--------------
53145
48130
45950
49200
50970
50355
62005
63095
60800
37145
41585
54115
37400
48390
54835
57275
54420
38120
49300
41575
40110
51300
52420
50925
44950
47215
48175
54130
46805
43410
56880
41720
58230
51075
44885
46430
58155
38825
51090
50460
49370
42415
41595
37300
40055
40980
47400
54785
42965
44010
43410
50735
42175
68510
49285
56555
51535
39720
53800
48860
47895
46330
51355
52745
48945
55790
68485
66810
44415
45910
59150
52470
60720
48265
54520
59030
50000
47110
37500
58340
45215
56555
49965
45265
38975
54265
43355
49960
39370
41365
unlearning time:              8.6318s
Time Cost:                    225.5178s
Hit Ratio and NDCG for top 20 recommendation!
HR@20:0.7174954462659383 and  NDCG@20:0.3400429325119913
Selected clients in this round:
[0, 1, 2, 3, 4, 5, 6, 7, 8, 9, 10, 11, 12, 13, 14, 15, 16, 17, 18, 19, 20, 21, 22, 23, 24, 25, 26, 27, 28, 29, 30, 31, 32, 33, 34, 35, 36, 37, 38, 39, 40, 41, 42, 43, 44, 45, 46, 47, 48, 49, 50, 51, 52, 53, 54, 55, 56, 57, 58, 59, 60, 61, 62, 63, 64, 65, 66, 67, 68, 69, 70, 71, 72, 73, 74, 75, 76, 77, 78, 79, 80, 81, 82, 83, 84, 85, 86, 87, 88, 89]
--------------Round 32--------------
53145
48130
45950
49200
50970
50355
62005
63095
60800
37145
41585
54115
37400
48390
54835
57275
54420
38120
49300
41575
40110
51300
52420
50925
44950
47215
48175
54130
46805
43410
56880
41720
58230
51075
44885
46430
58155
38825
51090
50460
49370
42415
41595
37300
40055
40980
47400
54785
42965
44010
43410
50735
42175
68510
49285
56555
51535
39720
53800
48860
47895
46330
51355
52745
48945
55790
68485
66810
44415
45910
59150
52470
60720
48265
54520
59030
50000
47110
37500
58340
45215
56555
49965
45265
38975
54265
43355
49960
39370
41365
unlearning time:              8.9097s
Time Cost:                    226.0262s
Hit Ratio and NDCG for top 20 recommendation!
HR@20:0.7173072252580448 and  NDCG@20:0.34023759090211636
Selected clients in this round:
[0, 1, 2, 3, 4, 5, 6, 7, 8, 9, 10, 11, 12, 13, 14, 15, 16, 17, 18, 19, 20, 21, 22, 23, 24, 25, 26, 27, 28, 29, 30, 31, 32, 33, 34, 35, 36, 37, 38, 39, 40, 41, 42, 43, 44, 45, 46, 47, 48, 49, 50, 51, 52, 53, 54, 55, 56, 57, 58, 59, 60, 61, 62, 63, 64, 65, 66, 67, 68, 69, 70, 71, 72, 73, 74, 75, 76, 77, 78, 79, 80, 81, 82, 83, 84, 85, 86, 87, 88, 89]
--------------Round 33--------------
53145
48130
45950
49200
50970
50355
62005
63095
60800
37145
41585
54115
37400
48390
54835
57275
54420
38120
49300
41575
40110
51300
52420
50925
44950
47215
48175
54130
46805
43410
56880
41720
58230
51075
44885
46430
58155
38825
51090
50460
49370
42415
41595
37300
40055
40980
47400
54785
42965
44010
43410
50735
42175
68510
49285
56555
51535
39720
53800
48860
47895
46330
51355
52745
48945
55790
68485
66810
44415
45910
59150
52470
60720
48265
54520
59030
50000
47110
37500
58340
45215
56555
49965
45265
38975
54265
43355
49960
39370
41365
unlearning time:              9.1513s
Time Cost:                    226.5573s
Hit Ratio and NDCG for top 20 recommendation!
HR@20:0.7185913782635097 and  NDCG@20:0.3418533933870874
Selected clients in this round:
[0, 1, 2, 3, 4, 5, 6, 7, 8, 9, 10, 11, 12, 13, 14, 15, 16, 17, 18, 19, 20, 21, 22, 23, 24, 25, 26, 27, 28, 29, 30, 31, 32, 33, 34, 35, 36, 37, 38, 39, 40, 41, 42, 43, 44, 45, 46, 47, 48, 49, 50, 51, 52, 53, 54, 55, 56, 57, 58, 59, 60, 61, 62, 63, 64, 65, 66, 67, 68, 69, 70, 71, 72, 73, 74, 75, 76, 77, 78, 79, 80, 81, 82, 83, 84, 85, 86, 87, 88, 89]
--------------Round 34--------------
53145
48130
45950
49200
50970
50355
62005
63095
60800
37145
41585
54115
37400
48390
54835
57275
54420
38120
49300
41575
40110
51300
52420
50925
44950
47215
48175
54130
46805
43410
56880
41720
58230
51075
44885
46430
58155
38825
51090
50460
49370
42415
41595
37300
40055
40980
47400
54785
42965
44010
43410
50735
42175
68510
49285
56555
51535
39720
53800
48860
47895
46330
51355
52745
48945
55790
68485
66810
44415
45910
59150
52470
60720
48265
54520
59030
50000
47110
37500
58340
45215
56555
49965
45265
38975
54265
43355
49960
39370
41365
unlearning time:              9.4656s
Time Cost:                    227.0512s
Hit Ratio and NDCG for top 20 recommendation!
HR@20:0.711915604128719 and  NDCG@20:0.3381699443017933
Selected clients in this round:
[0, 1, 2, 3, 4, 5, 6, 7, 8, 9, 10, 11, 12, 13, 14, 15, 16, 17, 18, 19, 20, 21, 22, 23, 24, 25, 26, 27, 28, 29, 30, 31, 32, 33, 34, 35, 36, 37, 38, 39, 40, 41, 42, 43, 44, 45, 46, 47, 48, 49, 50, 51, 52, 53, 54, 55, 56, 57, 58, 59, 60, 61, 62, 63, 64, 65, 66, 67, 68, 69, 70, 71, 72, 73, 74, 75, 76, 77, 78, 79, 80, 81, 82, 83, 84, 85, 86, 87, 88, 89]
--------------Round 35--------------
53145
48130
45950
49200
50970
50355
62005
63095
60800
37145
41585
54115
37400
48390
54835
57275
54420
38120
49300
41575
40110
51300
52420
50925
44950
47215
48175
54130
46805
43410
56880
41720
58230
51075
44885
46430
58155
38825
51090
50460
49370
42415
41595
37300
40055
40980
47400
54785
42965
44010
43410
50735
42175
68510
49285
56555
51535
39720
53800
48860
47895
46330
51355
52745
48945
55790
68485
66810
44415
45910
59150
52470
60720
48265
54520
59030
50000
47110
37500
58340
45215
56555
49965
45265
38975
54265
43355
49960
39370
41365
unlearning time:              9.7108s
Save   35
Time Cost:                    277.5703s
Hit Ratio and NDCG for top 20 recommendation!
HR@20:0.7124802671523983 and  NDCG@20:0.33775777152948794
Selected clients in this round:
[0, 1, 2, 3, 4, 5, 6, 7, 8, 9, 10, 11, 12, 13, 14, 15, 16, 17, 18, 19, 20, 21, 22, 23, 24, 25, 26, 27, 28, 29, 30, 31, 32, 33, 34, 35, 36, 37, 38, 39, 40, 41, 42, 43, 44, 45, 46, 47, 48, 49, 50, 51, 52, 53, 54, 55, 56, 57, 58, 59, 60, 61, 62, 63, 64, 65, 66, 67, 68, 69, 70, 71, 72, 73, 74, 75, 76, 77, 78, 79, 80, 81, 82, 83, 84, 85, 86, 87, 88, 89]
--------------Round 36--------------
53145
48130
45950
49200
50970
50355
62005
63095
60800
37145
41585
54115
37400
48390
54835
57275
54420
38120
49300
41575
40110
51300
52420
50925
44950
47215
48175
54130
46805
43410
56880
41720
58230
51075
44885
46430
58155
38825
51090
50460
49370
42415
41595
37300
40055
40980
47400
54785
42965
44010
43410
50735
42175
68510
49285
56555
51535
39720
53800
48860
47895
46330
51355
52745
48945
55790
68485
66810
44415
45910
59150
52470
60720
48265
54520
59030
50000
47110
37500
58340
45215
56555
49965
45265
38975
54265
43355
49960
39370
41365
unlearning time:              9.9995s
Save   36
Time Cost:                    277.7745s
Hit Ratio and NDCG for top 20 recommendation!
HR@20:0.7143685488767455 and  NDCG@20:0.3375623310093996
Selected clients in this round:
[0, 1, 2, 3, 4, 5, 6, 7, 8, 9, 10, 11, 12, 13, 14, 15, 16, 17, 18, 19, 20, 21, 22, 23, 24, 25, 26, 27, 28, 29, 30, 31, 32, 33, 34, 35, 36, 37, 38, 39, 40, 41, 42, 43, 44, 45, 46, 47, 48, 49, 50, 51, 52, 53, 54, 55, 56, 57, 58, 59, 60, 61, 62, 63, 64, 65, 66, 67, 68, 69, 70, 71, 72, 73, 74, 75, 76, 77, 78, 79, 80, 81, 82, 83, 84, 85, 86, 87, 88, 89]
--------------Round 37--------------
53145
48130
45950
49200
50970
50355
62005
63095
60800
37145
41585
54115
37400
48390
54835
57275
54420
38120
49300
41575
40110
51300
52420
50925
44950
47215
48175
54130
46805
43410
56880
41720
58230
51075
44885
46430
58155
38825
51090
50460
49370
42415
41595
37300
40055
40980
47400
54785
42965
44010
43410
50735
42175
68510
49285
56555
51535
39720
53800
48860
47895
46330
51355
52745
48945
55790
68485
66810
44415
45910
59150
52470
60720
48265
54520
59030
50000
47110
37500
58340
45215
56555
49965
45265
38975
54265
43355
49960
39370
41365
unlearning time:              10.2460s
Save   37
Time Cost:                    278.4799s
Hit Ratio and NDCG for top 20 recommendation!
HR@20:0.7150758955676988 and  NDCG@20:0.3403497364582637
Selected clients in this round:
[0, 1, 2, 3, 4, 5, 6, 7, 8, 9, 10, 11, 12, 13, 14, 15, 16, 17, 18, 19, 20, 21, 22, 23, 24, 25, 26, 27, 28, 29, 30, 31, 32, 33, 34, 35, 36, 37, 38, 39, 40, 41, 42, 43, 44, 45, 46, 47, 48, 49, 50, 51, 52, 53, 54, 55, 56, 57, 58, 59, 60, 61, 62, 63, 64, 65, 66, 67, 68, 69, 70, 71, 72, 73, 74, 75, 76, 77, 78, 79, 80, 81, 82, 83, 84, 85, 86, 87, 88, 89]
--------------Round 38--------------
53145
48130
45950
49200
50970
50355
62005
63095
60800
37145
41585
54115
37400
48390
54835
57275
54420
38120
49300
41575
40110
51300
52420
50925
44950
47215
48175
54130
46805
43410
56880
41720
58230
51075
44885
46430
58155
38825
51090
50460
49370
42415
41595
37300
40055
40980
47400
54785
42965
44010
43410
50735
42175
68510
49285
56555
51535
39720
53800
48860
47895
46330
51355
52745
48945
55790
68485
66810
44415
45910
59150
52470
60720
48265
54520
59030
50000
47110
37500
58340
45215
56555
49965
45265
38975
54265
43355
49960
39370
41365
unlearning time:              10.5679s
Save   38
Time Cost:                    279.0291s
Hit Ratio and NDCG for top 20 recommendation!
HR@20:0.7160139647844566 and  NDCG@20:0.3389124885541741
Selected clients in this round:
[0, 1, 2, 3, 4, 5, 6, 7, 8, 9, 10, 11, 12, 13, 14, 15, 16, 17, 18, 19, 20, 21, 22, 23, 24, 25, 26, 27, 28, 29, 30, 31, 32, 33, 34, 35, 36, 37, 38, 39, 40, 41, 42, 43, 44, 45, 46, 47, 48, 49, 50, 51, 52, 53, 54, 55, 56, 57, 58, 59, 60, 61, 62, 63, 64, 65, 66, 67, 68, 69, 70, 71, 72, 73, 74, 75, 76, 77, 78, 79, 80, 81, 82, 83, 84, 85, 86, 87, 88, 89]
--------------Round 39--------------
53145
48130
45950
49200
50970
50355
62005
63095
60800
37145
41585
54115
37400
48390
54835
57275
54420
38120
49300
41575
40110
51300
52420
50925
44950
47215
48175
54130
46805
43410
56880
41720
58230
51075
44885
46430
58155
38825
51090
50460
49370
42415
41595
37300
40055
40980
47400
54785
42965
44010
43410
50735
42175
68510
49285
56555
51535
39720
53800
48860
47895
46330
51355
52745
48945
55790
68485
66810
44415
45910
59150
52470
60720
48265
54520
59030
50000
47110
37500
58340
45215
56555
49965
45265
38975
54265
43355
49960
39370
41365
unlearning time:              10.7678s
Save   39
Time Cost:                    279.3194s
Hit Ratio and NDCG for top 20 recommendation!
HR@20:0.7174681238615666 and  NDCG@20:0.339277632968468
Selected clients in this round:
[0, 1, 2, 3, 4, 5, 6, 7, 8, 9, 10, 11, 12, 13, 14, 15, 16, 17, 18, 19, 20, 21, 22, 23, 24, 25, 26, 27, 28, 29, 30, 31, 32, 33, 34, 35, 36, 37, 38, 39, 40, 41, 42, 43, 44, 45, 46, 47, 48, 49, 50, 51, 52, 53, 54, 55, 56, 57, 58, 59, 60, 61, 62, 63, 64, 65, 66, 67, 68, 69, 70, 71, 72, 73, 74, 75, 76, 77, 78, 79, 80, 81, 82, 83, 84, 85, 86, 87, 88, 89]
--------------Round 40--------------
53145
48130
45950
49200
50970
50355
62005
63095
60800
37145
41585
54115
37400
48390
54835
57275
54420
38120
49300
41575
40110
51300
52420
50925
44950
47215
48175
54130
46805
43410
56880
41720
58230
51075
44885
46430
58155
38825
51090
50460
49370
42415
41595
37300
40055
40980
47400
54785
42965
44010
43410
50735
42175
68510
49285
56555
51535
39720
53800
48860
47895
46330
51355
52745
48945
55790
68485
66810
44415
45910
59150
52470
60720
48265
54520
59030
50000
47110
37500
58340
45215
56555
49965
45265
38975
54265
43355
49960
39370
41365
unlearning time:              11.0859s
Save   40
Time Cost:                    279.7780s
Hit Ratio and NDCG for top 20 recommendation!
HR@20:0.7178293867638126 and  NDCG@20:0.3400154305024958
Selected clients in this round:
[0, 1, 2, 3, 4, 5, 6, 7, 8, 9, 10, 11, 12, 13, 14, 15, 16, 17, 18, 19, 20, 21, 22, 23, 24, 25, 26, 27, 28, 29, 30, 31, 32, 33, 34, 35, 36, 37, 38, 39, 40, 41, 42, 43, 44, 45, 46, 47, 48, 49, 50, 51, 52, 53, 54, 55, 56, 57, 58, 59, 60, 61, 62, 63, 64, 65, 66, 67, 68, 69, 70, 71, 72, 73, 74, 75, 76, 77, 78, 79, 80, 81, 82, 83, 84, 85, 86, 87, 88, 89]
=================End==================
Total Time Cost:              11336.4292s
[]
  $ /home/u4996812/miniconda3/envs/poison-fru-sok/bin/python3 main.py --task movielens1m_cnum100_dist0_skew0_seed0 --model NCF --algorithm CFRU --atk_method none --mode unlearn --forget_frac 0.0 --num_rounds 40 --topN 20 --S1 8 --proportion 1.0 --alpha 0.5 --seed 0 --num_epochs 5 --batch_size 256 --num_ng 4 --learning_rate 0.01 --server_gpu_id 0
  $ /home/u4996812/miniconda3/envs/poison-fru-sok/bin/python3 main.py --task movielens1m_cnum100_dist0_skew0_seed0 --model NCF --algorithm CFRU --atk_method fedAttack --mode unlearn --forget_frac 1.0 --num_rounds 40 --topN 20 --S1 8 --proportion 1.0 --alpha 0.5 --seed 0 --num_epochs 5 --batch_size 256 --num_ng 4 --learning_rate 0.01 --server_gpu_id 0
  $ /home/u4996812/miniconda3/envs/poison-fru-sok/bin/python3 main.py --task movielens1m_cnum100_dist0_skew0_seed0 --model NCF --algorithm CFRU --atk_method fedAttack --mode retrain --forget_frac 1.0 --num_rounds 40 --topN 20 --S1 8 --proportion 1.0 --alpha 0.5 --seed 0 --num_epochs 5 --batch_size 256 --num_ng 4 --learning_rate 0.01 --server_gpu_id 0
  -> seed=0 frac=1.0: HR clean=0.7759 poison=0.7819 retain=0.7764 unlearn=0.7794  [checkpointed]
done; +1 new rows, 1 total -> /home/u4996812/poison-fru-sok-h100/data/unlearning_gap.csv
